video,rally_id,old_start,old_end,new_start,new_end
0104排島臨打 1,1,151.267,159.9,151.8,159.4
0104排島臨打 1,2,168.267,182.967,168.767,182.433
0104排島臨打 1,3,190.367,204.133,190.867,203.633
0104排島臨打 1,4,212.333,216.633,212.833,216.133
0104排島臨打 1,5,221.733,226.867,222.2,226.367
0104排島臨打 1,6,233.067,257.467,233.567,256.967
0104排島臨打 1,7,268.867,272.967,269.367,272.433
0104排島臨打 1,8,281.4,301.433,281.9,300.933
0104排島臨打 1,9,309.833,329.667,310.3,329.167
0104排島臨打 1,10,340.333,348.3,340.833,347.767
0104排島臨打 1,11,355.833,361.833,356.333,361.333
0104排島臨打 1,12,367.667,372.833,368.167,372.333
0104排島臨打 1,13,378.733,395.3,379.233,394.767
0104排島臨打 1,14,399.867,416.267,400.367,415.733
0104排島臨打 1,15,427.1,438.733,427.6,438.233
0104排島臨打 1,16,445.8,450.4,446.3,449.9
0104排島臨打 1,17,459.067,463.333,459.533,462.833
0104排島臨打 1,18,468.467,480.4,468.967,479.9
0104排島臨打 1,19,485.933,507.833,486.433,507.3
0104排島臨打 1,20,518.0,526.533,518.5,526.033
0104排島臨打 1,21,530.2,540.9,530.7,540.4
0104排島臨打 1,22,549.1,553.667,549.6,553.133
0104排島臨打 1,23,564.067,576.433,564.567,575.9
0104排島臨打 1,24,581.3,585.1,581.8,584.6
0104排島臨打 1,25,592.633,596.933,593.133,596.4
0104排島臨打 1,26,604.833,614.3,605.333,613.8
0104排島臨打 1,27,621.0,628.967,621.5,628.467
0104排島臨打 1,28,639.7,643.9,640.2,643.367
0104排島臨打 1,29,650.9,675.467,651.367,674.967
0104排島臨打 1,30,684.0,717.2,684.5,716.667
0104排島臨打 1,31,723.633,733.133,724.133,732.6
0104排島臨打 1,32,741.067,772.4,741.567,771.867
0104排島臨打 1,33,780.0,796.2,780.467,795.667
0104排島臨打 1,34,805.933,825.9,806.4,825.367
0104排島臨打 1,35,831.667,843.4,832.133,843.4
0104排島臨打 1,36,855.033,870.367,855.5,869.833
0104排島臨打 1,37,874.367,878.867,874.833,878.867
0104排島臨打 1,38,885.9,908.733,886.367,908.2
0104排島臨打 1,39,915.567,920.3,916.033,920.3
0104排島臨打 1,40,927.9,943.067,928.367,942.533
0104排島臨打 2,1,47.6,52.067,48.1,51.567
0104排島臨打 2,2,59.2,71.667,59.7,71.167
0104排島臨打 2,3,77.267,93.867,77.767,93.367
0104排島臨打 2,4,103.767,119.467,104.267,118.967
0104排島臨打 2,5,128.5,148.333,129.0,147.833
0104排島臨打 2,6,157.6,169.567,158.1,169.067
0104排島臨打 2,7,176.633,197.367,177.133,196.867
0104排島臨打 2,8,205.467,257.267,205.967,256.767
0104排島臨打 2,9,264.667,268.9,265.167,268.4
0104排島臨打 2,10,277.0,292.167,277.5,291.667
0104排島臨打 2,11,299.7,307.833,300.2,307.333
0104排島臨打 2,12,313.0,318.067,313.5,317.567
0104排島臨打 2,13,321.4,336.5,321.9,336.0
0104排島臨打 2,14,340.267,344.567,340.767,344.067
0104排島臨打 2,15,352.267,361.067,352.767,360.567
0104排島臨打 2,16,373.367,397.233,373.867,396.733
0104排島臨打 2,17,403.4,428.7,403.9,428.2
0104排島臨打 2,18,435.467,439.833,435.967,439.333
0104排島臨打 2,19,443.9,455.3,444.4,454.8
0104排島臨打 2,20,461.133,492.733,461.633,492.233
0104排島臨打 2,21,497.233,510.167,497.733,509.667
0104排島臨打 2,22,518.467,529.9,518.967,529.4
0104排島臨打 2,23,533.867,546.533,534.367,546.033
0104排島臨打 2,24,553.167,572.133,553.667,571.633
0104排島臨打 2,25,579.467,588.067,579.967,587.567
0104排島臨打 2,26,593.033,601.633,593.533,601.133
0104排島臨打 2,27,610.7,626.6,611.2,626.1
0104排島臨打 2,28,635.933,643.8,636.433,643.3
0104排島臨打 2,29,652.0,683.567,652.5,683.067
0104排島臨打 2,30,694.6,716.567,695.1,716.067
0104排島臨打 2,31,724.267,732.067,724.767,731.567
0104排島臨打 2,32,737.867,742.033,738.367,741.533
0104排島臨打 2,33,749.7,754.6,750.2,754.1
0104排島臨打 2,34,762.633,784.467,763.133,783.967
0104排島臨打 2,35,792.767,805.233,793.267,804.733
0104排島臨打 2,36,819.033,824.6,819.533,824.1
0104排島臨打 2,37,833.7,862.633,834.2,862.133
0104排島臨打 2,38,868.767,877.3,869.267,876.8
0104排島臨打 2,39,883.4,887.567,883.9,887.067
0104排島臨打 3,1,58.6,66.2,59.1,65.7
0104排島臨打 3,2,70.0,110.967,70.5,109.9
0104排島臨打 3,3,121.967,148.5,122.467,147.967
0104排島臨打 3,4,152.633,161.4,153.133,160.9
0104排島臨打 3,5,165.533,177.567,166.033,177.033
0104排島臨打 3,6,184.8,206.0,185.3,205.467
0104排島臨打 3,7,214.367,227.433,214.833,226.9
0104排島臨打 3,8,234.5,242.433,235.0,241.933
0104排島臨打 3,9,252.367,268.9,252.867,268.367
0104排島臨打 3,10,275.867,280.7,276.367,280.167
0104排島臨打 3,11,286.767,314.767,287.233,314.233
0104排島臨打 3,12,326.067,334.367,326.533,333.833
0104排島臨打 3,13,340.667,349.133,341.133,348.6
0104排島臨打 3,14,360.867,386.4,361.367,385.867
0104排島臨打 3,15,397.8,412.7,398.267,412.167
0104排島臨打 3,16,419.6,427.133,420.1,426.6
0104排島臨打 3,17,434.733,476.967,435.233,476.433
0104排島臨打 3,18,484.533,488.767,485.033,488.267
0104排島臨打 3,19,495.0,499.233,495.467,498.7
0104排島臨打 3,20,509.8,528.667,510.267,528.133
0104排島臨打 3,21,541.033,548.667,541.533,548.133
0104排島臨打 3,22,557.7,566.433,558.167,565.9
0104排島臨打 3,23,572.033,579.733,572.533,579.2
0104排島臨打 3,24,588.233,608.2,588.7,607.667
0104排島臨打 3,25,618.6,629.5,619.067,628.967
0104排島臨打 3,26,636.2,648.067,636.7,647.533
0104排島臨打 3,27,654.9,672.6,655.4,672.067
0104排島臨打 3,28,680.8,686.333,681.267,685.8
0104排島臨打 3,29,690.433,698.267,690.933,697.767
0104排島臨打 3,30,702.333,706.5,702.8,705.967
0104排島臨打 3,31,712.967,722.067,713.467,721.567
0104排島臨打 3,32,730.667,747.6,731.167,747.1
0104排島臨打 3,33,753.167,764.733,753.667,764.2
0104排島臨打 3,34,772.3,786.0,772.8,786.3
0104排島臨打 3,35,796.833,801.333,797.3,800.8
0104排島臨打 3,36,813.1,820.3,813.567,819.767
0104排島臨打 3,37,828.467,832.833,828.933,832.333
0104排島臨打 3,38,840.067,848.433,840.567,847.9
0104排島臨打 3,39,857.267,863.967,857.733,863.433
0104排島臨打 3,40,869.467,882.267,869.933,881.733
0104排島臨打 3,41,890.6,895.033,891.067,894.5
0104排島臨打 3,42,903.133,927.667,903.6,927.133
0104排島臨打 3,43,935.933,957.067,936.433,956.533
0104排島臨打 3,44,964.467,976.1,964.933,975.567
0112小窩季打 10,1,4.567,13.567,5.067,13.067
0112小窩季打 10,2,21.367,45.2,21.867,44.7
0112小窩季打 10,3,53.9,68.3,54.4,67.767
0112小窩季打 10,4,79.9,84.167,80.4,83.667
0112小窩季打 10,5,93.7,97.8,94.2,97.3
0112小窩季打 10,6,103.667,113.2,104.167,112.7
0112小窩季打 10,7,119.0,130.767,119.5,130.267
0112小窩季打 10,8,140.4,158.967,140.9,158.467
0112小窩季打 10,9,167.3,184.7,167.8,184.2
0112小窩季打 10,10,190.467,198.367,190.967,197.867
0112小窩季打 10,11,208.867,220.733,209.367,220.233
0112小窩季打 10,12,229.9,253.333,230.4,252.833
0112小窩季打 10,13,263.0,281.467,263.5,280.967
0112小窩季打 10,14,291.333,318.633,291.833,318.133
0112小窩季打 10,15,326.733,334.8,327.233,334.3
0112小窩季打 10,16,346.867,351.067,347.367,350.567
0112小窩季打 10,17,357.8,370.233,358.3,369.733
0112小窩季打 10,18,377.867,383.567,378.367,383.067
0112小窩季打 10,19,389.767,394.0,390.267,393.5
0112小窩季打 10,20,400.8,412.7,401.3,412.2
0112小窩季打 10,21,423.867,430.933,424.367,430.433
0112小窩季打 10,22,443.233,462.033,443.733,461.533
0112小窩季打 10,23,473.767,477.9,474.267,477.4
0112小窩季打 10,24,483.267,491.233,483.767,490.733
0112小窩季打 10,25,494.933,503.433,495.433,502.933
0112小窩季打 10,26,511.567,520.633,512.067,520.133
0112小窩季打 10,27,527.833,535.7,528.333,535.2
0112小窩季打 10,28,546.367,557.567,546.867,557.067
0112小窩季打 10,29,564.233,587.933,564.733,587.433
0112小窩季打 10,30,596.6,607.133,597.1,606.633
0112小窩季打 10,31,621.833,649.833,622.333,649.333
0112小窩季打 10,32,654.7,666.767,655.2,666.267
0112小窩季打 10,33,676.4,683.833,676.9,683.333
0112小窩季打 10,34,693.6,701.367,694.1,700.867
0112小窩季打 10,35,712.1,717.033,712.6,716.533
0112小窩季打 10,36,725.867,736.233,726.367,735.733
0112小窩季打 10,37,744.933,752.733,745.433,752.233
0112小窩季打 10,38,759.233,771.833,759.733,771.333
0112小窩季打 10,39,780.467,791.933,780.967,791.433
0112小窩季打 10,40,803.567,815.267,804.067,814.767
0112小窩季打 10,41,825.267,834.167,825.767,833.667
0112小窩季打 11,1,4.8,12.733,5.3,12.233
0112小窩季打 11,2,21.267,27.367,21.767,26.867
0112小窩季打 11,3,33.267,38.4,33.767,37.9
0112小窩季打 11,4,46.233,57.667,46.733,57.167
0112小窩季打 11,5,62.633,71.233,63.133,70.733
0112小窩季打 11,6,77.833,86.9,78.333,86.4
0112小窩季打 11,7,96.333,104.067,96.833,103.567
0112小窩季打 11,8,117.367,121.867,117.867,121.367
0112小窩季打 11,9,127.567,148.1,128.067,147.6
0112小窩季打 11,10,157.767,169.533,158.267,169.033
0112小窩季打 11,11,178.033,185.633,178.533,185.133
0112小窩季打 11,12,191.333,199.867,191.833,199.367
0112小窩季打 11,13,206.567,217.333,207.067,216.833
0112小窩季打 11,14,223.4,228.433,223.9,227.933
0112小窩季打 11,15,237.867,243.133,238.367,242.633
0112小窩季打 11,16,249.4,258.1,249.9,257.6
0112小窩季打 11,17,262.5,268.433,263.0,267.933
0112小窩季打 11,18,275.133,285.467,275.633,284.967
0112小窩季打 11,19,292.433,301.7,292.933,301.2
0112小窩季打 11,20,310.967,323.033,311.467,322.533
0112小窩季打 11,21,329.6,338.033,330.1,337.533
0112小窩季打 11,22,342.367,356.567,342.867,356.067
0112小窩季打 11,23,366.133,374.4,366.633,373.9
0112小窩季打 11,24,383.667,391.667,384.167,391.167
0112小窩季打 11,25,397.167,412.7,397.667,412.2
0112小窩季打 11,26,425.933,442.067,426.433,441.567
0112小窩季打 11,27,450.633,469.967,451.133,469.467
0112小窩季打 11,28,478.133,482.933,478.633,482.433
0112小窩季打 11,29,490.667,512.467,491.167,511.967
0112小窩季打 11,30,521.033,528.167,521.533,527.667
0112小窩季打 11,31,535.4,544.8,535.9,544.3
0112小窩季打 11,32,555.133,575.1,555.633,574.6
0112小窩季打 11,33,580.767,589.267,581.267,588.767
0112小窩季打 11,34,596.833,617.733,597.333,617.233
0112小窩季打 11,35,626.467,638.033,626.967,637.533
0112小窩季打 11,36,642.767,651.633,643.267,651.133
0112小窩季打 11,37,655.667,675.2,656.167,674.7
0112小窩季打 11,38,687.0,705.5,687.5,705.0
0112小窩季打 11,39,719.233,723.533,719.733,723.033
0112小窩季打 11,40,728.933,733.467,729.433,732.967
0112小窩季打 11,41,738.167,742.6,738.667,742.1
0112小窩季打 11,42,746.7,785.067,747.2,784.567
0112小窩季打 11,43,796.1,809.867,796.6,809.367
0112小窩季打 11,44,821.933,838.133,822.433,837.633
0112小窩季打 11,45,842.6,859.033,843.1,858.533
0112小窩季打 11,46,863.967,876.7,864.467,876.2
0112小窩季打 11,47,885.6,894.567,886.1,894.067
0112小窩季打 11,48,903.267,920.833,903.767,920.333
0112小窩季打 11,49,930.133,964.567,930.633,964.067
0112小窩季打 11,50,975.333,983.833,975.833,983.333
0112小窩季打 1,1,4.867,12.833,5.367,12.333
0112小窩季打 1,2,22.567,46.833,23.067,46.333
0112小窩季打 1,3,56.8,72.8,57.3,72.3
0112小窩季打 1,4,84.6,104.5,85.1,104.0
0112小窩季打 1,5,109.4,125.233,109.9,124.733
0112小窩季打 1,6,138.633,161.267,139.133,160.767
0112小窩季打 1,7,169.267,182.367,169.767,181.867
0112小窩季打 1,8,188.6,204.1,189.1,203.567
0112小窩季打 1,9,213.567,221.933,214.067,221.433
0112小窩季打 1,10,225.6,245.2,226.1,244.7
0112小窩季打 1,11,252.267,271.5,252.767,271.0
0112小窩季打 1,12,278.167,287.033,278.667,286.533
0112小窩季打 1,13,294.333,335.167,294.833,334.667
0112小窩季打 1,14,345.433,357.8,345.933,357.3
0112小窩季打 1,15,362.267,374.633,362.767,374.133
0112小窩季打 1,16,384.133,408.433,384.633,407.933
0112小窩季打 1,17,415.0,424.8,415.5,424.3
0112小窩季打 1,18,435.667,444.3,436.167,443.8
0112小窩季打 1,19,450.367,463.833,450.867,463.333
0112小窩季打 1,20,469.367,489.967,469.867,489.467
0112小窩季打 1,21,495.7,504.3,496.2,503.8
0112小窩季打 1,22,508.867,520.133,509.367,519.633
0112小窩季打 1,23,525.067,537.9,525.567,537.4
0112小窩季打 1,24,542.967,552.233,543.467,551.733
0112小窩季打 1,25,559.533,564.933,560.033,564.433
0112小窩季打 1,26,569.367,575.233,569.867,574.733
0112小窩季打 1,27,582.633,590.667,583.133,590.167
0112小窩季打 1,28,597.767,606.3,598.267,605.8
0112小窩季打 1,29,614.733,624.6,615.233,624.1
0112小窩季打 1,30,633.2,641.567,633.7,641.067
0112小窩季打 1,31,647.667,656.3,648.167,655.8
0112小窩季打 1,32,664.267,672.4,664.767,671.9
0112小窩季打 1,33,678.3,699.5,678.8,699.0
0112小窩季打 1,34,704.567,720.0,705.067,719.5
0112小窩季打 1,35,723.933,731.5,724.433,731.0
0112小窩季打 1,36,738.133,745.767,738.633,745.267
0112小窩季打 1,37,751.333,770.1,751.833,769.6
0112小窩季打 1,38,780.267,808.233,780.767,807.733
0112小窩季打 1,39,818.533,836.433,819.033,835.933
0112小窩季打 1,40,842.033,851.167,842.533,850.667
0112小窩季打 1,41,855.467,861.567,855.967,861.067
0112小窩季打 1,42,865.733,882.967,866.233,882.467
0112小窩季打 1,43,891.433,898.0,891.933,897.5
0112小窩季打 1,44,906.2,911.233,906.7,910.733
0112小窩季打 1,45,916.933,921.167,917.433,920.667
0112小窩季打 6,1,2.133,22.367,2.633,21.867
0112小窩季打 6,2,28.233,45.3,28.733,44.8
0112小窩季打 6,3,56.4,66.367,56.9,65.867
0112小窩季打 6,4,77.5,90.067,78.0,89.567
0112小窩季打 6,5,95.667,100.133,96.167,99.633
0112小窩季打 6,6,109.033,116.333,109.533,115.833
0112小窩季打 6,7,121.567,133.433,122.067,132.933
0112小窩季打 6,8,140.6,145.167,141.1,144.667
0112小窩季打 6,9,151.433,163.8,151.933,163.3
0112小窩季打 6,10,168.733,183.867,169.233,183.367
0112小窩季打 6,11,193.0,222.867,193.5,222.367
0112小窩季打 6,12,232.733,251.033,233.233,250.533
0112小窩季打 6,13,258.8,301.7,259.3,301.2
0112小窩季打 6,14,312.867,327.533,313.367,327.033
0112小窩季打 6,15,333.367,341.7,333.867,341.2
0112小窩季打 6,16,349.833,358.633,350.333,358.133
0112小窩季打 6,17,363.833,375.167,364.333,374.667
0112小窩季打 6,18,388.533,392.933,389.033,392.433
0112小窩季打 6,19,402.2,416.833,402.7,416.333
0112小窩季打 6,20,423.567,429.367,424.067,428.867
0112小窩季打 6,21,435.633,454.567,436.133,454.067
0112小窩季打 6,22,461.433,467.167,461.933,466.667
0112小窩季打 6,23,473.933,490.4,474.433,489.9
0112小窩季打 6,24,496.6,507.2,497.1,506.7
0112小窩季打 6,25,515.833,524.533,516.333,524.033
0112小窩季打 6,26,533.0,553.3,533.5,552.8
0112小窩季打 6,27,560.533,565.033,561.033,564.533
0112小窩季打 6,28,572.367,588.067,572.867,587.567
0112小窩季打 6,29,597.9,607.3,598.4,606.8
0112小窩季打 6,30,614.433,622.4,614.933,621.9
0112小窩季打 6,31,626.033,642.733,626.533,642.233
0112小窩季打 6,32,646.733,654.833,647.233,654.333
0112小窩季打 6,33,662.833,670.5,663.333,670.0
0112小窩季打 6,34,680.8,702.233,681.3,701.733
0112小窩季打 6,35,706.633,714.433,707.133,713.933
0112小窩季打 6,36,718.767,723.2,719.267,722.7
0112小窩季打 6,37,726.0,742.467,726.5,741.967
0112小窩季打 6,38,748.5,764.933,749.0,764.433
0112小窩季打 6,39,778.167,782.067,778.667,781.567
0112小窩季打 6,40,788.7,793.033,789.2,792.533
0112小窩季打 6,41,804.367,833.533,804.867,833.033
0112小窩季打 6,42,855.8,865.033,856.3,864.533
0112小窩季打 6,43,873.6,885.567,874.1,885.067
0225小窩臨打 2,1,129.867,142.0,130.367,141.5
0225小窩臨打 2,2,147.933,151.967,148.433,151.467
0225小窩臨打 2,3,158.167,171.767,158.667,171.267
0225小窩臨打 2,4,176.933,186.567,177.433,186.067
0225小窩臨打 2,5,192.933,199.0,193.433,198.5
0225小窩臨打 2,6,203.0,215.267,203.5,214.767
0225小窩臨打 2,7,219.633,224.033,220.133,223.533
0225小窩臨打 2,8,231.733,248.367,232.233,247.867
0225小窩臨打 2,9,253.733,267.433,254.233,266.933
0225小窩臨打 2,10,273.633,297.767,274.133,297.267
0225小窩臨打 2,11,303.1,311.533,303.633,311.033
0225小窩臨打 2,12,320.333,337.233,320.833,336.733
0225小窩臨打 2,13,346.5,364.233,347.0,363.733
0225小窩臨打 2,14,371.033,386.033,371.533,385.533
0225小窩臨打 2,15,393.4,401.267,393.9,400.767
0225小窩臨打 2,16,407.7,411.9,408.2,411.4
0225小窩臨打 2,17,416.1,426.567,416.6,426.067
0225小窩臨打 2,18,437.367,442.933,437.867,442.433
0225小窩臨打 2,19,450.5,464.667,451.0,464.167
0225小窩臨打 2,20,474.267,490.1,474.767,489.6
0225小窩臨打 2,21,500.1,512.3,500.6,511.8
0225小窩臨打 2,22,525.767,541.267,526.267,540.767
0225小窩臨打 2,23,546.833,551.267,547.333,550.767
0225小窩臨打 2,24,556.733,561.033,557.233,560.533
0225小窩臨打 2,25,567.833,579.033,568.333,578.533
0225小窩臨打 2,26,585.433,589.633,585.933,589.133
0225小窩臨打 2,27,594.4,602.7,594.9,602.2
0225小窩臨打 2,28,610.933,619.9,611.433,619.4
0225小窩臨打 2,29,627.767,640.867,628.267,640.367
0225小窩臨打 2,30,649.433,660.833,649.933,660.333
0225小窩臨打 2,31,668.5,673.0,669.0,672.5
0225小窩臨打 2,32,681.233,693.6,681.733,693.1
0225小窩臨打 2,33,698.933,724.5,699.433,724.0
0225小窩臨打 2,34,727.7,735.967,728.2,735.467
0225小窩臨打 2,35,740.4,748.667,740.9,748.167
0225小窩臨打 2,36,752.2,764.367,752.7,763.867
0225小窩臨打 2,37,773.967,783.933,774.467,783.433
0225小窩臨打 2,38,789.233,797.5,789.733,797.0
0225小窩臨打 2,39,801.633,810.0,802.133,809.5
0225小窩臨打 2,40,819.7,840.967,820.2,840.467
0225小窩臨打 2,41,850.1,854.667,850.6,854.167
0225小窩臨打 2,42,861.5,873.233,862.0,872.733
0225小窩臨打 2,43,879.733,887.667,880.233,887.167
0225小窩臨打 2,44,896.733,915.167,897.233,914.667
0225小窩臨打 2,45,922.767,936.2,923.267,935.7
0225小窩臨打 2,46,939.6,950.167,940.1,949.667
0225小窩臨打 2,47,955.867,961.533,956.367,961.033
0225小窩臨打 2,48,970.333,980.2,970.833,979.7
0225小窩臨打 2,49,986.467,1011.2,986.967,1010.7
0225小窩臨打 3,1,68.937,91.89,69.47,91.39
0225小窩臨打 3,2,101.069,109.441,101.603,108.975
0225小窩臨打 3,3,117.285,124.256,117.785,123.789
0225小窩臨打 3,4,128.33,132.431,128.83,131.931
0225小窩臨打 3,5,144.346,157.856,144.846,157.356
0225小窩臨打 3,6,162.764,171.27,163.264,170.77
0225小窩臨打 3,7,179.347,195.26,179.847,194.76
0225小窩臨打 3,8,205.874,213.679,206.374,213.179
0225小窩臨打 3,9,220.288,224.856,220.788,224.356
0225小窩臨打 3,10,229.764,234.099,230.264,233.599
0225小窩臨打 3,11,239.341,244.176,239.841,243.676
0225小窩臨打 3,12,249.918,265.13,250.418,264.63
0225小窩臨打 3,13,270.305,279.711,270.805,279.211
0225小窩臨打 3,14,292.894,305.737,293.394,305.237
0225小窩臨打 3,15,314.549,332.864,315.049,332.364
0225小窩臨打 3,16,338.406,382.147,338.906,381.647
0225小窩臨打 3,17,393.928,398.296,394.428,397.796
0225小窩臨打 3,18,405.807,409.875,406.307,409.375
0225小窩臨打 3,19,415.25,419.818,415.75,419.318
0225小窩臨打 3,20,428.029,442.14,428.529,441.64
0225小窩臨打 3,21,453.321,471.937,453.821,471.437
0225小窩臨打 3,22,481.483,485.517,481.983,485.017
0225小窩臨打 3,23,492.293,504.603,492.793,504.103
0225小窩臨打 3,24,510.178,519.184,510.678,518.684
0225小窩臨打 3,25,524.692,532.931,525.192,532.431
0225小窩臨打 3,26,544.178,549.147,544.678,548.647
0225小窩臨打 3,27,552.353,561.66,552.853,561.16
0225小窩臨打 3,28,567.502,581.079,568.002,580.579
0225小窩臨打 3,29,587.589,594.759,588.089,594.259
0225小窩臨打 3,30,600.101,604.202,600.601,603.702
0225小窩臨打 3,31,610.945,619.484,611.445,618.984
0225小窩臨打 3,32,623.825,634.199,624.325,633.699
0225小窩臨打 3,33,640.608,648.513,641.108,648.013
0225小窩臨打 3,34,654.288,666.064,654.788,665.564
0225小窩臨打 3,35,676.844,685.316,677.344,684.816
0225小窩臨打 3,36,692.66,696.895,693.16,696.395
0225小窩臨打 3,37,703.905,711.609,704.405,711.109
0225小窩臨打 3,38,726.194,729.961,726.694,729.461
0225小窩臨打 3,39,738.84,757.856,739.34,757.356
0225小窩臨打 3,40,767.769,788.119,768.269,787.619
0225小窩臨打 3,41,800.301,804.736,800.801,804.236
0225小窩臨打 3,42,812.68,821.953,813.18,821.453
0225小窩臨打 3,43,829.897,835.366,830.397,834.866
0225小窩臨打 3,44,840.174,848.346,840.674,847.846
0225小窩臨打 3,45,853.554,865.53,854.054,865.03
0225小窩臨打 3,46,873.741,880.912,874.241,880.412
0225小窩臨打 3,47,887.255,892.957,887.755,892.457
0225小窩臨打 4,1,82.484,94.259,82.984,93.759
0225小窩臨打 4,2,104.573,124.189,105.073,123.689
0225小窩臨打 4,3,134.102,143.809,134.602,143.309
0225小窩臨打 4,4,150.252,164.763,150.752,164.263
0225小窩臨打 4,5,173.275,177.843,173.775,177.343
0225小窩臨打 4,6,183.685,196.562,184.185,196.062
0225小窩臨打 4,7,204.139,210.309,204.639,209.809
0225小窩臨打 4,8,217.719,226.291,218.219,225.791
0225小窩臨打 4,9,232.133,252.117,232.633,251.617
0225小窩臨打 4,10,258.56,267.566,259.06,267.066
0225小窩臨打 4,11,278.88,291.356,279.38,290.856
0225小窩臨打 4,12,297.866,319.651,298.366,319.151
0225小窩臨打 4,13,326.761,351.216,327.261,350.716
0225小窩臨打 4,14,362.597,383.115,363.097,382.615
0225小窩臨打 4,15,390.258,418.016,390.758,417.516
0225小窩臨打 4,16,428.163,438.603,428.663,438.103
0225小窩臨打 4,17,444.879,453.552,445.379,453.052
0225小窩臨打 4,18,459.994,464.596,460.494,464.096
0225小窩臨打 4,19,470.839,480.946,471.339,480.446
0225小窩臨打 4,20,490.124,494.693,490.624,494.193
0225小窩臨打 4,21,499.467,505.103,499.967,504.603
0225小窩臨打 4,22,511.412,535.8,511.912,535.3
0225小窩臨打 4,23,548.917,561.66,549.417,561.16
0225小窩臨打 4,24,566.968,579.177,567.468,578.677
0225小窩臨打 4,25,588.323,596.895,588.823,596.395
0225小窩臨打 4,26,600.735,609.24,601.235,608.74
0225小窩臨打 4,27,633.601,646.978,634.135,646.478
0225小窩臨打 4,28,656.924,664.729,657.424,664.229
0225小窩臨打 4,29,674.042,682.213,674.542,681.713
0225小窩臨打 4,30,686.12,690.422,686.62,689.922
0225小窩臨打 4,31,696.464,704.969,696.964,704.469
0225小窩臨打 4,32,708.242,716.014,708.742,715.514
0225小窩臨打 4,33,720.488,725.39,720.988,724.89
0225小窩臨打 4,34,731.933,762.327,732.433,761.827
0225小窩臨打 4,35,767.869,776.975,768.369,776.475
0225小窩臨打 4,36,785.119,797.862,785.619,797.362
0225小窩臨打 4,37,802.27,811.109,802.77,810.609
0225小窩臨打 4,38,818.519,842.173,819.019,841.673
0225小窩臨打 4,39,856.857,874.172,857.357,873.672
0225小窩臨打 4,40,881.282,908.606,881.782,908.106
0225小窩臨打 4,41,918.986,924.689,919.486,924.189
0225小窩臨打 4,42,932.066,939.57,932.566,939.07
0225小窩臨打 4,43,948.149,956.22,948.649,955.72
0316 小窩季打 11,1,5.133,13.267,5.633,12.767
0316 小窩季打 11,2,18.633,34.1,19.133,33.6
0316 小窩季打 11,3,58.133,66.333,58.633,65.833
0316 小窩季打 11,4,77.767,113.5,78.267,113.0
0316 小窩季打 11,5,127.333,166.3,127.833,165.8
0316 小窩季打 11,6,178.033,182.467,178.533,181.967
0316 小窩季打 11,7,189.867,200.8,190.367,200.3
0316 小窩季打 11,8,208.367,216.5,208.867,216.0
0316 小窩季打 11,9,219.933,239.6,220.433,239.1
0316 小窩季打 11,10,245.7,267.433,246.2,266.933
0316 小窩季打 11,11,278.2,294.533,278.7,294.033
0316 小窩季打 11,12,301.8,309.5,302.3,309.0
0316 小窩季打 11,13,314.2,365.033,314.7,364.533
0316 小窩季打 11,14,372.0,386.567,372.5,386.067
0316 小窩季打 11,15,394.8,403.467,395.3,402.967
0316 小窩季打 11,16,410.933,418.833,411.433,418.333
0316 小窩季打 11,17,427.967,463.667,428.467,463.167
0316 小窩季打 11,18,472.0,478.767,472.5,478.267
0316 小窩季打 11,19,481.533,486.467,482.033,485.967
0316 小窩季打 11,20,490.833,507.333,491.333,506.833
0316 小窩季打 11,21,520.167,525.6,520.667,525.1
0316 小窩季打 11,22,536.667,548.3,537.167,547.8
0316 小窩季打 11,23,561.167,565.3,561.667,564.8
0316 小窩季打 11,24,571.733,602.767,572.233,602.267
0316 小窩季打 11,25,609.667,618.333,610.167,617.833
0316 小窩季打 11,26,625.067,633.4,625.567,632.9
0316小窩季打 3,1,7.933,13.533,8.433,13.033
0316小窩季打 3,2,21.633,49.967,22.133,49.467
0316小窩季打 3,3,55.533,63.667,56.033,63.167
0316小窩季打 3,4,68.2,76.1,68.7,75.6
0316小窩季打 3,5,82.833,95.067,83.333,94.567
0316小窩季打 3,6,102.833,133.133,103.333,132.633
0316小窩季打 3,7,142.3,154.233,142.8,153.733
0316小窩季打 3,8,160.733,170.067,161.233,169.567
0316小窩季打 3,9,182.5,187.967,183.0,187.467
0316小窩季打 3,10,195.567,207.567,196.067,207.067
0316小窩季打 3,11,219.767,224.233,220.267,223.733
0316小窩季打 3,12,231.933,240.133,232.433,239.633
0316小窩季打 3,13,248.033,253.767,248.533,253.267
0316小窩季打 3,14,257.333,278.233,257.833,277.733
0316小窩季打 3,15,283.533,293.767,284.033,293.267
0316小窩季打 3,16,300.833,316.333,301.333,315.833
0316小窩季打 3,17,328.733,356.3,329.233,355.8
0316小窩季打 3,18,362.067,381.867,362.567,381.367
0316小窩季打 3,19,385.9,394.3,386.4,393.8
0316小窩季打 3,20,397.9,410.733,398.4,410.233
0316小窩季打 3,21,415.8,428.067,416.3,427.567
0316小窩季打 3,22,438.0,443.4,438.5,442.9
0316小窩季打 3,23,449.367,465.367,449.867,464.867
0316小窩季打 3,24,470.767,482.433,471.267,481.933
0316小窩季打 3,25,488.133,513.933,488.633,513.433
0316小窩季打 3,26,521.967,530.367,522.467,529.867
0316小窩季打 3,27,539.533,559.0,540.033,558.5
0316小窩季打 3,28,566.833,576.333,567.333,575.833
0316小窩季打 3,29,586.333,593.767,586.833,593.267
0316小窩季打 3,30,603.767,608.067,604.267,607.567
0316小窩季打 3,31,614.767,627.8,615.267,627.3
0316小窩季打 3,32,637.367,645.667,637.867,645.167
0316小窩季打 3,33,652.8,660.733,653.3,660.233
0316小窩季打 3,34,664.633,672.467,665.133,671.967
0316小窩季打 3,35,677.233,685.133,677.733,684.633
0316小窩季打 3,36,698.0,717.833,698.5,717.333
0316小窩季打 3,37,725.867,734.267,726.367,733.767
0316小窩季打 3,38,738.433,767.2,738.933,766.7
0316小窩季打 3,39,775.967,787.0,776.467,786.5
0316小窩季打 3,40,792.267,801.6,792.767,801.1
0316小窩季打 3,41,807.3,811.2,807.8,810.7
0316小窩季打 3,42,814.3,829.733,814.8,829.233
0316小窩季打 3,43,836.767,841.967,837.267,841.467
0316小窩季打 3,44,848.2,865.833,848.7,865.333
0316小窩季打 3,45,873.2,881.5,873.7,881.0
0323小窩臨打 2,1,104.6,120.233,105.1,119.733
0323小窩臨打 2,2,131.333,140.567,131.833,140.067
0323小窩臨打 2,3,148.833,156.533,149.333,156.033
0323小窩臨打 2,4,166.333,194.467,166.833,193.967
0323小窩臨打 2,5,201.0,223.7,201.5,223.2
0323小窩臨打 2,6,232.267,246.533,232.767,246.033
0323小窩臨打 2,7,257.333,261.433,257.833,260.933
0323小窩臨打 2,8,269.267,278.933,269.767,278.433
0323小窩臨打 2,9,287.767,292.233,288.267,291.733
0323小窩臨打 2,10,299.367,308.667,299.867,308.167
0323小窩臨打 2,11,321.167,331.9,321.667,331.4
0323小窩臨打 2,12,338.433,343.067,338.933,342.567
0323小窩臨打 2,13,345.733,351.1,346.233,350.6
0323小窩臨打 2,14,354.667,359.167,355.167,358.667
0323小窩臨打 2,15,366.8,374.733,367.3,374.233
0323小窩臨打 2,16,379.833,384.0,380.333,383.5
0323小窩臨打 2,17,392.7,400.9,393.2,400.4
0323小窩臨打 2,18,407.767,423.467,408.267,422.967
0323小窩臨打 2,19,430.6,435.333,431.1,434.833
0323小窩臨打 2,20,440.667,445.0,441.167,444.5
0323小窩臨打 2,21,453.133,465.867,453.633,465.367
0323小窩臨打 2,22,475.867,488.833,476.367,488.333
0323小窩臨打 2,23,494.3,502.467,494.8,501.967
0323小窩臨打 2,24,508.867,516.6,509.367,516.1
0323小窩臨打 2,25,525.5,539.067,526.0,538.567
0323小窩臨打 2,26,549.133,557.433,549.633,556.933
0323小窩臨打 2,27,567.5,571.867,568.0,571.367
0323小窩臨打 2,28,579.067,583.333,579.567,582.833
0323小窩臨打 2,29,591.767,603.733,592.267,603.233
0323小窩臨打 2,30,608.9,617.067,609.4,616.567
0323小窩臨打 2,31,622.8,630.7,623.3,630.2
0323小窩臨打 2,32,639.5,658.967,640.0,658.467
0323小窩臨打 2,33,664.833,679.933,665.333,679.433
0323小窩臨打 2,34,691.5,697.6,692.0,697.1
0323小窩臨打 2,35,704.2,716.4,704.7,715.9
0323小窩臨打 2,36,725.0,733.033,725.5,732.533
0323小窩臨打 2,37,740.9,749.2,741.4,748.7
0323小窩臨打 2,38,756.6,767.667,757.1,765.8
0323小窩臨打 2,39,775.733,780.0,776.233,779.5
0323小窩臨打 2,40,788.333,799.667,788.833,799.167
0323小窩臨打 2,41,809.3,837.267,809.8,836.767
0323小窩臨打 2,42,849.933,861.7,850.433,861.2
0323小窩臨打 2,43,876.7,880.933,877.2,880.433
0323小窩臨打 3,1,31.433,56.033,31.933,55.533
0323小窩臨打 3,2,67.2,71.7,67.7,71.2
0323小窩臨打 3,3,81.267,92.467,81.767,91.967
0323小窩臨打 3,4,98.267,116.733,98.767,116.233
0323小窩臨打 3,5,120.633,126.7,121.133,126.2
0323小窩臨打 3,6,133.7,141.267,134.167,140.767
0323小窩臨打 3,7,149.133,162.933,149.633,162.433
0323小窩臨打 3,8,169.533,173.9,170.033,173.4
0323小窩臨打 3,9,179.9,192.1,180.4,191.6
0323小窩臨打 3,10,198.967,214.867,199.467,214.367
0323小窩臨打 3,11,219.567,240.433,220.067,239.933
0323小窩臨打 3,12,252.667,261.5,253.167,261.0
0323小窩臨打 3,13,266.567,277.5,267.067,277.0
0323小窩臨打 3,14,285.733,315.0,286.233,314.5
0323小窩臨打 3,15,323.267,327.933,323.767,327.433
0323小窩臨打 3,16,334.567,347.533,335.067,347.033
0323小窩臨打 3,17,357.067,368.833,357.567,368.333
0323小窩臨打 3,18,374.667,379.267,375.167,378.767
0323小窩臨打 3,19,387.033,398.0,387.533,397.167
0323小窩臨打 3,20,406.067,410.233,406.533,409.733
0323小窩臨打 3,21,417.633,428.833,418.133,428.333
0323小窩臨打 3,22,438.033,442.567,438.533,442.067
0323小窩臨打 3,23,447.467,456.433,447.967,455.933
0323小窩臨打 3,24,468.533,478.067,469.033,477.567
0323小窩臨打 3,25,487.133,496.933,487.633,496.433
0323小窩臨打 3,26,510.233,514.467,510.733,513.933
0323小窩臨打 3,27,521.5,529.733,522.0,529.233
0323小窩臨打 3,28,538.0,558.167,538.467,557.667
0323小窩臨打 3,29,563.233,571.833,563.733,571.333
0323小窩臨打 3,30,579.733,584.067,580.233,583.567
0323小窩臨打 3,31,590.167,599.267,590.667,598.767
0323小窩臨打 3,32,605.867,614.6,606.367,614.1
0323小窩臨打 3,33,622.367,630.4,622.867,629.8
0323小窩臨打 3,34,638.967,646.7,639.467,646.2
0323小窩臨打 3,35,657.133,681.733,657.633,681.233
0323小窩臨打 3,36,689.967,698.6,690.467,698.1
0323小窩臨打 3,37,707.633,718.2,708.133,717.7
0323小窩臨打 3,38,727.233,731.633,727.733,731.133
0323小窩臨打 3,39,736.333,764.533,736.833,764.033
0323小窩臨打 3,40,775.467,779.8,775.967,779.3
0323小窩臨打 3,41,787.3,807.767,787.8,806.967
0323小窩臨打 3,42,815.833,860.333,816.333,858.967
0323小窩臨打 3,43,869.933,880.633,870.433,880.133
0323小窩臨打 3,44,886.5,908.867,887.0,908.367
0323小窩臨打 3,45,916.133,924.333,916.633,923.533
03⧸14(六) 14_00｜例行賽G103 #雲林美津濃 vs. #桃園臺灣產險｜企業21年甲級男女排球聯賽_set1,1,1.417,8.867,1.917,8.367
03⧸14(六) 14_00｜例行賽G103 #雲林美津濃 vs. #桃園臺灣產險｜企業21年甲級男女排球聯賽_set1,2,28.283,36.067,28.767,35.567
03⧸14(六) 14_00｜例行賽G103 #雲林美津濃 vs. #桃園臺灣產險｜企業21年甲級男女排球聯賽_set1,3,54.817,62.2,55.317,61.7
03⧸14(六) 14_00｜例行賽G103 #雲林美津濃 vs. #桃園臺灣產險｜企業21年甲級男女排球聯賽_set1,4,83.183,89.85,83.683,89.367
03⧸14(六) 14_00｜例行賽G103 #雲林美津濃 vs. #桃園臺灣產險｜企業21年甲級男女排球聯賽_set1,5,107.967,117.933,108.45,117.433
03⧸14(六) 14_00｜例行賽G103 #雲林美津濃 vs. #桃園臺灣產險｜企業21年甲級男女排球聯賽_set1,6,139.717,150.167,140.217,149.667
03⧸14(六) 14_00｜例行賽G103 #雲林美津濃 vs. #桃園臺灣產險｜企業21年甲級男女排球聯賽_set1,7,168.267,179.583,168.767,179.083
03⧸14(六) 14_00｜例行賽G103 #雲林美津濃 vs. #桃園臺灣產險｜企業21年甲級男女排球聯賽_set1,8,204.767,208.617,205.267,208.117
03⧸14(六) 14_00｜例行賽G103 #雲林美津濃 vs. #桃園臺灣產險｜企業21年甲級男女排球聯賽_set1,9,226.767,235.117,227.267,234.617
03⧸14(六) 14_00｜例行賽G103 #雲林美津濃 vs. #桃園臺灣產險｜企業21年甲級男女排球聯賽_set1,10,253.917,257.767,254.417,257.267
03⧸14(六) 14_00｜例行賽G103 #雲林美津濃 vs. #桃園臺灣產險｜企業21年甲級男女排球聯賽_set1,11,271.883,279.433,272.383,278.933
03⧸14(六) 14_00｜例行賽G103 #雲林美津濃 vs. #桃園臺灣產險｜企業21年甲級男女排球聯賽_set1,12,293.933,302.483,294.433,302.133
03⧸14(六) 14_00｜例行賽G103 #雲林美津濃 vs. #桃園臺灣產險｜企業21年甲級男女排球聯賽_set1,13,318.767,339.85,319.267,339.35
03⧸14(六) 14_00｜例行賽G103 #雲林美津濃 vs. #桃園臺灣產險｜企業21年甲級男女排球聯賽_set1,14,356.65,362.95,357.15,362.45
03⧸14(六) 14_00｜例行賽G103 #雲林美津濃 vs. #桃園臺灣產險｜企業21年甲級男女排球聯賽_set1,15,378.5,390.067,379.0,389.567
03⧸14(六) 14_00｜例行賽G103 #雲林美津濃 vs. #桃園臺灣產險｜企業21年甲級男女排球聯賽_set1,16,409.317,413.7,409.8,413.2
03⧸14(六) 14_00｜例行賽G103 #雲林美津濃 vs. #桃園臺灣產險｜企業21年甲級男女排球聯賽_set1,17,434.833,443.2,435.333,442.7
03⧸14(六) 14_00｜例行賽G103 #雲林美津濃 vs. #桃園臺灣產險｜企業21年甲級男女排球聯賽_set1,18,464.867,475.133,465.367,474.633
03⧸14(六) 14_00｜例行賽G103 #雲林美津濃 vs. #桃園臺灣產險｜企業21年甲級男女排球聯賽_set1,19,497.6,504.4,498.1,503.9
03⧸14(六) 14_00｜例行賽G103 #雲林美津濃 vs. #桃園臺灣產險｜企業21年甲級男女排球聯賽_set1,20,577.433,585.517,577.933,585.017
03⧸14(六) 14_00｜例行賽G103 #雲林美津濃 vs. #桃園臺灣產險｜企業21年甲級男女排球聯賽_set1,21,606.267,614.683,606.767,614.183
03⧸14(六) 14_00｜例行賽G103 #雲林美津濃 vs. #桃園臺灣產險｜企業21年甲級男女排球聯賽_set1,22,633.1,640.117,633.6,639.617
03⧸14(六) 14_00｜例行賽G103 #雲林美津濃 vs. #桃園臺灣產險｜企業21年甲級男女排球聯賽_set1,23,662.0,670.05,662.5,669.55
03⧸14(六) 14_00｜例行賽G103 #雲林美津濃 vs. #桃園臺灣產險｜企業21年甲級男女排球聯賽_set1,24,692.5,697.8,693.0,697.283
03⧸14(六) 14_00｜例行賽G103 #雲林美津濃 vs. #桃園臺灣產險｜企業21年甲級男女排球聯賽_set1,25,737.367,744.717,737.85,744.217
03⧸14(六) 14_00｜例行賽G103 #雲林美津濃 vs. #桃園臺灣產險｜企業21年甲級男女排球聯賽_set1,26,763.85,774.75,764.35,774.25
03⧸14(六) 14_00｜例行賽G103 #雲林美津濃 vs. #桃園臺灣產險｜企業21年甲級男女排球聯賽_set1,27,795.033,802.65,795.533,802.15
03⧸14(六) 14_00｜例行賽G103 #雲林美津濃 vs. #桃園臺灣產險｜企業21年甲級男女排球聯賽_set1,28,821.183,828.167,821.667,827.65
03⧸14(六) 14_00｜例行賽G103 #雲林美津濃 vs. #桃園臺灣產險｜企業21年甲級男女排球聯賽_set1,29,912.933,920.05,913.433,919.55
03⧸14(六) 14_00｜例行賽G103 #雲林美津濃 vs. #桃園臺灣產險｜企業21年甲級男女排球聯賽_set1,30,941.15,951.917,941.65,951.417
03⧸14(六) 14_00｜例行賽G103 #雲林美津濃 vs. #桃園臺灣產險｜企業21年甲級男女排球聯賽_set1,31,972.867,976.85,973.367,976.35
03⧸14(六) 14_00｜例行賽G103 #雲林美津濃 vs. #桃園臺灣產險｜企業21年甲級男女排球聯賽_set1,32,997.267,1003.767,997.767,1003.267
03⧸14(六) 14_00｜例行賽G103 #雲林美津濃 vs. #桃園臺灣產險｜企業21年甲級男女排球聯賽_set1,33,1019.467,1030.367,1019.967,1029.883
03⧸14(六) 14_00｜例行賽G103 #雲林美津濃 vs. #桃園臺灣產險｜企業21年甲級男女排球聯賽_set1,34,1047.8,1055.933,1048.283,1055.433
03⧸14(六) 14_00｜例行賽G103 #雲林美津濃 vs. #桃園臺灣產險｜企業21年甲級男女排球聯賽_set1,35,1074.633,1078.8,1075.133,1078.3
03⧸14(六) 14_00｜例行賽G103 #雲林美津濃 vs. #桃園臺灣產險｜企業21年甲級男女排球聯賽_set1,36,1105.05,1115.717,1105.55,1115.217
03⧸14(六) 14_00｜例行賽G103 #雲林美津濃 vs. #桃園臺灣產險｜企業21年甲級男女排球聯賽_set1,37,1132.2,1138.95,1132.7,1138.45
03⧸14(六) 14_00｜例行賽G103 #雲林美津濃 vs. #桃園臺灣產險｜企業21年甲級男女排球聯賽_set1,38,1159.117,1163.233,1159.617,1162.717
03⧸14(六) 14_00｜例行賽G103 #雲林美津濃 vs. #桃園臺灣產險｜企業21年甲級男女排球聯賽_set1,39,1182.25,1186.05,1182.75,1185.55
03⧸14(六) 14_00｜例行賽G103 #雲林美津濃 vs. #桃園臺灣產險｜企業21年甲級男女排球聯賽_set1,40,1201.667,1208.967,1202.167,1208.467
03⧸14(六) 14_00｜例行賽G103 #雲林美津濃 vs. #桃園臺灣產險｜企業21年甲級男女排球聯賽_set1,41,1232.083,1251.833,1232.583,1251.333
03⧸14(六) 14_00｜例行賽G103 #雲林美津濃 vs. #桃園臺灣產險｜企業21年甲級男女排球聯賽_set1,42,1284.15,1296.3,1284.633,1295.8
03⧸14(六) 14_00｜例行賽G103 #雲林美津濃 vs. #桃園臺灣產險｜企業21年甲級男女排球聯賽_set1,43,1374.617,1378.817,1375.117,1378.317
03⧸14(六) 14_00｜例行賽G103 #雲林美津濃 vs. #桃園臺灣產險｜企業21年甲級男女排球聯賽_set1,44,1397.25,1403.867,1397.75,1403.367
03⧸14(六) 14_00｜例行賽G103 #雲林美津濃 vs. #桃園臺灣產險｜企業21年甲級男女排球聯賽_set1,45,1422.817,1429.267,1423.317,1428.767
03⧸14(六) 14_00｜例行賽G103 #雲林美津濃 vs. #桃園臺灣產險｜企業21年甲級男女排球聯賽_set1,46,1444.8,1457.0,1445.3,1456.5
03⧸14(六) 14_00｜例行賽G103 #雲林美津濃 vs. #桃園臺灣產險｜企業21年甲級男女排球聯賽_set1,47,1512.833,1516.633,1513.333,1516.133
03⧸14(六) 14_00｜例行賽G103 #雲林美津濃 vs. #桃園臺灣產險｜企業21年甲級男女排球聯賽_set2,1,-0.483,6.467,0.017,5.967
03⧸14(六) 14_00｜例行賽G103 #雲林美津濃 vs. #桃園臺灣產險｜企業21年甲級男女排球聯賽_set2,2,27.55,37.783,28.05,37.283
03⧸14(六) 14_00｜例行賽G103 #雲林美津濃 vs. #桃園臺灣產險｜企業21年甲級男女排球聯賽_set2,3,61.467,69.05,61.967,68.533
03⧸14(六) 14_00｜例行賽G103 #雲林美津濃 vs. #桃園臺灣產險｜企業21年甲級男女排球聯賽_set2,4,87.483,111.317,87.967,110.8
03⧸14(六) 14_00｜例行賽G103 #雲林美津濃 vs. #桃園臺灣產險｜企業21年甲級男女排球聯賽_set2,5,130.633,134.533,131.133,134.033
03⧸14(六) 14_00｜例行賽G103 #雲林美津濃 vs. #桃園臺灣產險｜企業21年甲級男女排球聯賽_set2,6,157.583,167.433,158.083,166.933
03⧸14(六) 14_00｜例行賽G103 #雲林美津濃 vs. #桃園臺灣產險｜企業21年甲級男女排球聯賽_set2,7,181.183,188.45,181.683,187.95
03⧸14(六) 14_00｜例行賽G103 #雲林美津濃 vs. #桃園臺灣產險｜企業21年甲級男女排球聯賽_set2,8,213.283,217.317,213.783,216.817
03⧸14(六) 14_00｜例行賽G103 #雲林美津濃 vs. #桃園臺灣產險｜企業21年甲級男女排球聯賽_set2,9,235.633,239.517,236.117,239.017
03⧸14(六) 14_00｜例行賽G103 #雲林美津濃 vs. #桃園臺灣產險｜企業21年甲級男女排球聯賽_set2,10,257.133,264.25,257.617,263.733
03⧸14(六) 14_00｜例行賽G103 #雲林美津濃 vs. #桃園臺灣產險｜企業21年甲級男女排球聯賽_set2,11,280.05,290.95,280.55,290.45
03⧸14(六) 14_00｜例行賽G103 #雲林美津濃 vs. #桃園臺灣產險｜企業21年甲級男女排球聯賽_set2,12,307.8,326.067,308.283,325.567
03⧸14(六) 14_00｜例行賽G103 #雲林美津濃 vs. #桃園臺灣產險｜企業21年甲級男女排球聯賽_set2,13,344.083,351.817,344.583,351.317
03⧸14(六) 14_00｜例行賽G103 #雲林美津濃 vs. #桃園臺灣產險｜企業21年甲級男女排球聯賽_set2,14,367.933,375.267,368.433,374.75
03⧸14(六) 14_00｜例行賽G103 #雲林美津濃 vs. #桃園臺灣產險｜企業21年甲級男女排球聯賽_set2,15,391.933,399.217,392.433,398.717
03⧸14(六) 14_00｜例行賽G103 #雲林美津濃 vs. #桃園臺灣產險｜企業21年甲級男女排球聯賽_set2,16,420.117,424.533,420.617,424.033
03⧸14(六) 14_00｜例行賽G103 #雲林美津濃 vs. #桃園臺灣產險｜企業21年甲級男女排球聯賽_set2,17,444.583,451.333,445.083,450.817
03⧸14(六) 14_00｜例行賽G103 #雲林美津濃 vs. #桃園臺灣產險｜企業21年甲級男女排球聯賽_set2,18,470.65,477.167,471.15,476.667
03⧸14(六) 14_00｜例行賽G103 #雲林美津濃 vs. #桃園臺灣產險｜企業21年甲級男女排球聯賽_set2,19,549.633,557.183,550.117,556.667
03⧸14(六) 14_00｜例行賽G103 #雲林美津濃 vs. #桃園臺灣產險｜企業21年甲級男女排球聯賽_set2,20,576.733,583.5,577.233,583.0
03⧸14(六) 14_00｜例行賽G103 #雲林美津濃 vs. #桃園臺灣產險｜企業21年甲級男女排球聯賽_set2,21,604.55,612.15,605.033,611.633
03⧸14(六) 14_00｜例行賽G103 #雲林美津濃 vs. #桃園臺灣產險｜企業21年甲級男女排球聯賽_set2,22,629.033,637.033,629.517,636.533
03⧸14(六) 14_00｜例行賽G103 #雲林美津濃 vs. #桃園臺灣產險｜企業21年甲級男女排球聯賽_set2,23,657.717,664.667,658.217,664.15
03⧸14(六) 14_00｜例行賽G103 #雲林美津濃 vs. #桃園臺灣產險｜企業21年甲級男女排球聯賽_set2,24,741.567,749.1,742.117,748.6
03⧸14(六) 14_00｜例行賽G103 #雲林美津濃 vs. #桃園臺灣產險｜企業21年甲級男女排球聯賽_set2,25,768.133,774.233,768.617,773.733
03⧸14(六) 14_00｜例行賽G103 #雲林美津濃 vs. #桃園臺灣產險｜企業21年甲級男女排球聯賽_set2,26,793.217,801.617,793.7,801.117
03⧸14(六) 14_00｜例行賽G103 #雲林美津濃 vs. #桃園臺灣產險｜企業21年甲級男女排球聯賽_set2,27,864.15,871.0,864.633,870.5
03⧸14(六) 14_00｜例行賽G103 #雲林美津濃 vs. #桃園臺灣產險｜企業21年甲級男女排球聯賽_set2,28,893.567,904.717,894.067,904.217
03⧸14(六) 14_00｜例行賽G103 #雲林美津濃 vs. #桃園臺灣產險｜企業21年甲級男女排球聯賽_set2,29,925.917,933.4,926.4,932.9
03⧸14(六) 14_00｜例行賽G103 #雲林美津濃 vs. #桃園臺灣產險｜企業21年甲級男女排球聯賽_set2,30,952.617,962.933,953.1,962.433
03⧸14(六) 14_00｜例行賽G103 #雲林美津濃 vs. #桃園臺灣產險｜企業21年甲級男女排球聯賽_set2,31,1025.033,1036.05,1025.517,1035.55
03⧸14(六) 14_00｜例行賽G103 #雲林美津濃 vs. #桃園臺灣產險｜企業21年甲級男女排球聯賽_set2,32,1232.067,1239.367,1232.55,1238.867
03⧸14(六) 14_00｜例行賽G103 #雲林美津濃 vs. #桃園臺灣產險｜企業21年甲級男女排球聯賽_set2,33,1259.6,1267.483,1260.1,1266.967
03⧸14(六) 14_00｜例行賽G103 #雲林美津濃 vs. #桃園臺灣產險｜企業21年甲級男女排球聯賽_set2,34,1289.567,1296.683,1290.067,1296.183
03⧸14(六) 14_00｜例行賽G103 #雲林美津濃 vs. #桃園臺灣產險｜企業21年甲級男女排球聯賽_set2,35,1371.567,1378.833,1372.05,1378.333
03⧸14(六) 14_00｜例行賽G103 #雲林美津濃 vs. #桃園臺灣產險｜企業21年甲級男女排球聯賽_set2,36,1401.267,1409.533,1401.75,1409.017
03⧸14(六) 14_00｜例行賽G103 #雲林美津濃 vs. #桃園臺灣產險｜企業21年甲級男女排球聯賽_set2,37,1481.65,1493.633,1482.133,1493.133
03⧸14(六) 14_00｜例行賽G103 #雲林美津濃 vs. #桃園臺灣產險｜企業21年甲級男女排球聯賽_set2,38,1511.167,1518.25,1511.65,1517.75
03⧸14(六) 14_00｜例行賽G103 #雲林美津濃 vs. #桃園臺灣產險｜企業21年甲級男女排球聯賽_set2,39,1535.033,1539.45,1535.533,1538.933
03⧸14(六) 14_00｜例行賽G103 #雲林美津濃 vs. #桃園臺灣產險｜企業21年甲級男女排球聯賽_set2,40,1562.0,1565.833,1562.483,1565.333
03⧸14(六) 14_00｜例行賽G103 #雲林美津濃 vs. #桃園臺灣產險｜企業21年甲級男女排球聯賽_set2,41,1585.633,1594.2,1586.133,1593.7
03⧸14(六) 14_00｜例行賽G103 #雲林美津濃 vs. #桃園臺灣產險｜企業21年甲級男女排球聯賽_set2,42,1616.117,1624.05,1616.617,1623.55
03⧸14(六) 14_00｜例行賽G103 #雲林美津濃 vs. #桃園臺灣產險｜企業21年甲級男女排球聯賽_set2,43,1647.267,1653.983,1647.767,1653.483
03⧸14(六) 14_00｜例行賽G103 #雲林美津濃 vs. #桃園臺灣產險｜企業21年甲級男女排球聯賽_set2,44,1676.233,1682.65,1676.717,1682.15
03⧸14(六) 14_00｜例行賽G103 #雲林美津濃 vs. #桃園臺灣產險｜企業21年甲級男女排球聯賽_set2,45,1702.017,1713.25,1702.517,1712.75
03⧸14(六) 14_00｜例行賽G103 #雲林美津濃 vs. #桃園臺灣產險｜企業21年甲級男女排球聯賽_set2,46,1773.75,1781.617,1774.233,1781.117
03⧸14(六) 14_00｜例行賽G103 #雲林美津濃 vs. #桃園臺灣產險｜企業21年甲級男女排球聯賽_set3,1,-0.217,16.883,0.283,16.383
03⧸14(六) 14_00｜例行賽G103 #雲林美津濃 vs. #桃園臺灣產險｜企業21年甲級男女排球聯賽_set3,2,42.583,49.45,43.083,48.95
03⧸14(六) 14_00｜例行賽G103 #雲林美津濃 vs. #桃園臺灣產險｜企業21年甲級男女排球聯賽_set3,3,68.417,75.817,68.917,75.317
03⧸14(六) 14_00｜例行賽G103 #雲林美津濃 vs. #桃園臺灣產險｜企業21年甲級男女排球聯賽_set3,4,132.683,139.883,133.183,139.383
03⧸14(六) 14_00｜例行賽G103 #雲林美津濃 vs. #桃園臺灣產險｜企業21年甲級男女排球聯賽_set3,5,158.183,165.333,158.683,164.833
03⧸14(六) 14_00｜例行賽G103 #雲林美津濃 vs. #桃園臺灣產險｜企業21年甲級男女排球聯賽_set3,6,186.267,195.183,186.767,194.683
03⧸14(六) 14_00｜例行賽G103 #雲林美津濃 vs. #桃園臺灣產險｜企業21年甲級男女排球聯賽_set3,7,215.567,222.117,216.067,221.617
03⧸14(六) 14_00｜例行賽G103 #雲林美津濃 vs. #桃園臺灣產險｜企業21年甲級男女排球聯賽_set3,8,241.4,245.5,241.9,245.0
03⧸14(六) 14_00｜例行賽G103 #雲林美津濃 vs. #桃園臺灣產險｜企業21年甲級男女排球聯賽_set3,9,263.467,273.667,263.967,273.167
03⧸14(六) 14_00｜例行賽G103 #雲林美津濃 vs. #桃園臺灣產險｜企業21年甲級男女排球聯賽_set3,10,294.767,298.65,295.267,298.15
03⧸14(六) 14_00｜例行賽G103 #雲林美津濃 vs. #桃園臺灣產險｜企業21年甲級男女排球聯賽_set3,11,314.683,325.067,315.183,324.567
03⧸14(六) 14_00｜例行賽G103 #雲林美津濃 vs. #桃園臺灣產險｜企業21年甲級男女排球聯賽_set3,12,346.5,352.383,347.0,351.883
03⧸14(六) 14_00｜例行賽G103 #雲林美津濃 vs. #桃園臺灣產險｜企業21年甲級男女排球聯賽_set3,13,417.933,427.283,418.433,426.783
03⧸14(六) 14_00｜例行賽G103 #雲林美津濃 vs. #桃園臺灣產險｜企業21年甲級男女排球聯賽_set3,14,446.55,466.967,447.05,466.467
03⧸14(六) 14_00｜例行賽G103 #雲林美津濃 vs. #桃園臺灣產險｜企業21年甲級男女排球聯賽_set3,15,648.917,663.333,649.417,662.833
03⧸14(六) 14_00｜例行賽G103 #雲林美津濃 vs. #桃園臺灣產險｜企業21年甲級男女排球聯賽_set3,16,686.05,700.117,686.55,699.617
03⧸14(六) 14_00｜例行賽G103 #雲林美津濃 vs. #桃園臺灣產險｜企業21年甲級男女排球聯賽_set3,17,727.05,748.85,727.55,748.35
03⧸14(六) 14_00｜例行賽G103 #雲林美津濃 vs. #桃園臺灣產險｜企業21年甲級男女排球聯賽_set3,18,765.067,771.967,765.567,771.467
03⧸14(六) 14_00｜例行賽G103 #雲林美津濃 vs. #桃園臺灣產險｜企業21年甲級男女排球聯賽_set3,19,793.283,801.217,793.783,800.717
03⧸14(六) 14_00｜例行賽G103 #雲林美津濃 vs. #桃園臺灣產險｜企業21年甲級男女排球聯賽_set3,20,871.667,878.583,872.167,878.083
03⧸14(六) 14_00｜例行賽G103 #雲林美津濃 vs. #桃園臺灣產險｜企業21年甲級男女排球聯賽_set3,21,900.883,907.65,901.383,907.15
03⧸14(六) 14_00｜例行賽G103 #雲林美津濃 vs. #桃園臺灣產險｜企業21年甲級男女排球聯賽_set3,22,929.817,936.683,930.317,936.183
03⧸14(六) 14_00｜例行賽G103 #雲林美津濃 vs. #桃園臺灣產險｜企業21年甲級男女排球聯賽_set3,23,960.35,964.717,960.85,964.217
03⧸14(六) 14_00｜例行賽G103 #雲林美津濃 vs. #桃園臺灣產險｜企業21年甲級男女排球聯賽_set3,24,988.367,995.0,988.85,994.5
03⧸14(六) 14_00｜例行賽G103 #雲林美津濃 vs. #桃園臺灣產險｜企業21年甲級男女排球聯賽_set3,25,1016.133,1020.233,1016.633,1019.733
03⧸14(六) 14_00｜例行賽G103 #雲林美津濃 vs. #桃園臺灣產險｜企業21年甲級男女排球聯賽_set3,26,1035.533,1042.95,1036.033,1042.45
03⧸14(六) 14_00｜例行賽G103 #雲林美津濃 vs. #桃園臺灣產險｜企業21年甲級男女排球聯賽_set3,27,1064.3,1081.783,1064.8,1081.283
03⧸14(六) 14_00｜例行賽G103 #雲林美津濃 vs. #桃園臺灣產險｜企業21年甲級男女排球聯賽_set3,28,1111.567,1115.8,1112.067,1115.3
03⧸14(六) 14_00｜例行賽G103 #雲林美津濃 vs. #桃園臺灣產險｜企業21年甲級男女排球聯賽_set3,29,1134.317,1150.75,1134.817,1149.7
03⧸14(六) 14_00｜例行賽G103 #雲林美津濃 vs. #桃園臺灣產險｜企業21年甲級男女排球聯賽_set3,30,1179.867,1186.517,1180.367,1186.017
03⧸14(六) 14_00｜例行賽G103 #雲林美津濃 vs. #桃園臺灣產險｜企業21年甲級男女排球聯賽_set3,31,1210.283,1213.983,1210.783,1213.467
03⧸14(六) 14_00｜例行賽G103 #雲林美津濃 vs. #桃園臺灣產險｜企業21年甲級男女排球聯賽_set3,32,1233.733,1239.583,1234.233,1239.083
03⧸14(六) 14_00｜例行賽G103 #雲林美津濃 vs. #桃園臺灣產險｜企業21年甲級男女排球聯賽_set3,33,1265.35,1283.867,1265.85,1283.367
03⧸14(六) 14_00｜例行賽G103 #雲林美津濃 vs. #桃園臺灣產險｜企業21年甲級男女排球聯賽_set3,34,1305.917,1317.617,1306.417,1317.117
03⧸14(六) 14_00｜例行賽G103 #雲林美津濃 vs. #桃園臺灣產險｜企業21年甲級男女排球聯賽_set3,35,1344.95,1349.3,1345.45,1348.8
03⧸14(六) 14_00｜例行賽G103 #雲林美津濃 vs. #桃園臺灣產險｜企業21年甲級男女排球聯賽_set3,36,1367.15,1373.333,1367.65,1372.833
03⧸14(六) 14_00｜例行賽G103 #雲林美津濃 vs. #桃園臺灣產險｜企業21年甲級男女排球聯賽_set3,37,1403.233,1407.633,1403.733,1407.133
03⧸14(六) 14_00｜例行賽G103 #雲林美津濃 vs. #桃園臺灣產險｜企業21年甲級男女排球聯賽_set3,38,1423.383,1441.617,1423.883,1441.117
03⧸14(六) 14_00｜例行賽G103 #雲林美津濃 vs. #桃園臺灣產險｜企業21年甲級男女排球聯賽_set3,39,1459.833,1467.817,1460.333,1467.317
03⧸14(六) 16_00｜例行賽G104 #獅子王 vs. #屏東台電｜企業21年甲級男女排球聯賽_set1,1,0.267,10.583,0.767,10.083
03⧸14(六) 16_00｜例行賽G104 #獅子王 vs. #屏東台電｜企業21年甲級男女排球聯賽_set1,2,30.233,37.067,30.717,36.55
03⧸14(六) 16_00｜例行賽G104 #獅子王 vs. #屏東台電｜企業21年甲級男女排球聯賽_set1,3,52.367,59.683,52.85,59.167
03⧸14(六) 16_00｜例行賽G104 #獅子王 vs. #屏東台電｜企業21年甲級男女排球聯賽_set1,4,77.567,84.317,78.067,83.8
03⧸14(六) 16_00｜例行賽G104 #獅子王 vs. #屏東台電｜企業21年甲級男女排球聯賽_set1,5,102.183,110.333,102.667,109.833
03⧸14(六) 16_00｜例行賽G104 #獅子王 vs. #屏東台電｜企業21年甲級男女排球聯賽_set1,6,125.883,132.85,126.383,132.333
03⧸14(六) 16_00｜例行賽G104 #獅子王 vs. #屏東台電｜企業21年甲級男女排球聯賽_set1,7,161.383,169.667,161.883,169.167
03⧸14(六) 16_00｜例行賽G104 #獅子王 vs. #屏東台電｜企業21年甲級男女排球聯賽_set1,8,187.967,201.083,188.467,200.567
03⧸14(六) 16_00｜例行賽G104 #獅子王 vs. #屏東台電｜企業21年甲級男女排球聯賽_set1,9,224.883,232.883,225.367,232.383
03⧸14(六) 16_00｜例行賽G104 #獅子王 vs. #屏東台電｜企業21年甲級男女排球聯賽_set1,10,248.983,255.65,249.483,255.15
03⧸14(六) 16_00｜例行賽G104 #獅子王 vs. #屏東台電｜企業21年甲級男女排球聯賽_set1,11,278.483,285.217,278.983,284.7
03⧸14(六) 16_00｜例行賽G104 #獅子王 vs. #屏東台電｜企業21年甲級男女排球聯賽_set1,12,305.817,312.867,306.317,312.367
03⧸14(六) 16_00｜例行賽G104 #獅子王 vs. #屏東台電｜企業21年甲級男女排球聯賽_set1,13,331.567,338.167,332.05,337.667
03⧸14(六) 16_00｜例行賽G104 #獅子王 vs. #屏東台電｜企業21年甲級男女排球聯賽_set1,14,354.233,362.867,354.733,362.367
03⧸14(六) 16_00｜例行賽G104 #獅子王 vs. #屏東台電｜企業21年甲級男女排球聯賽_set1,15,379.067,386.083,379.567,385.583
03⧸14(六) 16_00｜例行賽G104 #獅子王 vs. #屏東台電｜企業21年甲級男女排球聯賽_set1,16,407.933,415.617,408.433,415.117
03⧸14(六) 16_00｜例行賽G104 #獅子王 vs. #屏東台電｜企業21年甲級男女排球聯賽_set1,17,430.517,442.567,431.017,442.05
03⧸14(六) 16_00｜例行賽G104 #獅子王 vs. #屏東台電｜企業21年甲級男女排球聯賽_set1,18,457.35,464.283,457.85,463.783
03⧸14(六) 16_00｜例行賽G104 #獅子王 vs. #屏東台電｜企業21年甲級男女排球聯賽_set1,19,479.683,490.333,480.183,489.833
03⧸14(六) 16_00｜例行賽G104 #獅子王 vs. #屏東台電｜企業21年甲級男女排球聯賽_set1,20,512.583,519.467,513.067,518.95
03⧸14(六) 16_00｜例行賽G104 #獅子王 vs. #屏東台電｜企業21年甲級男女排球聯賽_set1,21,593.45,605.083,593.95,604.583
03⧸14(六) 16_00｜例行賽G104 #獅子王 vs. #屏東台電｜企業21年甲級男女排球聯賽_set1,22,623.083,628.483,623.583,627.983
03⧸14(六) 16_00｜例行賽G104 #獅子王 vs. #屏東台電｜企業21年甲級男女排球聯賽_set1,23,647.183,656.55,647.683,656.05
03⧸14(六) 16_00｜例行賽G104 #獅子王 vs. #屏東台電｜企業21年甲級男女排球聯賽_set1,24,671.483,686.9,671.983,686.4
03⧸14(六) 16_00｜例行賽G104 #獅子王 vs. #屏東台電｜企業21年甲級男女排球聯賽_set1,25,705.833,711.983,706.333,711.483
03⧸14(六) 16_00｜例行賽G104 #獅子王 vs. #屏東台電｜企業21年甲級男女排球聯賽_set1,26,732.417,736.117,732.917,735.617
03⧸14(六) 16_00｜例行賽G104 #獅子王 vs. #屏東台電｜企業21年甲級男女排球聯賽_set1,27,750.467,757.75,750.967,757.233
03⧸14(六) 16_00｜例行賽G104 #獅子王 vs. #屏東台電｜企業21年甲級男女排球聯賽_set1,28,779.967,787.183,780.45,786.683
03⧸14(六) 16_00｜例行賽G104 #獅子王 vs. #屏東台電｜企業21年甲級男女排球聯賽_set1,29,806.933,814.133,807.433,813.633
03⧸14(六) 16_00｜例行賽G104 #獅子王 vs. #屏東台電｜企業21年甲級男女排球聯賽_set1,30,833.983,841.767,834.467,841.267
03⧸14(六) 16_00｜例行賽G104 #獅子王 vs. #屏東台電｜企業21年甲級男女排球聯賽_set1,31,855.95,860.083,856.45,859.583
03⧸14(六) 16_00｜例行賽G104 #獅子王 vs. #屏東台電｜企業21年甲級男女排球聯賽_set1,32,880.633,884.383,881.133,883.867
03⧸14(六) 16_00｜例行賽G104 #獅子王 vs. #屏東台電｜企業21年甲級男女排球聯賽_set1,33,900.0,913.883,900.5,913.383
03⧸14(六) 16_00｜例行賽G104 #獅子王 vs. #屏東台電｜企業21年甲級男女排球聯賽_set1,34,945.117,962.45,945.617,961.95
03⧸14(六) 16_00｜例行賽G104 #獅子王 vs. #屏東台電｜企業21年甲級男女排球聯賽_set1,35,997.367,1005.083,997.85,1004.583
03⧸14(六) 16_00｜例行賽G104 #獅子王 vs. #屏東台電｜企業21年甲級男女排球聯賽_set1,36,1031.883,1038.483,1032.383,1037.983
03⧸14(六) 16_00｜例行賽G104 #獅子王 vs. #屏東台電｜企業21年甲級男女排球聯賽_set1,37,1056.75,1065.217,1057.25,1064.717
03⧸14(六) 16_00｜例行賽G104 #獅子王 vs. #屏東台電｜企業21年甲級男女排球聯賽_set1,38,1085.15,1089.05,1085.633,1088.55
03⧸14(六) 16_00｜例行賽G104 #獅子王 vs. #屏東台電｜企業21年甲級男女排球聯賽_set1,39,1109.05,1112.633,1109.533,1112.117
03⧸14(六) 16_00｜例行賽G104 #獅子王 vs. #屏東台電｜企業21年甲級男女排球聯賽_set1,40,1189.0,1193.5,1189.5,1193.0
03⧸14(六) 16_00｜例行賽G104 #獅子王 vs. #屏東台電｜企業21年甲級男女排球聯賽_set1,41,1220.733,1226.483,1221.233,1225.983
03⧸14(六) 16_00｜例行賽G104 #獅子王 vs. #屏東台電｜企業21年甲級男女排球聯賽_set1,42,1308.95,1312.7,1309.433,1312.2
03⧸14(六) 16_00｜例行賽G104 #獅子王 vs. #屏東台電｜企業21年甲級男女排球聯賽_set1,43,1333.367,1343.333,1333.85,1342.817
03⧸14(六) 16_00｜例行賽G104 #獅子王 vs. #屏東台電｜企業21年甲級男女排球聯賽_set1,44,1464.633,1472.433,1465.133,1471.917
03⧸14(六) 16_00｜例行賽G104 #獅子王 vs. #屏東台電｜企業21年甲級男女排球聯賽_set2,1,-0.233,4.217,0.267,3.717
03⧸14(六) 16_00｜例行賽G104 #獅子王 vs. #屏東台電｜企業21年甲級男女排球聯賽_set2,2,106.333,113.567,106.833,113.067
03⧸14(六) 16_00｜例行賽G104 #獅子王 vs. #屏東台電｜企業21年甲級男女排球聯賽_set2,3,130.5,141.5,130.983,141.0
03⧸14(六) 16_00｜例行賽G104 #獅子王 vs. #屏東台電｜企業21年甲級男女排球聯賽_set2,4,158.5,165.167,158.967,164.667
03⧸14(六) 16_00｜例行賽G104 #獅子王 vs. #屏東台電｜企業21年甲級男女排球聯賽_set2,5,179.367,192.2,179.867,191.7
03⧸14(六) 16_00｜例行賽G104 #獅子王 vs. #屏東台電｜企業21年甲級男女排球聯賽_set2,6,257.167,273.117,257.667,272.617
03⧸14(六) 16_00｜例行賽G104 #獅子王 vs. #屏東台電｜企業21年甲級男女排球聯賽_set2,7,293.133,304.617,293.633,304.117
03⧸14(六) 16_00｜例行賽G104 #獅子王 vs. #屏東台電｜企業21年甲級男女排球聯賽_set2,8,323.983,330.9,324.483,330.4
03⧸14(六) 16_00｜例行賽G104 #獅子王 vs. #屏東台電｜企業21年甲級男女排球聯賽_set2,9,351.367,358.867,351.867,358.367
03⧸14(六) 16_00｜例行賽G104 #獅子王 vs. #屏東台電｜企業21年甲級男女排球聯賽_set2,10,378.433,386.55,378.933,386.05
03⧸14(六) 16_00｜例行賽G104 #獅子王 vs. #屏東台電｜企業21年甲級男女排球聯賽_set2,11,411.783,419.583,412.283,419.083
03⧸14(六) 16_00｜例行賽G104 #獅子王 vs. #屏東台電｜企業21年甲級男女排球聯賽_set2,12,489.333,493.45,489.833,492.95
03⧸14(六) 16_00｜例行賽G104 #獅子王 vs. #屏東台電｜企業21年甲級男女排球聯賽_set2,13,510.95,528.867,511.45,528.367
03⧸14(六) 16_00｜例行賽G104 #獅子王 vs. #屏東台電｜企業21年甲級男女排球聯賽_set2,14,555.317,559.683,555.817,559.183
03⧸14(六) 16_00｜例行賽G104 #獅子王 vs. #屏東台電｜企業21年甲級男女排球聯賽_set2,15,579.95,584.317,580.45,583.817
03⧸14(六) 16_00｜例行賽G104 #獅子王 vs. #屏東台電｜企業21年甲級男女排球聯賽_set2,16,598.983,605.983,599.483,605.483
03⧸14(六) 16_00｜例行賽G104 #獅子王 vs. #屏東台電｜企業21年甲級男女排球聯賽_set2,17,622.733,634.183,623.233,633.683
03⧸14(六) 16_00｜例行賽G104 #獅子王 vs. #屏東台電｜企業21年甲級男女排球聯賽_set2,18,656.567,664.917,657.067,664.417
03⧸14(六) 16_00｜例行賽G104 #獅子王 vs. #屏東台電｜企業21年甲級男女排球聯賽_set2,19,692.1,698.267,692.6,697.767
03⧸14(六) 16_00｜例行賽G104 #獅子王 vs. #屏東台電｜企業21年甲級男女排球聯賽_set2,20,719.05,730.0,719.55,727.317
03⧸14(六) 16_00｜例行賽G104 #獅子王 vs. #屏東台電｜企業21年甲級男女排球聯賽_set2,21,775.85,781.9,776.35,781.4
03⧸14(六) 16_00｜例行賽G104 #獅子王 vs. #屏東台電｜企業21年甲級男女排球聯賽_set2,22,806.033,810.1,806.533,809.6
03⧸14(六) 16_00｜例行賽G104 #獅子王 vs. #屏東台電｜企業21年甲級男女排球聯賽_set2,23,826.983,833.967,827.483,833.467
03⧸14(六) 16_00｜例行賽G104 #獅子王 vs. #屏東台電｜企業21年甲級男女排球聯賽_set2,24,852.917,860.3,853.417,859.8
03⧸14(六) 16_00｜例行賽G104 #獅子王 vs. #屏東台電｜企業21年甲級男女排球聯賽_set2,25,883.517,888.05,884.017,887.55
03⧸14(六) 16_00｜例行賽G104 #獅子王 vs. #屏東台電｜企業21年甲級男女排球聯賽_set2,26,906.633,918.017,907.133,917.517
03⧸14(六) 16_00｜例行賽G104 #獅子王 vs. #屏東台電｜企業21年甲級男女排球聯賽_set2,27,937.5,942.75,937.5,942.25
03⧸14(六) 16_00｜例行賽G104 #獅子王 vs. #屏東台電｜企業21年甲級男女排球聯賽_set2,28,960.633,964.35,961.133,963.85
03⧸14(六) 16_00｜例行賽G104 #獅子王 vs. #屏東台電｜企業21年甲級男女排球聯賽_set2,29,983.717,991.017,984.217,990.517
03⧸14(六) 16_00｜例行賽G104 #獅子王 vs. #屏東台電｜企業21年甲級男女排球聯賽_set2,30,1021.183,1024.75,1021.683,1024.467
03⧸14(六) 16_00｜例行賽G104 #獅子王 vs. #屏東台電｜企業21年甲級男女排球聯賽_set2,31,1042.35,1046.267,1042.85,1045.767
03⧸14(六) 16_00｜例行賽G104 #獅子王 vs. #屏東台電｜企業21年甲級男女排球聯賽_set2,32,1070.017,1073.683,1070.517,1073.183
03⧸14(六) 16_00｜例行賽G104 #獅子王 vs. #屏東台電｜企業21年甲級男女排球聯賽_set2,33,1095.967,1100.183,1096.467,1099.683
03⧸14(六) 16_00｜例行賽G104 #獅子王 vs. #屏東台電｜企業21年甲級男女排球聯賽_set2,34,1119.2,1129.9,1119.7,1129.4
03⧸14(六) 16_00｜例行賽G104 #獅子王 vs. #屏東台電｜企業21年甲級男女排球聯賽_set2,35,1147.6,1162.583,1148.1,1162.083
03⧸14(六) 16_00｜例行賽G104 #獅子王 vs. #屏東台電｜企業21年甲級男女排球聯賽_set2,36,1181.9,1189.117,1182.4,1188.617
03⧸14(六) 16_00｜例行賽G104 #獅子王 vs. #屏東台電｜企業21年甲級男女排球聯賽_set2,37,1212.933,1219.6,1213.433,1219.1
03⧸14(六) 16_00｜例行賽G104 #獅子王 vs. #屏東台電｜企業21年甲級男女排球聯賽_set2,38,1242.0,1257.033,1242.5,1256.533
03⧸14(六) 16_00｜例行賽G104 #獅子王 vs. #屏東台電｜企業21年甲級男女排球聯賽_set2,39,1280.45,1292.65,1280.95,1292.15
03⧸14(六) 18_00｜例行賽G105 #高雄台電 vs. #新北中纖｜企業21年甲級男女排球聯賽_set1,1,0.0,6.0,0.0,3.417
03⧸14(六) 18_00｜例行賽G105 #高雄台電 vs. #新北中纖｜企業21年甲級男女排球聯賽_set1,2,22.867,32.483,23.367,31.983
03⧸14(六) 18_00｜例行賽G105 #高雄台電 vs. #新北中纖｜企業21年甲級男女排球聯賽_set1,3,51.25,64.45,51.75,63.95
03⧸14(六) 18_00｜例行賽G105 #高雄台電 vs. #新北中纖｜企業21年甲級男女排球聯賽_set1,4,82.583,89.9,83.083,89.383
03⧸14(六) 18_00｜例行賽G105 #高雄台電 vs. #新北中纖｜企業21年甲級男女排球聯賽_set1,5,104.533,129.133,105.033,128.633
03⧸14(六) 18_00｜例行賽G105 #高雄台電 vs. #新北中纖｜企業21年甲級男女排球聯賽_set1,6,147.867,155.567,148.333,155.067
03⧸14(六) 18_00｜例行賽G105 #高雄台電 vs. #新北中纖｜企業21年甲級男女排球聯賽_set1,7,174.5,186.217,174.967,185.717
03⧸14(六) 18_00｜例行賽G105 #高雄台電 vs. #新北中纖｜企業21年甲級男女排球聯賽_set1,8,205.067,215.017,205.567,214.517
03⧸14(六) 18_00｜例行賽G105 #高雄台電 vs. #新北中纖｜企業21年甲級男女排球聯賽_set1,9,231.717,235.75,232.217,235.25
03⧸14(六) 18_00｜例行賽G105 #高雄台電 vs. #新北中纖｜企業21年甲級男女排球聯賽_set1,10,249.683,271.933,250.183,271.433
03⧸14(六) 18_00｜例行賽G105 #高雄台電 vs. #新北中纖｜企業21年甲級男女排球聯賽_set1,11,286.65,293.917,287.15,293.417
03⧸14(六) 18_00｜例行賽G105 #高雄台電 vs. #新北中纖｜企業21年甲級男女排球聯賽_set1,12,359.1,381.25,359.6,380.733
03⧸14(六) 18_00｜例行賽G105 #高雄台電 vs. #新北中纖｜企業21年甲級男女排球聯賽_set1,13,402.783,409.617,403.283,409.117
03⧸14(六) 18_00｜例行賽G105 #高雄台電 vs. #新北中纖｜企業21年甲級男女排球聯賽_set1,14,426.567,450.85,427.067,450.35
03⧸14(六) 18_00｜例行賽G105 #高雄台電 vs. #新北中纖｜企業21年甲級男女排球聯賽_set1,15,468.45,483.833,468.95,483.333
03⧸14(六) 18_00｜例行賽G105 #高雄台電 vs. #新北中纖｜企業21年甲級男女排球聯賽_set1,16,504.617,545.817,505.117,545.317
03⧸14(六) 18_00｜例行賽G105 #高雄台電 vs. #新北中纖｜企業21年甲級男女排球聯賽_set1,17,575.033,588.183,575.533,587.683
03⧸14(六) 18_00｜例行賽G105 #高雄台電 vs. #新北中纖｜企業21年甲級男女排球聯賽_set1,18,621.5,629.567,622.0,629.067
03⧸14(六) 18_00｜例行賽G105 #高雄台電 vs. #新北中纖｜企業21年甲級男女排球聯賽_set1,19,646.95,656.45,647.45,655.95
03⧸14(六) 18_00｜例行賽G105 #高雄台電 vs. #新北中纖｜企業21年甲級男女排球聯賽_set1,20,672.783,680.417,673.283,679.917
03⧸14(六) 18_00｜例行賽G105 #高雄台電 vs. #新北中纖｜企業21年甲級男女排球聯賽_set1,21,698.067,704.467,698.567,703.967
03⧸14(六) 18_00｜例行賽G105 #高雄台電 vs. #新北中纖｜企業21年甲級男女排球聯賽_set1,22,721.233,730.033,721.717,729.533
03⧸14(六) 18_00｜例行賽G105 #高雄台電 vs. #新北中纖｜企業21年甲級男女排球聯賽_set1,23,747.9,752.233,748.4,751.733
03⧸14(六) 18_00｜例行賽G105 #高雄台電 vs. #新北中纖｜企業21年甲級男女排球聯賽_set1,24,767.217,774.617,767.717,774.117
03⧸14(六) 18_00｜例行賽G105 #高雄台電 vs. #新北中纖｜企業21年甲級男女排球聯賽_set1,25,790.2,795.45,790.7,794.95
03⧸14(六) 18_00｜例行賽G105 #高雄台電 vs. #新北中纖｜企業21年甲級男女排球聯賽_set1,26,813.55,854.1,814.05,853.6
03⧸14(六) 18_00｜例行賽G105 #高雄台電 vs. #新北中纖｜企業21年甲級男女排球聯賽_set1,27,929.05,936.4,929.55,935.9
03⧸14(六) 18_00｜例行賽G105 #高雄台電 vs. #新北中纖｜企業21年甲級男女排球聯賽_set1,28,958.317,988.75,958.767,988.25
03⧸14(六) 18_00｜例行賽G105 #高雄台電 vs. #新北中纖｜企業21年甲級男女排球聯賽_set1,29,1011.667,1023.317,1012.167,1022.817
03⧸14(六) 18_00｜例行賽G105 #高雄台電 vs. #新北中纖｜企業21年甲級男女排球聯賽_set1,30,1043.017,1050.333,1043.517,1049.833
03⧸14(六) 18_00｜例行賽G105 #高雄台電 vs. #新北中纖｜企業21年甲級男女排球聯賽_set1,31,1072.667,1085.99,1073.167,1082.933
03⧸14(六) 18_00｜例行賽G105 #高雄台電 vs. #新北中纖｜企業21年甲級男女排球聯賽_set1,32,1208.983,1216.05,1209.483,1215.55
03⧸14(六) 18_00｜例行賽G105 #高雄台電 vs. #新北中纖｜企業21年甲級男女排球聯賽_set1,33,1231.733,1248.15,1232.233,1247.65
03⧸14(六) 18_00｜例行賽G105 #高雄台電 vs. #新北中纖｜企業21年甲級男女排球聯賽_set1,34,1270.917,1275.067,1271.4,1274.567
03⧸14(六) 18_00｜例行賽G105 #高雄台電 vs. #新北中纖｜企業21年甲級男女排球聯賽_set1,35,1294.833,1301.783,1295.333,1301.283
03⧸14(六) 18_00｜例行賽G105 #高雄台電 vs. #新北中纖｜企業21年甲級男女排球聯賽_set1,36,1320.227,1324.883,1320.227,1324.383
03⧸14(六) 18_00｜例行賽G105 #高雄台電 vs. #新北中纖｜企業21年甲級男女排球聯賽_set1,37,1341.317,1350.583,1341.817,1350.083
03⧸14(六) 18_00｜例行賽G105 #高雄台電 vs. #新北中纖｜企業21年甲級男女排球聯賽_set1,38,1367.9,1379.967,1368.4,1379.467
03⧸14(六) 18_00｜例行賽G105 #高雄台電 vs. #新北中纖｜企業21年甲級男女排球聯賽_set1,39,1404.217,1412.917,1404.717,1412.417
03⧸14(六) 18_00｜例行賽G105 #高雄台電 vs. #新北中纖｜企業21年甲級男女排球聯賽_set1,40,1504.417,1512.483,1504.917,1511.983
03⧸14(六) 18_00｜例行賽G105 #高雄台電 vs. #新北中纖｜企業21年甲級男女排球聯賽_set1,41,1544.733,1565.417,1545.233,1564.917
03⧸14(六) 18_00｜例行賽G105 #高雄台電 vs. #新北中纖｜企業21年甲級男女排球聯賽_set1,42,1631.167,1637.933,1631.667,1637.433
03⧸14(六) 18_00｜例行賽G105 #高雄台電 vs. #新北中纖｜企業21年甲級男女排球聯賽_set1,43,1662.467,1670.317,1662.967,1669.817
03⧸14(六) 18_00｜例行賽G105 #高雄台電 vs. #新北中纖｜企業21年甲級男女排球聯賽_set1,44,1687.367,1694.25,1687.867,1693.75
03⧸14(六) 18_00｜例行賽G105 #高雄台電 vs. #新北中纖｜企業21年甲級男女排球聯賽_set1,45,1713.067,1721.267,1713.567,1720.441016
03⧸15(日) 13_00｜例行賽G106 #屏東台電 vs. #雲林美津濃｜企業21年甲級男女排球聯賽_set1,1,0.567,8.967,1.067,8.467
03⧸15(日) 13_00｜例行賽G106 #屏東台電 vs. #雲林美津濃｜企業21年甲級男女排球聯賽_set1,2,23.05,42.233,23.55,41.733
03⧸15(日) 13_00｜例行賽G106 #屏東台電 vs. #雲林美津濃｜企業21年甲級男女排球聯賽_set1,3,58.833,67.617,59.333,67.117
03⧸15(日) 13_00｜例行賽G106 #屏東台電 vs. #雲林美津濃｜企業21年甲級男女排球聯賽_set1,4,83.167,91.083,83.667,90.583
03⧸15(日) 13_00｜例行賽G106 #屏東台電 vs. #雲林美津濃｜企業21年甲級男女排球聯賽_set1,5,112.983,116.817,113.483,116.317
03⧸15(日) 13_00｜例行賽G106 #屏東台電 vs. #雲林美津濃｜企業21年甲級男女排球聯賽_set1,6,134.067,141.2,134.567,140.7
03⧸15(日) 13_00｜例行賽G106 #屏東台電 vs. #雲林美津濃｜企業21年甲級男女排球聯賽_set1,7,162.35,183.967,162.85,183.467
03⧸15(日) 13_00｜例行賽G106 #屏東台電 vs. #雲林美津濃｜企業21年甲級男女排球聯賽_set1,8,213.5,223.917,213.75,223.417
03⧸15(日) 13_00｜例行賽G106 #屏東台電 vs. #雲林美津濃｜企業21年甲級男女排球聯賽_set1,9,242.567,248.717,243.067,248.217
03⧸15(日) 13_00｜例行賽G106 #屏東台電 vs. #雲林美津濃｜企業21年甲級男女排球聯賽_set1,10,265.183,272.0,265.683,271.5
03⧸15(日) 13_00｜例行賽G106 #屏東台電 vs. #雲林美津濃｜企業21年甲級男女排球聯賽_set1,11,290.867,297.45,291.367,296.95
03⧸15(日) 13_00｜例行賽G106 #屏東台電 vs. #雲林美津濃｜企業21年甲級男女排球聯賽_set1,12,315.75,319.65,316.25,319.15
03⧸15(日) 13_00｜例行賽G106 #屏東台電 vs. #雲林美津濃｜企業21年甲級男女排球聯賽_set1,13,342.5,350.7,343.0,350.2
03⧸15(日) 13_00｜例行賽G106 #屏東台電 vs. #雲林美津濃｜企業21年甲級男女排球聯賽_set1,14,444.867,450.117,445.367,449.617
03⧸15(日) 13_00｜例行賽G106 #屏東台電 vs. #雲林美津濃｜企業21年甲級男女排球聯賽_set1,15,524.133,527.983,524.633,527.483
03⧸15(日) 13_00｜例行賽G106 #屏東台電 vs. #雲林美津濃｜企業21年甲級男女排球聯賽_set1,16,546.8,551.0,547.3,550.5
03⧸15(日) 13_00｜例行賽G106 #屏東台電 vs. #雲林美津濃｜企業21年甲級男女排球聯賽_set1,17,570.5,582.017,571.0,581.517
03⧸15(日) 13_00｜例行賽G106 #屏東台電 vs. #雲林美津濃｜企業21年甲級男女排球聯賽_set1,18,604.15,610.65,604.65,610.15
03⧸15(日) 13_00｜例行賽G106 #屏東台電 vs. #雲林美津濃｜企業21年甲級男女排球聯賽_set1,48,626.483,633.983,627.017,633.483
03⧸15(日) 13_00｜例行賽G106 #屏東台電 vs. #雲林美津濃｜企業21年甲級男女排球聯賽_set1,20,657.15,672.683,657.667,672.183
03⧸15(日) 13_00｜例行賽G106 #屏東台電 vs. #雲林美津濃｜企業21年甲級男女排球聯賽_set1,21,692.917,704.333,693.417,703.833
03⧸15(日) 13_00｜例行賽G106 #屏東台電 vs. #雲林美津濃｜企業21年甲級男女排球聯賽_set1,22,729.517,736.717,730.017,736.217
03⧸15(日) 13_00｜例行賽G106 #屏東台電 vs. #雲林美津濃｜企業21年甲級男女排球聯賽_set1,23,758.383,768.683,758.883,768.183
03⧸15(日) 13_00｜例行賽G106 #屏東台電 vs. #雲林美津濃｜企業21年甲級男女排球聯賽_set1,24,789.55,797.45,790.05,797.45
03⧸15(日) 13_00｜例行賽G106 #屏東台電 vs. #雲林美津濃｜企業21年甲級男女排球聯賽_set1,25,818.817,822.983,819.317,822.483
03⧸15(日) 13_00｜例行賽G106 #屏東台電 vs. #雲林美津濃｜企業21年甲級男女排球聯賽_set1,26,839.167,845.2,839.667,844.7
03⧸15(日) 13_00｜例行賽G106 #屏東台電 vs. #雲林美津濃｜企業21年甲級男女排球聯賽_set1,27,862.5,870.083,862.95,869.583
03⧸15(日) 13_00｜例行賽G106 #屏東台電 vs. #雲林美津濃｜企業21年甲級男女排球聯賽_set1,28,889.183,895.867,889.683,895.367
03⧸15(日) 13_00｜例行賽G106 #屏東台電 vs. #雲林美津濃｜企業21年甲級男女排球聯賽_set1,29,917.5,922.167,918.0,921.667
03⧸15(日) 13_00｜例行賽G106 #屏東台電 vs. #雲林美津濃｜企業21年甲級男女排球聯賽_set1,30,946.217,953.733,946.717,953.233
03⧸15(日) 13_00｜例行賽G106 #屏東台電 vs. #雲林美津濃｜企業21年甲級男女排球聯賽_set1,31,1038.433,1043.233,1038.933,1042.733
03⧸15(日) 13_00｜例行賽G106 #屏東台電 vs. #雲林美津濃｜企業21年甲級男女排球聯賽_set1,32,1074.817,1078.5,1075.317,1078.0
03⧸15(日) 13_00｜例行賽G106 #屏東台電 vs. #雲林美津濃｜企業21年甲級男女排球聯賽_set1,33,1095.567,1102.717,1096.067,1102.217
03⧸15(日) 13_00｜例行賽G106 #屏東台電 vs. #雲林美津濃｜企業21年甲級男女排球聯賽_set1,34,1122.767,1129.55,1123.267,1129.05
03⧸15(日) 13_00｜例行賽G106 #屏東台電 vs. #雲林美津濃｜企業21年甲級男女排球聯賽_set1,35,1173.333,1179.117,1173.833,1178.617
03⧸15(日) 13_00｜例行賽G106 #屏東台電 vs. #雲林美津濃｜企業21年甲級男女排球聯賽_set1,36,1248.533,1255.0,1249.033,1254.5
03⧸15(日) 13_00｜例行賽G106 #屏東台電 vs. #雲林美津濃｜企業21年甲級男女排球聯賽_set1,37,1280.433,1287.833,1280.933,1287.333
03⧸15(日) 13_00｜例行賽G106 #屏東台電 vs. #雲林美津濃｜企業21年甲級男女排球聯賽_set1,38,1320.017,1327.267,1320.517,1326.767
03⧸15(日) 13_00｜例行賽G106 #屏東台電 vs. #雲林美津濃｜企業21年甲級男女排球聯賽_set1,39,1345.6,1354.267,1346.1,1353.767
03⧸15(日) 13_00｜例行賽G106 #屏東台電 vs. #雲林美津濃｜企業21年甲級男女排球聯賽_set1,40,1384.5,1391.3,1385.0,1390.8
03⧸15(日) 13_00｜例行賽G106 #屏東台電 vs. #雲林美津濃｜企業21年甲級男女排球聯賽_set1,41,1453.467,1460.633,1453.933,1460.133
03⧸15(日) 13_00｜例行賽G106 #屏東台電 vs. #雲林美津濃｜企業21年甲級男女排球聯賽_set1,42,1481.7,1488.967,1482.2,1488.467
03⧸15(日) 13_00｜例行賽G106 #屏東台電 vs. #雲林美津濃｜企業21年甲級男女排球聯賽_set1,43,1510.583,1514.267,1511.083,1513.767
03⧸15(日) 13_00｜例行賽G106 #屏東台電 vs. #雲林美津濃｜企業21年甲級男女排球聯賽_set1,44,1530.017,1539.95,1530.517,1539.45
03⧸15(日) 13_00｜例行賽G106 #屏東台電 vs. #雲林美津濃｜企業21年甲級男女排球聯賽_set1,45,1565.933,1597.45,1566.433,1596.95
03⧸15(日) 13_00｜例行賽G106 #屏東台電 vs. #雲林美津濃｜企業21年甲級男女排球聯賽_set1,46,1623.117,1632.9,1623.617,1632.4
03⧸15(日) 13_00｜例行賽G106 #屏東台電 vs. #雲林美津濃｜企業21年甲級男女排球聯賽_set1,47,1710.633,1717.317,1711.133,1716.8
03⧸15(日) 13_00｜例行賽G106 #屏東台電 vs. #雲林美津濃｜企業21年甲級男女排球聯賽_set2,1,-0.533,6.467,0.0,5.967
03⧸15(日) 13_00｜例行賽G106 #屏東台電 vs. #雲林美津濃｜企業21年甲級男女排球聯賽_set2,2,25.8,37.333,26.3,36.833
03⧸15(日) 13_00｜例行賽G106 #屏東台電 vs. #雲林美津濃｜企業21年甲級男女排球聯賽_set2,3,59.033,62.617,59.533,62.117
03⧸15(日) 13_00｜例行賽G106 #屏東台電 vs. #雲林美津濃｜企業21年甲級男女排球聯賽_set2,4,82.933,90.117,83.433,89.617
03⧸15(日) 13_00｜例行賽G106 #屏東台電 vs. #雲林美津濃｜企業21年甲級男女排球聯賽_set2,5,112.133,118.6,112.633,118.1
03⧸15(日) 13_00｜例行賽G106 #屏東台電 vs. #雲林美津濃｜企業21年甲級男女排球聯賽_set2,6,139.7,146.55,140.2,146.05
03⧸15(日) 13_00｜例行賽G106 #屏東台電 vs. #雲林美津濃｜企業21年甲級男女排球聯賽_set2,7,164.3,171.767,164.8,171.267
03⧸15(日) 13_00｜例行賽G106 #屏東台電 vs. #雲林美津濃｜企業21年甲級男女排球聯賽_set2,8,188.083,203.5,188.583,203.0
03⧸15(日) 13_00｜例行賽G106 #屏東台電 vs. #雲林美津濃｜企業21年甲級男女排球聯賽_set2,9,221.067,234.667,221.567,234.167
03⧸15(日) 13_00｜例行賽G106 #屏東台電 vs. #雲林美津濃｜企業21年甲級男女排球聯賽_set2,10,258.483,262.933,258.983,262.433
03⧸15(日) 13_00｜例行賽G106 #屏東台電 vs. #雲林美津濃｜企業21年甲級男女排球聯賽_set2,11,282.983,292.167,283.483,291.667
03⧸15(日) 13_00｜例行賽G106 #屏東台電 vs. #雲林美津濃｜企業21年甲級男女排球聯賽_set2,12,312.217,320.15,312.717,319.65
03⧸15(日) 13_00｜例行賽G106 #屏東台電 vs. #雲林美津濃｜企業21年甲級男女排球聯賽_set2,13,336.817,343.767,337.317,343.267
03⧸15(日) 13_00｜例行賽G106 #屏東台電 vs. #雲林美津濃｜企業21年甲級男女排球聯賽_set2,14,360.617,371.75,361.117,371.25
03⧸15(日) 13_00｜例行賽G106 #屏東台電 vs. #雲林美津濃｜企業21年甲級男女排球聯賽_set2,15,396.317,404.55,396.817,404.05
03⧸15(日) 13_00｜例行賽G106 #屏東台電 vs. #雲林美津濃｜企業21年甲級男女排球聯賽_set2,16,425.383,432.483,425.883,431.983
03⧸15(日) 13_00｜例行賽G106 #屏東台電 vs. #雲林美津濃｜企業21年甲級男女排球聯賽_set2,17,450.1,457.717,450.6,457.217
03⧸15(日) 13_00｜例行賽G106 #屏東台電 vs. #雲林美津濃｜企業21年甲級男女排球聯賽_set2,18,477.583,484.383,478.083,483.883
03⧸15(日) 13_00｜例行賽G106 #屏東台電 vs. #雲林美津濃｜企業21年甲級男女排球聯賽_set2,19,1143.633,1151.25,1144.133,1150.75
03⧸15(日) 13_00｜例行賽G106 #屏東台電 vs. #雲林美津濃｜企業21年甲級男女排球聯賽_set2,20,1225.067,1232.983,1225.567,1232.483
03⧸15(日) 13_00｜例行賽G106 #屏東台電 vs. #雲林美津濃｜企業21年甲級男女排球聯賽_set2,21,1254.117,1263.083,1254.617,1262.583
03⧸15(日) 13_00｜例行賽G106 #屏東台電 vs. #雲林美津濃｜企業21年甲級男女排球聯賽_set2,22,1281.283,1292.817,1281.783,1292.317
03⧸15(日) 13_00｜例行賽G106 #屏東台電 vs. #雲林美津濃｜企業21年甲級男女排球聯賽_set2,23,1317.733,1324.617,1318.233,1324.117
03⧸15(日) 13_00｜例行賽G106 #屏東台電 vs. #雲林美津濃｜企業21年甲級男女排球聯賽_set2,24,1346.933,1354.483,1347.433,1353.983
03⧸15(日) 13_00｜例行賽G106 #屏東台電 vs. #雲林美津濃｜企業21年甲級男女排球聯賽_set2,25,1375.15,1387.783,1375.65,1387.283
03⧸15(日) 13_00｜例行賽G106 #屏東台電 vs. #雲林美津濃｜企業21年甲級男女排球聯賽_set2,26,1413.567,1424.867,1414.067,1424.367
03⧸15(日) 13_00｜例行賽G106 #屏東台電 vs. #雲林美津濃｜企業21年甲級男女排球聯賽_set2,27,1443.733,1452.017,1444.233,1451.517
03⧸15(日) 13_00｜例行賽G106 #屏東台電 vs. #雲林美津濃｜企業21年甲級男女排球聯賽_set2,28,1470.383,1477.417,1470.883,1476.917
03⧸15(日) 13_00｜例行賽G106 #屏東台電 vs. #雲林美津濃｜企業21年甲級男女排球聯賽_set2,29,1495.85,1503.333,1496.35,1502.833
03⧸15(日) 13_00｜例行賽G106 #屏東台電 vs. #雲林美津濃｜企業21年甲級男女排球聯賽_set2,30,1524.783,1528.517,1525.283,1528.017
03⧸15(日) 13_00｜例行賽G106 #屏東台電 vs. #雲林美津濃｜企業21年甲級男女排球聯賽_set2,31,1544.667,1551.683,1545.167,1551.183
03⧸15(日) 13_00｜例行賽G106 #屏東台電 vs. #雲林美津濃｜企業21年甲級男女排球聯賽_set2,32,1572.15,1579.8,1572.65,1579.3
03⧸15(日) 13_00｜例行賽G106 #屏東台電 vs. #雲林美津濃｜企業21年甲級男女排球聯賽_set2,33,1601.833,1609.067,1602.333,1608.567
03⧸15(日) 13_00｜例行賽G106 #屏東台電 vs. #雲林美津濃｜企業21年甲級男女排球聯賽_set2,34,1630.717,1638.4,1631.217,1637.9
03⧸15(日) 13_00｜例行賽G106 #屏東台電 vs. #雲林美津濃｜企業21年甲級男女排球聯賽_set2,35,1706.267,1713.9,1706.767,1713.4
03⧸15(日) 13_00｜例行賽G106 #屏東台電 vs. #雲林美津濃｜企業21年甲級男女排球聯賽_set2,36,1733.717,1739.967,1734.217,1739.467
03⧸15(日) 13_00｜例行賽G106 #屏東台電 vs. #雲林美津濃｜企業21年甲級男女排球聯賽_set2,45,1756.767,1781.783,1757.267,1781.283
03⧸15(日) 13_00｜例行賽G106 #屏東台電 vs. #雲林美津濃｜企業21年甲級男女排球聯賽_set2,38,1811.117,1818.633,1811.617,1818.133
03⧸15(日) 13_00｜例行賽G106 #屏東台電 vs. #雲林美津濃｜企業21年甲級男女排球聯賽_set2,39,1845.767,1849.633,1846.267,1849.133
03⧸15(日) 13_00｜例行賽G106 #屏東台電 vs. #雲林美津濃｜企業21年甲級男女排球聯賽_set2,40,1868.367,1875.5,1868.867,1875.0
03⧸15(日) 13_00｜例行賽G106 #屏東台電 vs. #雲林美津濃｜企業21年甲級男女排球聯賽_set2,41,1897.417,1901.25,1897.917,1900.75
03⧸15(日) 13_00｜例行賽G106 #屏東台電 vs. #雲林美津濃｜企業21年甲級男女排球聯賽_set2,42,1922.183,1929.917,1922.683,1929.417
03⧸15(日) 13_00｜例行賽G106 #屏東台電 vs. #雲林美津濃｜企業21年甲級男女排球聯賽_set2,43,1953.533,1958.483,1954.033,1957.983
03⧸15(日) 13_00｜例行賽G106 #屏東台電 vs. #雲林美津濃｜企業21年甲級男女排球聯賽_set2,44,1978.767,1986.267,1979.267,1985.767
03⧸15(日) 13_00｜例行賽G106 #屏東台電 vs. #雲林美津濃｜企業21年甲級男女排球聯賽_set3,1,0.217,7.117,0.733,6.617
03⧸15(日) 13_00｜例行賽G106 #屏東台電 vs. #雲林美津濃｜企業21年甲級男女排球聯賽_set3,2,26.5,40.75,27.0,40.25
03⧸15(日) 13_00｜例行賽G106 #屏東台電 vs. #雲林美津濃｜企業21年甲級男女排球聯賽_set3,3,63.283,76.2,63.783,75.7
03⧸15(日) 13_00｜例行賽G106 #屏東台電 vs. #雲林美津濃｜企業21年甲級男女排球聯賽_set3,4,94.283,102.333,94.783,101.833
03⧸15(日) 13_00｜例行賽G106 #屏東台電 vs. #雲林美津濃｜企業21年甲級男女排球聯賽_set3,5,123.1,134.883,123.6,134.383
03⧸15(日) 13_00｜例行賽G106 #屏東台電 vs. #雲林美津濃｜企業21年甲級男女排球聯賽_set3,6,157.533,168.417,158.033,167.917
03⧸15(日) 13_00｜例行賽G106 #屏東台電 vs. #雲林美津濃｜企業21年甲級男女排球聯賽_set3,7,189.067,209.483,189.567,208.983
03⧸15(日) 13_00｜例行賽G106 #屏東台電 vs. #雲林美津濃｜企業21年甲級男女排球聯賽_set3,8,244.15,247.967,244.65,247.467
03⧸15(日) 13_00｜例行賽G106 #屏東台電 vs. #雲林美津濃｜企業21年甲級男女排球聯賽_set3,9,271.433,279.117,271.933,278.617
03⧸15(日) 13_00｜例行賽G106 #屏東台電 vs. #雲林美津濃｜企業21年甲級男女排球聯賽_set3,10,301.917,312.533,302.417,312.033
03⧸15(日) 13_00｜例行賽G106 #屏東台電 vs. #雲林美津濃｜企業21年甲級男女排球聯賽_set3,11,338.917,372.467,339.417,371.967
03⧸15(日) 13_00｜例行賽G106 #屏東台電 vs. #雲林美津濃｜企業21年甲級男女排球聯賽_set3,12,455.6,461.95,456.1,461.45
03⧸15(日) 13_00｜例行賽G106 #屏東台電 vs. #雲林美津濃｜企業21年甲級男女排球聯賽_set3,13,481.1,488.183,481.6,487.683
03⧸15(日) 13_00｜例行賽G106 #屏東台電 vs. #雲林美津濃｜企業21年甲級男女排球聯賽_set3,14,510.05,517.283,510.55,516.783
03⧸15(日) 13_00｜例行賽G106 #屏東台電 vs. #雲林美津濃｜企業21年甲級男女排球聯賽_set3,15,537.067,545.117,537.567,544.617
03⧸15(日) 13_00｜例行賽G106 #屏東台電 vs. #雲林美津濃｜企業21年甲級男女排球聯賽_set3,16,561.317,574.9,561.817,574.4
03⧸15(日) 13_00｜例行賽G106 #屏東台電 vs. #雲林美津濃｜企業21年甲級男女排球聯賽_set3,17,592.083,598.983,592.583,598.483
03⧸15(日) 13_00｜例行賽G106 #屏東台電 vs. #雲林美津濃｜企業21年甲級男女排球聯賽_set3,18,616.933,624.15,617.433,623.65
03⧸15(日) 13_00｜例行賽G106 #屏東台電 vs. #雲林美津濃｜企業21年甲級男女排球聯賽_set3,19,644.35,650.767,644.85,650.267
03⧸15(日) 13_00｜例行賽G106 #屏東台電 vs. #雲林美津濃｜企業21年甲級男女排球聯賽_set3,20,671.083,678.033,671.583,677.533
03⧸15(日) 13_00｜例行賽G106 #屏東台電 vs. #雲林美津濃｜企業21年甲級男女排球聯賽_set3,21,701.15,707.983,701.65,707.483
03⧸15(日) 13_00｜例行賽G106 #屏東台電 vs. #雲林美津濃｜企業21年甲級男女排球聯賽_set3,22,728.167,734.983,728.667,734.483
03⧸15(日) 13_00｜例行賽G106 #屏東台電 vs. #雲林美津濃｜企業21年甲級男女排球聯賽_set3,23,881.833,891.183,882.333,890.683
03⧸15(日) 13_00｜例行賽G106 #屏東台電 vs. #雲林美津濃｜企業21年甲級男女排球聯賽_set3,24,916.15,923.083,916.65,922.583
03⧸15(日) 13_00｜例行賽G106 #屏東台電 vs. #雲林美津濃｜企業21年甲級男女排球聯賽_set3,25,946.65,953.75,947.15,953.25
03⧸15(日) 13_00｜例行賽G106 #屏東台電 vs. #雲林美津濃｜企業21年甲級男女排球聯賽_set3,26,973.833,978.033,974.333,977.533
03⧸15(日) 13_00｜例行賽G106 #屏東台電 vs. #雲林美津濃｜企業21年甲級男女排球聯賽_set3,27,994.783,1016.9,995.283,1016.4
03⧸15(日) 13_00｜例行賽G106 #屏東台電 vs. #雲林美津濃｜企業21年甲級男女排球聯賽_set3,28,1037.383,1045.267,1037.883,1044.767
03⧸15(日) 13_00｜例行賽G106 #屏東台電 vs. #雲林美津濃｜企業21年甲級男女排球聯賽_set3,29,1061.917,1068.717,1062.417,1068.217
03⧸15(日) 13_00｜例行賽G106 #屏東台電 vs. #雲林美津濃｜企業21年甲級男女排球聯賽_set3,30,1083.5,1089.733,1084.0,1089.233
03⧸15(日) 13_00｜例行賽G106 #屏東台電 vs. #雲林美津濃｜企業21年甲級男女排球聯賽_set3,31,1109.983,1117.367,1110.483,1116.867
03⧸15(日) 13_00｜例行賽G106 #屏東台電 vs. #雲林美津濃｜企業21年甲級男女排球聯賽_set3,32,1137.333,1156.833,1137.833,1156.333
03⧸15(日) 13_00｜例行賽G106 #屏東台電 vs. #雲林美津濃｜企業21年甲級男女排球聯賽_set3,33,1178.967,1187.15,1179.467,1186.65
03⧸15(日) 13_00｜例行賽G106 #屏東台電 vs. #雲林美津濃｜企業21年甲級男女排球聯賽_set3,34,1206.167,1218.917,1206.667,1218.417
03⧸15(日) 13_00｜例行賽G106 #屏東台電 vs. #雲林美津濃｜企業21年甲級男女排球聯賽_set3,35,1243.733,1248.033,1244.233,1247.533
03⧸15(日) 13_00｜例行賽G106 #屏東台電 vs. #雲林美津濃｜企業21年甲級男女排球聯賽_set3,36,1317.367,1321.733,1317.867,1321.233
03⧸15(日) 13_00｜例行賽G106 #屏東台電 vs. #雲林美津濃｜企業21年甲級男女排球聯賽_set3,37,1339.433,1343.067,1339.933,1342.567
03⧸15(日) 13_00｜例行賽G106 #屏東台電 vs. #雲林美津濃｜企業21年甲級男女排球聯賽_set3,38,1378.083,1396.633,1378.583,1396.133
03⧸15(日) 13_00｜例行賽G106 #屏東台電 vs. #雲林美津濃｜企業21年甲級男女排球聯賽_set3,39,1428.183,1437.417,1428.683,1436.917
03⧸15(日) 13_00｜例行賽G106 #屏東台電 vs. #雲林美津濃｜企業21年甲級男女排球聯賽_set3,40,1462.717,1469.383,1463.217,1468.883
03⧸15(日) 13_00｜例行賽G106 #屏東台電 vs. #雲林美津濃｜企業21年甲級男女排球聯賽_set3,41,1488.102,1491.067,1488.102,1490.55
03⧸15(日) 13_00｜例行賽G106 #屏東台電 vs. #雲林美津濃｜企業21年甲級男女排球聯賽_set3,42,1508.95,1515.967,1509.45,1515.467
03⧸15(日) 13_00｜例行賽G106 #屏東台電 vs. #雲林美津濃｜企業21年甲級男女排球聯賽_set3,43,1542.617,1550.117,1543.117,1549.617
03⧸15(日) 13_00｜例行賽G106 #屏東台電 vs. #雲林美津濃｜企業21年甲級男女排球聯賽_set3,44,1569.5,1573.95,1570.0,1573.45
03⧸15(日) 13_00｜例行賽G106 #屏東台電 vs. #雲林美津濃｜企業21年甲級男女排球聯賽_set3,45,1662.367,1670.233,1662.867,1669.733
03⧸15(日) 13_00｜例行賽G106 #屏東台電 vs. #雲林美津濃｜企業21年甲級男女排球聯賽_set3,46,1691.2,1697.717,1691.7,1697.217
03⧸15(日) 13_00｜例行賽G106 #屏東台電 vs. #雲林美津濃｜企業21年甲級男女排球聯賽_set3,47,1717.767,1730.7,1718.267,1729.997005
03⧸15(日) 15_00｜例行賽G107 #桃園臺灣產險 vs. #獅子王｜企業21年甲級男女排球聯賽_set1,1,-1.433,5.383,0.0,4.883
03⧸15(日) 15_00｜例行賽G107 #桃園臺灣產險 vs. #獅子王｜企業21年甲級男女排球聯賽_set1,2,24.817,31.65,25.317,31.15
03⧸15(日) 15_00｜例行賽G107 #桃園臺灣產險 vs. #獅子王｜企業21年甲級男女排球聯賽_set1,3,51.4,58.517,51.9,58.017
03⧸15(日) 15_00｜例行賽G107 #桃園臺灣產險 vs. #獅子王｜企業21年甲級男女排球聯賽_set1,4,75.833,82.933,76.333,82.417
03⧸15(日) 15_00｜例行賽G107 #桃園臺灣產險 vs. #獅子王｜企業21年甲級男女排球聯賽_set1,5,101.9,105.783,102.4,105.283
03⧸15(日) 15_00｜例行賽G107 #桃園臺灣產險 vs. #獅子王｜企業21年甲級男女排球聯賽_set1,6,120.15,128.167,120.65,127.667
03⧸15(日) 15_00｜例行賽G107 #桃園臺灣產險 vs. #獅子王｜企業21年甲級男女排球聯賽_set1,7,148.817,155.733,149.317,155.233
03⧸15(日) 15_00｜例行賽G107 #桃園臺灣產險 vs. #獅子王｜企業21年甲級男女排球聯賽_set1,8,173.717,177.55,174.2,177.05
03⧸15(日) 15_00｜例行賽G107 #桃園臺灣產險 vs. #獅子王｜企業21年甲級男女排球聯賽_set1,9,196.167,203.217,196.667,202.717
03⧸15(日) 15_00｜例行賽G107 #桃園臺灣產險 vs. #獅子王｜企業21年甲級男女排球聯賽_set1,10,223.167,227.033,223.65,226.533
03⧸15(日) 15_00｜例行賽G107 #桃園臺灣產險 vs. #獅子王｜企業21年甲級男女排球聯賽_set1,11,242.3,249.183,242.8,248.683
03⧸15(日) 15_00｜例行賽G107 #桃園臺灣產險 vs. #獅子王｜企業21年甲級男女排球聯賽_set1,12,268.717,276.183,269.217,275.683
03⧸15(日) 15_00｜例行賽G107 #桃園臺灣產險 vs. #獅子王｜企業21年甲級男女排球聯賽_set1,13,295.483,302.467,295.983,301.95
03⧸15(日) 15_00｜例行賽G107 #桃園臺灣產險 vs. #獅子王｜企業21年甲級男女排球聯賽_set1,14,318.167,326.183,318.667,325.683
03⧸15(日) 15_00｜例行賽G107 #桃園臺灣產險 vs. #獅子王｜企業21年甲級男女排球聯賽_set1,15,343.117,348.6,343.617,348.1
03⧸15(日) 15_00｜例行賽G107 #桃園臺灣產險 vs. #獅子王｜企業21年甲級男女排球聯賽_set1,16,365.15,376.55,365.65,376.05
03⧸15(日) 15_00｜例行賽G107 #桃園臺灣產險 vs. #獅子王｜企業21年甲級男女排球聯賽_set1,17,394.6,399.15,395.1,398.65
03⧸15(日) 15_00｜例行賽G107 #桃園臺灣產險 vs. #獅子王｜企業21年甲級男女排球聯賽_set1,18,467.283,476.417,467.783,475.917
03⧸15(日) 15_00｜例行賽G107 #桃園臺灣產險 vs. #獅子王｜企業21年甲級男女排球聯賽_set1,19,500.917,507.933,501.417,507.433
03⧸15(日) 15_00｜例行賽G107 #桃園臺灣產險 vs. #獅子王｜企業21年甲級男女排球聯賽_set1,20,529.15,538.717,529.65,538.217
03⧸15(日) 15_00｜例行賽G107 #桃園臺灣產險 vs. #獅子王｜企業21年甲級男女排球聯賽_set1,21,559.417,567.55,559.917,567.05
03⧸15(日) 15_00｜例行賽G107 #桃園臺灣產險 vs. #獅子王｜企業21年甲級男女排球聯賽_set1,22,668.167,672.033,668.667,671.533
03⧸15(日) 15_00｜例行賽G107 #桃園臺灣產險 vs. #獅子王｜企業21年甲級男女排球聯賽_set1,23,689.517,706.55,690.017,706.05
03⧸15(日) 15_00｜例行賽G107 #桃園臺灣產險 vs. #獅子王｜企業21年甲級男女排球聯賽_set1,24,728.0,738.367,728.5,737.867
03⧸15(日) 15_00｜例行賽G107 #桃園臺灣產險 vs. #獅子王｜企業21年甲級男女排球聯賽_set1,25,756.1,759.95,756.6,759.45
03⧸15(日) 15_00｜例行賽G107 #桃園臺灣產險 vs. #獅子王｜企業21年甲級男女排球聯賽_set1,26,778.65,785.767,779.15,785.267
03⧸15(日) 15_00｜例行賽G107 #桃園臺灣產險 vs. #獅子王｜企業21年甲級男女排球聯賽_set1,27,807.617,815.85,808.117,815.35
03⧸15(日) 15_00｜例行賽G107 #桃園臺灣產險 vs. #獅子王｜企業21年甲級男女排球聯賽_set1,28,894.383,901.55,894.883,901.05
03⧸15(日) 15_00｜例行賽G107 #桃園臺灣產險 vs. #獅子王｜企業21年甲級男女排球聯賽_set1,29,924.367,928.35,924.867,927.85
03⧸15(日) 15_00｜例行賽G107 #桃園臺灣產險 vs. #獅子王｜企業21年甲級男女排球聯賽_set1,30,944.967,951.067,945.467,950.567
03⧸15(日) 15_00｜例行賽G107 #桃園臺灣產險 vs. #獅子王｜企業21年甲級男女排球聯賽_set1,31,970.017,977.033,970.517,976.533
03⧸15(日) 15_00｜例行賽G107 #桃園臺灣產險 vs. #獅子王｜企業21年甲級男女排球聯賽_set1,32,994.067,1000.767,994.55,1000.267
03⧸15(日) 15_00｜例行賽G107 #桃園臺灣產險 vs. #獅子王｜企業21年甲級男女排球聯賽_set1,33,1019.017,1023.15,1019.517,1022.65
03⧸15(日) 15_00｜例行賽G107 #桃園臺灣產險 vs. #獅子王｜企業21年甲級男女排球聯賽_set1,34,1052.033,1059.067,1052.533,1058.567
03⧸15(日) 15_00｜例行賽G107 #桃園臺灣產險 vs. #獅子王｜企業21年甲級男女排球聯賽_set1,35,1078.7,1086.583,1079.2,1086.083
03⧸15(日) 15_00｜例行賽G107 #桃園臺灣產險 vs. #獅子王｜企業21年甲級男女排球聯賽_set1,36,1115.1,1135.45,1115.6,1134.95
03⧸15(日) 15_00｜例行賽G107 #桃園臺灣產險 vs. #獅子王｜企業21年甲級男女排球聯賽_set1,37,1207.517,1219.733,1208.017,1219.233
03⧸15(日) 15_00｜例行賽G107 #桃園臺灣產險 vs. #獅子王｜企業21年甲級男女排球聯賽_set1,38,1249.45,1256.9,1249.95,1256.4
03⧸15(日) 15_00｜例行賽G107 #桃園臺灣產險 vs. #獅子王｜企業21年甲級男女排球聯賽_set1,39,1319.8,1324.167,1320.3,1323.667
03⧸15(日) 15_00｜例行賽G107 #桃園臺灣產險 vs. #獅子王｜企業21年甲級男女排球聯賽_set1,40,1351.633,1360.467,1352.133,1359.967
03⧸15(日) 15_00｜例行賽G107 #桃園臺灣產險 vs. #獅子王｜企業21年甲級男女排球聯賽_set1,41,1380.15,1388.283,1380.65,1387.783
03⧸15(日) 15_00｜例行賽G107 #桃園臺灣產險 vs. #獅子王｜企業21年甲級男女排球聯賽_set1,42,1411.217,1418.5,1411.717,1418.0
03⧸15(日) 15_00｜例行賽G107 #桃園臺灣產險 vs. #獅子王｜企業21年甲級男女排球聯賽_set1,43,1446.6,1457.667,1447.1,1457.167
03⧸15(日) 15_00｜例行賽G107 #桃園臺灣產險 vs. #獅子王｜企業21年甲級男女排球聯賽_set1,44,1482.967,1492.033,1483.467,1491.533
03⧸15(日) 15_00｜例行賽G107 #桃園臺灣產險 vs. #獅子王｜企業21年甲級男女排球聯賽_set1,45,1511.817,1518.467,1512.317,1517.967
03⧸15(日) 15_00｜例行賽G107 #桃園臺灣產險 vs. #獅子王｜企業21年甲級男女排球聯賽_set1,46,1589.117,1596.217,1589.617,1595.717
03⧸15(日) 15_00｜例行賽G107 #桃園臺灣產險 vs. #獅子王｜企業21年甲級男女排球聯賽_set1,47,1694.217,1710.433,1694.717,1708.966016
03⧸15(日) 17_00｜例行賽G108 #新北中纖 vs. #高雄台電｜企業21年甲級男女排球聯賽_set1,1,-0.117,7.433,0.383,6.933
03⧸15(日) 17_00｜例行賽G108 #新北中纖 vs. #高雄台電｜企業21年甲級男女排球聯賽_set1,2,22.283,28.25,22.783,27.75
03⧸15(日) 17_00｜例行賽G108 #新北中纖 vs. #高雄台電｜企業21年甲級男女排球聯賽_set1,3,45.217,51.85,45.717,51.35
03⧸15(日) 17_00｜例行賽G108 #新北中纖 vs. #高雄台電｜企業21年甲級男女排球聯賽_set1,4,68.3,73.817,68.8,73.317
03⧸15(日) 17_00｜例行賽G108 #新北中纖 vs. #高雄台電｜企業21年甲級男女排球聯賽_set1,5,89.583,115.333,90.083,114.833
03⧸15(日) 17_00｜例行賽G108 #新北中纖 vs. #高雄台電｜企業21年甲級男女排球聯賽_set1,6,132.033,142.867,132.533,142.367
03⧸15(日) 17_00｜例行賽G108 #新北中纖 vs. #高雄台電｜企業21年甲級男女排球聯賽_set1,7,161.05,165.4,161.55,164.9
03⧸15(日) 17_00｜例行賽G108 #新北中纖 vs. #高雄台電｜企業21年甲級男女排球聯賽_set1,8,181.317,192.817,181.817,192.317
03⧸15(日) 17_00｜例行賽G108 #新北中纖 vs. #高雄台電｜企業21年甲級男女排球聯賽_set1,9,213.95,230.367,214.45,229.867
03⧸15(日) 17_00｜例行賽G108 #新北中纖 vs. #高雄台電｜企業21年甲級男女排球聯賽_set1,10,285.0,301.467,285.5,300.967
03⧸15(日) 17_00｜例行賽G108 #新北中纖 vs. #高雄台電｜企業21年甲級男女排球聯賽_set1,11,320.933,334.017,321.433,333.517
03⧸15(日) 17_00｜例行賽G108 #新北中纖 vs. #高雄台電｜企業21年甲級男女排球聯賽_set1,12,350.7,375.617,351.2,375.117
03⧸15(日) 17_00｜例行賽G108 #新北中纖 vs. #高雄台電｜企業21年甲級男女排球聯賽_set1,13,395.117,404.633,395.617,404.133
03⧸15(日) 17_00｜例行賽G108 #新北中纖 vs. #高雄台電｜企業21年甲級男女排球聯賽_set1,14,424.967,430.883,425.467,430.383
03⧸15(日) 17_00｜例行賽G108 #新北中纖 vs. #高雄台電｜企業21年甲級男女排球聯賽_set1,15,446.133,452.6,446.633,452.1
03⧸15(日) 17_00｜例行賽G108 #新北中纖 vs. #高雄台電｜企業21年甲級男女排球聯賽_set1,16,468.367,476.283,468.867,475.783
03⧸15(日) 17_00｜例行賽G108 #新北中纖 vs. #高雄台電｜企業21年甲級男女排球聯賽_set1,17,494.0,507.85,494.5,507.35
03⧸15(日) 17_00｜例行賽G108 #新北中纖 vs. #高雄台電｜企業21年甲級男女排球聯賽_set1,18,527.683,539.217,528.183,538.717
03⧸15(日) 17_00｜例行賽G108 #新北中纖 vs. #高雄台電｜企業21年甲級男女排球聯賽_set1,19,556.467,572.55,556.967,572.05
03⧸15(日) 17_00｜例行賽G108 #新北中纖 vs. #高雄台電｜企業21年甲級男女排球聯賽_set1,20,591.2,602.133,591.7,601.633
03⧸15(日) 17_00｜例行賽G108 #新北中纖 vs. #高雄台電｜企業21年甲級男女排球聯賽_set1,21,621.517,633.483,622.017,632.983
03⧸15(日) 17_00｜例行賽G108 #新北中纖 vs. #高雄台電｜企業21年甲級男女排球聯賽_set1,22,654.417,669.533,654.917,669.033
03⧸15(日) 17_00｜例行賽G108 #新北中纖 vs. #高雄台電｜企業21年甲級男女排球聯賽_set1,23,690.167,703.417,690.667,702.917
03⧸15(日) 17_00｜例行賽G108 #新北中纖 vs. #高雄台電｜企業21年甲級男女排球聯賽_set1,24,775.233,781.517,775.733,781.017
03⧸15(日) 17_00｜例行賽G108 #新北中纖 vs. #高雄台電｜企業21年甲級男女排球聯賽_set1,25,796.8,803.383,797.3,802.883
03⧸15(日) 17_00｜例行賽G108 #新北中纖 vs. #高雄台電｜企業21年甲級男女排球聯賽_set1,26,822.567,828.167,823.067,827.667
03⧸15(日) 17_00｜例行賽G108 #新北中纖 vs. #高雄台電｜企業21年甲級男女排球聯賽_set1,27,846.067,856.233,846.567,855.733
03⧸15(日) 17_00｜例行賽G108 #新北中纖 vs. #高雄台電｜企業21年甲級男女排球聯賽_set1,28,873.45,894.8,873.95,894.3
03⧸15(日) 17_00｜例行賽G108 #新北中纖 vs. #高雄台電｜企業21年甲級男女排球聯賽_set1,29,922.917,930.517,923.417,930.017
03⧸15(日) 17_00｜例行賽G108 #新北中纖 vs. #高雄台電｜企業21年甲級男女排球聯賽_set1,30,948.283,955.967,948.783,955.467
03⧸15(日) 17_00｜例行賽G108 #新北中纖 vs. #高雄台電｜企業21年甲級男女排球聯賽_set1,31,973.1,977.9,973.6,977.4
03⧸15(日) 17_00｜例行賽G108 #新北中纖 vs. #高雄台電｜企業21年甲級男女排球聯賽_set1,32,994.067,1001.85,994.567,1001.35
03⧸15(日) 17_00｜例行賽G108 #新北中纖 vs. #高雄台電｜企業21年甲級男女排球聯賽_set1,33,1022.033,1030.233,1022.533,1029.733
03⧸15(日) 17_00｜例行賽G108 #新北中纖 vs. #高雄台電｜企業21年甲級男女排球聯賽_set1,34,1173.433,1187.917,1173.933,1187.417
03⧸15(日) 17_00｜例行賽G108 #新北中纖 vs. #高雄台電｜企業21年甲級男女排球聯賽_set1,35,1257.55,1266.067,1258.05,1265.567
03⧸15(日) 17_00｜例行賽G108 #新北中纖 vs. #高雄台電｜企業21年甲級男女排球聯賽_set1,36,1281.833,1285.933,1282.333,1285.433
03⧸15(日) 17_00｜例行賽G108 #新北中纖 vs. #高雄台電｜企業21年甲級男女排球聯賽_set1,37,1300.683,1304.95,1301.183,1304.45
03⧸15(日) 17_00｜例行賽G108 #新北中纖 vs. #高雄台電｜企業21年甲級男女排球聯賽_set1,38,1330.567,1339.683,1331.067,1339.183
03⧸15(日) 17_00｜例行賽G108 #新北中纖 vs. #高雄台電｜企業21年甲級男女排球聯賽_set1,39,1357.767,1365.867,1358.267,1365.367
03⧸15(日) 17_00｜例行賽G108 #新北中纖 vs. #高雄台電｜企業21年甲級男女排球聯賽_set1,40,1385.817,1399.283,1386.317,1398.783
03⧸15(日) 17_00｜例行賽G108 #新北中纖 vs. #高雄台電｜企業21年甲級男女排球聯賽_set1,41,1417.317,1428.883,1417.817,1428.383
03⧸15(日) 17_00｜例行賽G108 #新北中纖 vs. #高雄台電｜企業21年甲級男女排球聯賽_set1,42,1496.467,1538.95,1496.967,1538.45
03⧸15(日) 17_00｜例行賽G108 #新北中纖 vs. #高雄台電｜企業21年甲級男女排球聯賽_set1,43,1562.917,1591.483,1563.417,1590.983
03⧸15(日) 17_00｜例行賽G108 #新北中纖 vs. #高雄台電｜企業21年甲級男女排球聯賽_set1,44,1639.633,1646.05,1640.133,1645.55
03⧸15(日) 17_00｜例行賽G108 #新北中纖 vs. #高雄台電｜企業21年甲級男女排球聯賽_set1,45,1666.217,1673.8,1666.717,1673.3
03⧸15(日) 17_00｜例行賽G108 #新北中纖 vs. #高雄台電｜企業21年甲級男女排球聯賽_set1,46,1692.533,1701.617,1693.033,1701.117
03⧸15(日) 17_00｜例行賽G108 #新北中纖 vs. #高雄台電｜企業21年甲級男女排球聯賽_set1,47,1774.783,1787.367,1775.283,1786.867
03⧸15(日) 17_00｜例行賽G108 #新北中纖 vs. #高雄台電｜企業21年甲級男女排球聯賽_set1,48,1850.517,1868.783,1851.017,1868.18099
03⧸15(日) 17_00｜例行賽G108 #新北中纖 vs. #高雄台電｜企業21年甲級男女排球聯賽_set2,1,-1.5,5.7,0.0,5.2
03⧸15(日) 17_00｜例行賽G108 #新北中纖 vs. #高雄台電｜企業21年甲級男女排球聯賽_set2,2,26.767,33.617,27.267,33.117
03⧸15(日) 17_00｜例行賽G108 #新北中纖 vs. #高雄台電｜企業21年甲級男女排球聯賽_set2,3,54.467,61.9,54.967,61.4
03⧸15(日) 17_00｜例行賽G108 #新北中纖 vs. #高雄台電｜企業21年甲級男女排球聯賽_set2,4,77.5,85.367,78.0,84.867
03⧸15(日) 17_00｜例行賽G108 #新北中纖 vs. #高雄台電｜企業21年甲級男女排球聯賽_set2,5,98.817,109.717,99.317,109.217
03⧸15(日) 17_00｜例行賽G108 #新北中纖 vs. #高雄台電｜企業21年甲級男女排球聯賽_set2,6,128.85,141.15,129.35,140.65
03⧸15(日) 17_00｜例行賽G108 #新北中纖 vs. #高雄台電｜企業21年甲級男女排球聯賽_set2,7,162.0,165.8,162.5,165.3
03⧸15(日) 17_00｜例行賽G108 #新北中纖 vs. #高雄台電｜企業21年甲級男女排球聯賽_set2,8,182.95,194.683,183.45,194.183
03⧸15(日) 17_00｜例行賽G108 #新北中纖 vs. #高雄台電｜企業21年甲級男女排球聯賽_set2,9,211.767,230.117,212.267,229.617
03⧸15(日) 17_00｜例行賽G108 #新北中纖 vs. #高雄台電｜企業21年甲級男女排球聯賽_set2,10,249.667,268.533,250.167,268.033
03⧸15(日) 17_00｜例行賽G108 #新北中纖 vs. #高雄台電｜企業21年甲級男女排球聯賽_set2,11,349.1,352.717,349.6,352.217
03⧸15(日) 17_00｜例行賽G108 #新北中纖 vs. #高雄台電｜企業21年甲級男女排球聯賽_set2,12,369.667,376.783,370.167,376.283
03⧸15(日) 17_00｜例行賽G108 #新北中纖 vs. #高雄台電｜企業21年甲級男女排球聯賽_set2,13,395.817,411.55,396.317,411.05
03⧸15(日) 17_00｜例行賽G108 #新北中纖 vs. #高雄台電｜企業21年甲級男女排球聯賽_set2,14,430.033,437.05,430.533,436.55
03⧸15(日) 17_00｜例行賽G108 #新北中纖 vs. #高雄台電｜企業21年甲級男女排球聯賽_set2,15,455.95,469.783,456.45,469.283
03⧸15(日) 17_00｜例行賽G108 #新北中纖 vs. #高雄台電｜企業21年甲級男女排球聯賽_set2,16,505.333,515.1,505.833,514.6
03⧸15(日) 17_00｜例行賽G108 #新北中纖 vs. #高雄台電｜企業21年甲級男女排球聯賽_set2,17,535.867,546.85,536.367,546.35
03⧸15(日) 17_00｜例行賽G108 #新北中纖 vs. #高雄台電｜企業21年甲級男女排球聯賽_set2,18,639.883,644.367,640.383,643.867
03⧸15(日) 17_00｜例行賽G108 #新北中纖 vs. #高雄台電｜企業21年甲級男女排球聯賽_set2,19,661.833,687.417,662.333,686.917
03⧸15(日) 17_00｜例行賽G108 #新北中纖 vs. #高雄台電｜企業21年甲級男女排球聯賽_set2,20,716.383,722.6,716.883,722.1
03⧸15(日) 17_00｜例行賽G108 #新北中纖 vs. #高雄台電｜企業21年甲級男女排球聯賽_set2,21,791.683,804.017,792.183,803.517
03⧸15(日) 17_00｜例行賽G108 #新北中纖 vs. #高雄台電｜企業21年甲級男女排球聯賽_set2,22,825.333,842.2,825.833,841.7
03⧸15(日) 17_00｜例行賽G108 #新北中纖 vs. #高雄台電｜企業21年甲級男女排球聯賽_set2,23,1026.467,1032.85,1026.967,1032.35
03⧸15(日) 17_00｜例行賽G108 #新北中纖 vs. #高雄台電｜企業21年甲級男女排球聯賽_set2,24,1050.583,1058.417,1051.083,1057.917
03⧸15(日) 17_00｜例行賽G108 #新北中纖 vs. #高雄台電｜企業21年甲級男女排球聯賽_set2,25,1075.4,1084.317,1075.9,1083.817
03⧸15(日) 17_00｜例行賽G108 #新北中纖 vs. #高雄台電｜企業21年甲級男女排球聯賽_set2,26,1102.8,1110.2,1103.3,1109.7
03⧸15(日) 17_00｜例行賽G108 #新北中纖 vs. #高雄台電｜企業21年甲級男女排球聯賽_set2,27,1127.05,1131.95,1127.55,1131.45
03⧸15(日) 17_00｜例行賽G108 #新北中纖 vs. #高雄台電｜企業21年甲級男女排球聯賽_set2,28,1201.8,1209.083,1202.3,1208.583
03⧸15(日) 17_00｜例行賽G108 #新北中纖 vs. #高雄台電｜企業21年甲級男女排球聯賽_set2,29,1225.4,1241.667,1225.9,1241.167
03⧸15(日) 17_00｜例行賽G108 #新北中纖 vs. #高雄台電｜企業21年甲級男女排球聯賽_set2,30,1268.633,1285.717,1269.133,1285.217
03⧸15(日) 17_00｜例行賽G108 #新北中纖 vs. #高雄台電｜企業21年甲級男女排球聯賽_set2,31,1306.917,1347.65,1307.417,1347.15
03⧸15(日) 17_00｜例行賽G108 #新北中纖 vs. #高雄台電｜企業21年甲級男女排球聯賽_set2,32,1377.2,1391.383,1377.7,1390.883
03⧸15(日) 17_00｜例行賽G108 #新北中纖 vs. #高雄台電｜企業21年甲級男女排球聯賽_set2,33,1410.233,1418.05,1410.733,1417.55
03⧸15(日) 17_00｜例行賽G108 #新北中纖 vs. #高雄台電｜企業21年甲級男女排球聯賽_set2,34,1436.917,1449.8,1437.417,1449.3
03⧸15(日) 17_00｜例行賽G108 #新北中纖 vs. #高雄台電｜企業21年甲級男女排球聯賽_set2,35,1469.067,1488.583,1469.567,1488.083
03⧸15(日) 17_00｜例行賽G108 #新北中纖 vs. #高雄台電｜企業21年甲級男女排球聯賽_set2,36,1508.733,1516.233,1509.233,1515.733
03⧸15(日) 17_00｜例行賽G108 #新北中纖 vs. #高雄台電｜企業21年甲級男女排球聯賽_set2,37,1534.167,1544.167,1534.667,1543.667
03⧸15(日) 17_00｜例行賽G108 #新北中纖 vs. #高雄台電｜企業21年甲級男女排球聯賽_set2,38,1561.383,1569.417,1561.883,1568.917
03⧸15(日) 17_00｜例行賽G108 #新北中纖 vs. #高雄台電｜企業21年甲級男女排球聯賽_set2,39,1589.85,1597.183,1590.35,1596.683
03⧸15(日) 17_00｜例行賽G108 #新北中纖 vs. #高雄台電｜企業21年甲級男女排球聯賽_set2,40,1617.05,1632.183,1617.55,1631.683
03⧸15(日) 17_00｜例行賽G108 #新北中纖 vs. #高雄台電｜企業21年甲級男女排球聯賽_set2,41,1699.367,1714.85,1699.867,1714.35
03⧸15(日) 17_00｜例行賽G108 #新北中纖 vs. #高雄台電｜企業21年甲級男女排球聯賽_set2,42,1740.633,1752.367,1741.133,1751.867
03⧸15(日) 17_00｜例行賽G108 #新北中纖 vs. #高雄台電｜企業21年甲級男女排球聯賽_set2,43,1774.483,1802.117,1774.983,1801.617
03⧸15(日) 17_00｜例行賽G108 #新北中纖 vs. #高雄台電｜企業21年甲級男女排球聯賽_set2,44,1831.117,1846.1,1831.617,1845.6
03⧸15(日) 17_00｜例行賽G108 #新北中纖 vs. #高雄台電｜企業21年甲級男女排球聯賽_set3,1,-0.383,7.6,0.117,7.1
03⧸15(日) 17_00｜例行賽G108 #新北中纖 vs. #高雄台電｜企業21年甲級男女排球聯賽_set3,2,27.7,42.817,28.2,42.317
03⧸15(日) 17_00｜例行賽G108 #新北中纖 vs. #高雄台電｜企業21年甲級男女排球聯賽_set3,3,57.967,73.4,58.467,72.9
03⧸15(日) 17_00｜例行賽G108 #新北中纖 vs. #高雄台電｜企業21年甲級男女排球聯賽_set3,4,91.233,99.5,91.733,99.0
03⧸15(日) 17_00｜例行賽G108 #新北中纖 vs. #高雄台電｜企業21年甲級男女排球聯賽_set3,5,117.783,129.367,118.283,128.867
03⧸15(日) 17_00｜例行賽G108 #新北中纖 vs. #高雄台電｜企業21年甲級男女排球聯賽_set3,6,197.3,208.967,197.8,208.467
03⧸15(日) 17_00｜例行賽G108 #新北中纖 vs. #高雄台電｜企業21年甲級男女排球聯賽_set3,7,223.28,232.8,223.28,232.3
03⧸15(日) 17_00｜例行賽G108 #新北中纖 vs. #高雄台電｜企業21年甲級男女排球聯賽_set3,8,251.933,257.967,252.433,257.467
03⧸15(日) 17_00｜例行賽G108 #新北中纖 vs. #高雄台電｜企業21年甲級男女排球聯賽_set3,9,279.75,295.75,280.25,295.25
03⧸15(日) 17_00｜例行賽G108 #新北中纖 vs. #高雄台電｜企業21年甲級男女排球聯賽_set3,10,313.133,320.767,313.633,320.267
03⧸15(日) 17_00｜例行賽G108 #新北中纖 vs. #高雄台電｜企業21年甲級男女排球聯賽_set3,11,350.667,364.483,351.167,363.983
03⧸15(日) 17_00｜例行賽G108 #新北中纖 vs. #高雄台電｜企業21年甲級男女排球聯賽_set3,12,406.067,422.3,406.567,421.8
03⧸15(日) 17_00｜例行賽G108 #新北中纖 vs. #高雄台電｜企業21年甲級男女排球聯賽_set3,13,440.117,454.8,440.617,454.3
03⧸15(日) 17_00｜例行賽G108 #新北中纖 vs. #高雄台電｜企業21年甲級男女排球聯賽_set3,14,474.15,489.95,474.65,489.45
03⧸15(日) 17_00｜例行賽G108 #新北中纖 vs. #高雄台電｜企業21年甲級男女排球聯賽_set3,15,518.167,537.367,518.667,536.867
03⧸15(日) 17_00｜例行賽G108 #新北中纖 vs. #高雄台電｜企業21年甲級男女排球聯賽_set3,16,576.45,588.467,576.95,587.967
03⧸15(日) 17_00｜例行賽G108 #新北中纖 vs. #高雄台電｜企業21年甲級男女排球聯賽_set3,17,606.367,621.733,606.867,621.233
03⧸15(日) 17_00｜例行賽G108 #新北中纖 vs. #高雄台電｜企業21年甲級男女排球聯賽_set3,18,643.95,649.867,644.45,649.367
03⧸15(日) 17_00｜例行賽G108 #新北中纖 vs. #高雄台電｜企業21年甲級男女排球聯賽_set3,19,668.467,676.817,668.967,676.317
03⧸15(日) 17_00｜例行賽G108 #新北中纖 vs. #高雄台電｜企業21年甲級男女排球聯賽_set3,20,709.917,722.2,710.417,721.7
03⧸15(日) 17_00｜例行賽G108 #新北中纖 vs. #高雄台電｜企業21年甲級男女排球聯賽_set3,21,743.667,749.917,744.167,749.417
03⧸15(日) 17_00｜例行賽G108 #新北中纖 vs. #高雄台電｜企業21年甲級男女排球聯賽_set3,22,765.5,778.333,766.0,777.833
03⧸15(日) 17_00｜例行賽G108 #新北中纖 vs. #高雄台電｜企業21年甲級男女排球聯賽_set3,23,803.583,812.667,804.083,812.167
03⧸15(日) 17_00｜例行賽G108 #新北中纖 vs. #高雄台電｜企業21年甲級男女排球聯賽_set3,24,830.9,844.483,831.417,843.983
03⧸15(日) 17_00｜例行賽G108 #新北中纖 vs. #高雄台電｜企業21年甲級男女排球聯賽_set3,25,871.317,918.067,871.817,917.567
03⧸15(日) 17_00｜例行賽G108 #新北中纖 vs. #高雄台電｜企業21年甲級男女排球聯賽_set3,26,945.383,970.483,945.883,969.983
03⧸15(日) 17_00｜例行賽G108 #新北中纖 vs. #高雄台電｜企業21年甲級男女排球聯賽_set3,27,1002.267,1005.783,1002.767,1005.283
03⧸15(日) 17_00｜例行賽G108 #新北中纖 vs. #高雄台電｜企業21年甲級男女排球聯賽_set3,28,1020.733,1039.75,1021.233,1039.25
03⧸15(日) 17_00｜例行賽G108 #新北中纖 vs. #高雄台電｜企業21年甲級男女排球聯賽_set3,29,1063.083,1070.017,1063.583,1069.517
03⧸15(日) 17_00｜例行賽G108 #新北中纖 vs. #高雄台電｜企業21年甲級男女排球聯賽_set3,30,1088.85,1095.083,1089.35,1094.583
03⧸15(日) 17_00｜例行賽G108 #新北中纖 vs. #高雄台電｜企業21年甲級男女排球聯賽_set3,31,1112.367,1119.333,1112.867,1118.833
03⧸15(日) 17_00｜例行賽G108 #新北中纖 vs. #高雄台電｜企業21年甲級男女排球聯賽_set3,32,1139.567,1149.483,1140.067,1148.983
03⧸15(日) 17_00｜例行賽G108 #新北中纖 vs. #高雄台電｜企業21年甲級男女排球聯賽_set3,33,1168.8,1176.267,1169.3,1175.767
03⧸15(日) 17_00｜例行賽G108 #新北中纖 vs. #高雄台電｜企業21年甲級男女排球聯賽_set3,34,1215.85,1227.033,1216.35,1226.533
03⧸15(日) 17_00｜例行賽G108 #新北中纖 vs. #高雄台電｜企業21年甲級男女排球聯賽_set3,35,1248.233,1271.567,1248.733,1271.067
03⧸15(日) 17_00｜例行賽G108 #新北中纖 vs. #高雄台電｜企業21年甲級男女排球聯賽_set3,36,1299.783,1310.267,1300.283,1309.767
03⧸15(日) 17_00｜例行賽G108 #新北中纖 vs. #高雄台電｜企業21年甲級男女排球聯賽_set3,37,1330.25,1337.55,1330.75,1337.05
03⧸15(日) 17_00｜例行賽G108 #新北中纖 vs. #高雄台電｜企業21年甲級男女排球聯賽_set3,38,1356.3,1368.5,1356.8,1368.0
03⧸15(日) 17_00｜例行賽G108 #新北中纖 vs. #高雄台電｜企業21年甲級男女排球聯賽_set3,39,1387.267,1394.017,1387.767,1393.517
03⧸15(日) 17_00｜例行賽G108 #新北中纖 vs. #高雄台電｜企業21年甲級男女排球聯賽_set3,40,1414.183,1421.617,1414.683,1421.117
03⧸15(日) 17_00｜例行賽G108 #新北中纖 vs. #高雄台電｜企業21年甲級男女排球聯賽_set3,41,1437.0,1444.2,1437.5,1443.7
03⧸15(日) 17_00｜例行賽G108 #新北中纖 vs. #高雄台電｜企業21年甲級男女排球聯賽_set3,42,1503.15,1515.833,1503.65,1515.333
03⧸15(日) 17_00｜例行賽G108 #新北中纖 vs. #高雄台電｜企業21年甲級男女排球聯賽_set3,43,1539.45,1560.333,1539.95,1559.833
03⧸15(日) 17_00｜例行賽G108 #新北中纖 vs. #高雄台電｜企業21年甲級男女排球聯賽_set3,44,1607.95,1615.517,1608.45,1615.017
03⧸15(日) 17_00｜例行賽G108 #新北中纖 vs. #高雄台電｜企業21年甲級男女排球聯賽_set3,45,1687.117,1693.8,1687.617,1693.3
03⧸15(日) 17_00｜例行賽G108 #新北中纖 vs. #高雄台電｜企業21年甲級男女排球聯賽_set3,46,1753.05,1760.9,1753.55,1760.4
03⧸15(日) 17_00｜例行賽G108 #新北中纖 vs. #高雄台電｜企業21年甲級男女排球聯賽_set3,47,1780.683,1787.6,1781.183,1787.1
03⧸15(日) 17_00｜例行賽G108 #新北中纖 vs. #高雄台電｜企業21年甲級男女排球聯賽_set3,48,1824.117,1838.267,1824.617,1837.767
03⧸15(日) 17_00｜例行賽G108 #新北中纖 vs. #高雄台電｜企業21年甲級男女排球聯賽_set5,1,-1.5,10.233,0.0,9.733
03⧸15(日) 17_00｜例行賽G108 #新北中纖 vs. #高雄台電｜企業21年甲級男女排球聯賽_set5,2,27.217,39.767,27.717,39.267
03⧸15(日) 17_00｜例行賽G108 #新北中纖 vs. #高雄台電｜企業21年甲級男女排球聯賽_set5,3,58.933,65.717,59.433,65.217
03⧸15(日) 17_00｜例行賽G108 #新北中纖 vs. #高雄台電｜企業21年甲級男女排球聯賽_set5,4,83.883,91.75,84.383,91.25
03⧸15(日) 17_00｜例行賽G108 #新北中纖 vs. #高雄台電｜企業21年甲級男女排球聯賽_set5,5,110.55,114.4,111.05,113.9
03⧸15(日) 17_00｜例行賽G108 #新北中纖 vs. #高雄台電｜企業21年甲級男女排球聯賽_set5,6,128.783,137.833,129.283,137.333
03⧸15(日) 17_00｜例行賽G108 #新北中纖 vs. #高雄台電｜企業21年甲級男女排球聯賽_set5,7,154.25,165.65,154.75,165.15
03⧸15(日) 17_00｜例行賽G108 #新北中纖 vs. #高雄台電｜企業21年甲級男女排球聯賽_set5,8,188.5,208.117,189.0,207.617
03⧸15(日) 17_00｜例行賽G108 #新北中纖 vs. #高雄台電｜企業21年甲級男女排球聯賽_set5,9,268.35,276.25,268.85,275.75
03⧸15(日) 17_00｜例行賽G108 #新北中纖 vs. #高雄台電｜企業21年甲級男女排球聯賽_set5,10,293.8,312.25,294.3,311.75
03⧸15(日) 17_00｜例行賽G108 #新北中纖 vs. #高雄台電｜企業21年甲級男女排球聯賽_set5,11,402.9,411.0,403.4,410.5
03⧸15(日) 17_00｜例行賽G108 #新北中纖 vs. #高雄台電｜企業21年甲級男女排球聯賽_set5,12,433.333,497.8,433.833,497.3
03⧸15(日) 17_00｜例行賽G108 #新北中纖 vs. #高雄台電｜企業21年甲級男女排球聯賽_set5,13,536.517,566.25,537.017,565.75
03⧸15(日) 17_00｜例行賽G108 #新北中纖 vs. #高雄台電｜企業21年甲級男女排球聯賽_set5,14,593.383,601.1,593.883,600.6
03⧸15(日) 17_00｜例行賽G108 #新北中纖 vs. #高雄台電｜企業21年甲級男女排球聯賽_set5,15,652.783,664.083,653.283,663.583
03⧸15(日) 17_00｜例行賽G108 #新北中纖 vs. #高雄台電｜企業21年甲級男女排球聯賽_set5,16,731.533,743.267,732.033,742.767
03⧸15(日) 17_00｜例行賽G108 #新北中纖 vs. #高雄台電｜企業21年甲級男女排球聯賽_set5,17,762.717,768.983,763.217,768.483
03⧸15(日) 17_00｜例行賽G108 #新北中纖 vs. #高雄台電｜企業21年甲級男女排球聯賽_set5,18,842.067,858.2,842.567,857.7
03⧸15(日) 17_00｜例行賽G108 #新北中纖 vs. #高雄台電｜企業21年甲級男女排球聯賽_set5,19,875.467,887.767,875.967,887.267
03⧸15(日) 17_00｜例行賽G108 #新北中纖 vs. #高雄台電｜企業21年甲級男女排球聯賽_set5,20,907.9,926.433,908.4,925.933
03⧸15(日) 17_00｜例行賽G108 #新北中纖 vs. #高雄台電｜企業21年甲級男女排球聯賽_set5,21,945.8,953.883,946.3,953.383
03⧸15(日) 17_00｜例行賽G108 #新北中纖 vs. #高雄台電｜企業21年甲級男女排球聯賽_set5,22,998.033,1004.333,998.533,1003.833
03⧸15(日) 17_00｜例行賽G108 #新北中纖 vs. #高雄台電｜企業21年甲級男女排球聯賽_set5,23,1024.017,1037.983,1024.517,1037.483
03⧸15(日) 17_00｜例行賽G108 #新北中纖 vs. #高雄台電｜企業21年甲級男女排球聯賽_set5,24,1115.967,1125.183,1116.467,1124.683
03⧸15(日) 17_00｜例行賽G108 #新北中纖 vs. #高雄台電｜企業21年甲級男女排球聯賽_set5,25,1144.767,1152.583,1145.267,1152.083
03⧸15(日) 17_00｜例行賽G108 #新北中纖 vs. #高雄台電｜企業21年甲級男女排球聯賽_set5,26,1169.15,1179.233,1169.65,1178.733
03⧸15(日) 17_00｜例行賽G108 #新北中纖 vs. #高雄台電｜企業21年甲級男女排球聯賽_set5,27,1204.333,1215.45,1204.817,1214.95
03⧸15(日) 17_00｜例行賽G108 #新北中纖 vs. #高雄台電｜企業21年甲級男女排球聯賽_set5,28,1276.967,1284.867,1277.467,1284.367
03⧸15(日) 17_00｜例行賽G108 #新北中纖 vs. #高雄台電｜企業21年甲級男女排球聯賽_set5,29,1311.083,1318.883,1311.583,1318.383
03⧸15(日) 17_00｜例行賽G108 #新北中纖 vs. #高雄台電｜企業21年甲級男女排球聯賽_set5,30,1370.817,1377.317,1371.317,1376.46901
03⧸20(五) 14_00｜挑戰賽G110 #高雄台電 vs. #新北中纖｜企業21年甲級男女排球聯賽_set1,1,3.467,21.233,3.967,20.733
03⧸20(五) 14_00｜挑戰賽G110 #高雄台電 vs. #新北中纖｜企業21年甲級男女排球聯賽_set1,2,40.617,47.783,41.117,47.283
03⧸20(五) 14_00｜挑戰賽G110 #高雄台電 vs. #新北中纖｜企業21年甲級男女排球聯賽_set1,3,67.167,75.483,67.667,74.983
03⧸20(五) 14_00｜挑戰賽G110 #高雄台電 vs. #新北中纖｜企業21年甲級男女排球聯賽_set1,4,96.367,104.067,96.867,103.567
03⧸20(五) 14_00｜挑戰賽G110 #高雄台電 vs. #新北中纖｜企業21年甲級男女排球聯賽_set1,5,122.033,128.533,122.533,128.033
03⧸20(五) 14_00｜挑戰賽G110 #高雄台電 vs. #新北中纖｜企業21年甲級男女排球聯賽_set1,6,150.017,169.15,150.517,168.65
03⧸20(五) 14_00｜挑戰賽G110 #高雄台電 vs. #新北中纖｜企業21年甲級男女排球聯賽_set1,7,190.633,206.517,191.133,206.017
03⧸20(五) 14_00｜挑戰賽G110 #高雄台電 vs. #新北中纖｜企業21年甲級男女排球聯賽_set1,8,224.083,233.733,224.583,233.233
03⧸20(五) 14_00｜挑戰賽G110 #高雄台電 vs. #新北中纖｜企業21年甲級男女排球聯賽_set1,9,249.783,257.167,250.283,256.667
03⧸20(五) 14_00｜挑戰賽G110 #高雄台電 vs. #新北中纖｜企業21年甲級男女排球聯賽_set1,10,274.617,284.0,275.117,280.617
03⧸20(五) 14_00｜挑戰賽G110 #高雄台電 vs. #新北中纖｜企業21年甲級男女排球聯賽_set1,11,299.933,319.033,300.433,318.533
03⧸20(五) 14_00｜挑戰賽G110 #高雄台電 vs. #新北中纖｜企業21年甲級男女排球聯賽_set1,12,337.817,346.35,338.317,345.85
03⧸20(五) 14_00｜挑戰賽G110 #高雄台電 vs. #新北中纖｜企業21年甲級男女排球聯賽_set1,13,362.583,371.117,363.083,370.617
03⧸20(五) 14_00｜挑戰賽G110 #高雄台電 vs. #新北中纖｜企業21年甲級男女排球聯賽_set1,14,387.933,403.967,388.433,403.467
03⧸20(五) 14_00｜挑戰賽G110 #高雄台電 vs. #新北中纖｜企業21年甲級男女排球聯賽_set1,15,428.467,437.433,428.967,436.933
03⧸20(五) 14_00｜挑戰賽G110 #高雄台電 vs. #新北中纖｜企業21年甲級男女排球聯賽_set1,16,464.15,471.067,464.65,470.567
03⧸20(五) 14_00｜挑戰賽G110 #高雄台電 vs. #新北中纖｜企業21年甲級男女排球聯賽_set1,17,490.2,501.017,490.7,500.517
03⧸20(五) 14_00｜挑戰賽G110 #高雄台電 vs. #新北中纖｜企業21年甲級男女排球聯賽_set1,18,534.35,546.3,534.85,545.8
03⧸20(五) 14_00｜挑戰賽G110 #高雄台電 vs. #新北中纖｜企業21年甲級男女排球聯賽_set1,19,614.283,630.167,614.783,629.667
03⧸20(五) 14_00｜挑戰賽G110 #高雄台電 vs. #新北中纖｜企業21年甲級男女排球聯賽_set1,20,654.767,662.367,655.267,661.867
03⧸20(五) 14_00｜挑戰賽G110 #高雄台電 vs. #新北中纖｜企業21年甲級男女排球聯賽_set1,21,679.267,686.25,679.767,685.75
03⧸20(五) 14_00｜挑戰賽G110 #高雄台電 vs. #新北中纖｜企業21年甲級男女排球聯賽_set1,22,703.5,712.467,704.0,711.967
03⧸20(五) 14_00｜挑戰賽G110 #高雄台電 vs. #新北中纖｜企業21年甲級男女排球聯賽_set1,23,733.467,748.55,733.967,748.05
03⧸20(五) 14_00｜挑戰賽G110 #高雄台電 vs. #新北中纖｜企業21年甲級男女排球聯賽_set1,24,769.567,789.167,770.067,788.667
03⧸20(五) 14_00｜挑戰賽G110 #高雄台電 vs. #新北中纖｜企業21年甲級男女排球聯賽_set1,25,812.117,819.733,812.617,819.233
03⧸20(五) 14_00｜挑戰賽G110 #高雄台電 vs. #新北中纖｜企業21年甲級男女排球聯賽_set1,26,838.217,848.15,838.717,847.65
03⧸20(五) 14_00｜挑戰賽G110 #高雄台電 vs. #新北中纖｜企業21年甲級男女排球聯賽_set1,27,867.583,884.733,868.083,884.233
03⧸20(五) 14_00｜挑戰賽G110 #高雄台電 vs. #新北中纖｜企業21年甲級男女排球聯賽_set1,28,904.283,914.917,904.783,914.417
03⧸20(五) 14_00｜挑戰賽G110 #高雄台電 vs. #新北中纖｜企業21年甲級男女排球聯賽_set1,29,931.8,940.0,932.3,938.2
03⧸20(五) 14_00｜挑戰賽G110 #高雄台電 vs. #新北中纖｜企業21年甲級男女排球聯賽_set1,30,960.55,966.1,961.05,965.6
03⧸20(五) 14_00｜挑戰賽G110 #高雄台電 vs. #新北中纖｜企業21年甲級男女排球聯賽_set1,31,1038.967,1056.5,1039.467,1056.0
03⧸20(五) 14_00｜挑戰賽G110 #高雄台電 vs. #新北中纖｜企業21年甲級男女排球聯賽_set1,32,1073.233,1081.383,1073.733,1080.883
03⧸20(五) 14_00｜挑戰賽G110 #高雄台電 vs. #新北中纖｜企業21年甲級男女排球聯賽_set1,33,1151.05,1158.4,1151.55,1159.3
03⧸20(五) 14_00｜挑戰賽G110 #高雄台電 vs. #新北中纖｜企業21年甲級男女排球聯賽_set1,34,1174.4,1197.367,1174.9,1196.867
03⧸20(五) 14_00｜挑戰賽G110 #高雄台電 vs. #新北中纖｜企業21年甲級男女排球聯賽_set1,35,1440.583,1451.833,1441.083,1451.333
03⧸20(五) 14_00｜挑戰賽G110 #高雄台電 vs. #新北中纖｜企業21年甲級男女排球聯賽_set1,36,1467.45,1482.85,1467.95,1482.35
03⧸20(五) 14_00｜挑戰賽G110 #高雄台電 vs. #新北中纖｜企業21年甲級男女排球聯賽_set1,37,1500.717,1521.283,1501.217,1520.783
03⧸20(五) 14_00｜挑戰賽G110 #高雄台電 vs. #新北中纖｜企業21年甲級男女排球聯賽_set1,38,1543.167,1573.383,1543.667,1572.883
03⧸20(五) 14_00｜挑戰賽G110 #高雄台電 vs. #新北中纖｜企業21年甲級男女排球聯賽_set1,39,1603.167,1611.25,1603.667,1610.75
03⧸20(五) 14_00｜挑戰賽G110 #高雄台電 vs. #新北中纖｜企業21年甲級男女排球聯賽_set1,40,1631.483,1639.533,1631.983,1639.033
03⧸20(五) 14_00｜挑戰賽G110 #高雄台電 vs. #新北中纖｜企業21年甲級男女排球聯賽_set1,41,1675.567,1681.883,1676.067,1681.383
03⧸20(五) 14_00｜挑戰賽G110 #高雄台電 vs. #新北中纖｜企業21年甲級男女排球聯賽_set1,42,1711.433,1720.0,1711.933,1718.433
03⧸20(五) 14_00｜挑戰賽G110 #高雄台電 vs. #新北中纖｜企業21年甲級男女排球聯賽_set1,43,1737.1,1746.033,1737.6,1745.533
03⧸20(五) 14_00｜挑戰賽G110 #高雄台電 vs. #新北中纖｜企業21年甲級男女排球聯賽_set1,44,1773.717,1780.117,1774.217,1779.617
03⧸20(五) 14_00｜挑戰賽G110 #高雄台電 vs. #新北中纖｜企業21年甲級男女排球聯賽_set2,1,-1.417,9.467,0.0,8.967
03⧸20(五) 14_00｜挑戰賽G110 #高雄台電 vs. #新北中纖｜企業21年甲級男女排球聯賽_set2,2,27.75,43.233,28.25,42.733
03⧸20(五) 14_00｜挑戰賽G110 #高雄台電 vs. #新北中纖｜企業21年甲級男女排球聯賽_set2,3,59.333,78.333,59.833,77.833
03⧸20(五) 14_00｜挑戰賽G110 #高雄台電 vs. #新北中纖｜企業21年甲級男女排球聯賽_set2,4,94.917,103.25,95.417,102.75
03⧸20(五) 14_00｜挑戰賽G110 #高雄台電 vs. #新北中纖｜企業21年甲級男女排球聯賽_set2,5,116.917,125.683,117.417,125.183
03⧸20(五) 14_00｜挑戰賽G110 #高雄台電 vs. #新北中纖｜企業21年甲級男女排球聯賽_set2,6,144.8,211.617,144.8,211.117
03⧸20(五) 14_00｜挑戰賽G110 #高雄台電 vs. #新北中纖｜企業21年甲級男女排球聯賽_set2,7,243.667,251.333,244.15,250.833
03⧸20(五) 14_00｜挑戰賽G110 #高雄台電 vs. #新北中纖｜企業21年甲級男女排球聯賽_set2,8,268.833,275.733,269.333,275.233
03⧸20(五) 14_00｜挑戰賽G110 #高雄台電 vs. #新北中纖｜企業21年甲級男女排球聯賽_set2,9,293.683,306.183,294.167,305.683
03⧸20(五) 14_00｜挑戰賽G110 #高雄台電 vs. #新北中纖｜企業21年甲級男女排球聯賽_set2,10,382.2,390.15,382.7,389.65
03⧸20(五) 14_00｜挑戰賽G110 #高雄台電 vs. #新北中纖｜企業21年甲級男女排球聯賽_set2,11,418.867,422.983,419.367,422.483
03⧸20(五) 14_00｜挑戰賽G110 #高雄台電 vs. #新北中纖｜企業21年甲級男女排球聯賽_set2,12,436.817,447.567,437.3,447.067
03⧸20(五) 14_00｜挑戰賽G110 #高雄台電 vs. #新北中纖｜企業21年甲級男女排球聯賽_set2,13,469.733,474.033,470.233,473.533
03⧸20(五) 14_00｜挑戰賽G110 #高雄台電 vs. #新北中纖｜企業21年甲級男女排球聯賽_set2,14,493.5,501.0,494.0,500.5
03⧸20(五) 14_00｜挑戰賽G110 #高雄台電 vs. #新北中纖｜企業21年甲級男女排球聯賽_set2,15,518.55,529.833,519.05,529.333
03⧸20(五) 14_00｜挑戰賽G110 #高雄台電 vs. #新北中纖｜企業21年甲級男女排球聯賽_set2,16,543.517,553.717,544.017,553.217
03⧸20(五) 14_00｜挑戰賽G110 #高雄台電 vs. #新北中纖｜企業21年甲級男女排球聯賽_set2,17,569.917,586.217,570.4,585.717
03⧸20(五) 14_00｜挑戰賽G110 #高雄台電 vs. #新北中纖｜企業21年甲級男女排球聯賽_set2,18,660.667,668.417,661.167,667.917
03⧸20(五) 14_00｜挑戰賽G110 #高雄台電 vs. #新北中纖｜企業21年甲級男女排球聯賽_set2,19,695.15,706.833,695.65,706.333
03⧸20(五) 14_00｜挑戰賽G110 #高雄台電 vs. #新北中纖｜企業21年甲級男女排球聯賽_set2,20,729.017,736.383,729.517,735.883
03⧸20(五) 14_00｜挑戰賽G110 #高雄台電 vs. #新北中纖｜企業21年甲級男女排球聯賽_set2,21,890.033,909.517,890.517,909.017
03⧸20(五) 14_00｜挑戰賽G110 #高雄台電 vs. #新北中纖｜企業21年甲級男女排球聯賽_set2,22,931.833,938.083,932.333,937.583
03⧸20(五) 14_00｜挑戰賽G110 #高雄台電 vs. #新北中纖｜企業21年甲級男女排球聯賽_set2,23,957.983,1007.75,958.483,1007.25
03⧸20(五) 14_00｜挑戰賽G110 #高雄台電 vs. #新北中纖｜企業21年甲級男女排球聯賽_set2,24,1040.45,1055.033,1040.95,1054.533
03⧸20(五) 14_00｜挑戰賽G110 #高雄台電 vs. #新北中纖｜企業21年甲級男女排球聯賽_set2,25,1074.267,1090.017,1074.767,1089.517
03⧸20(五) 14_00｜挑戰賽G110 #高雄台電 vs. #新北中纖｜企業21年甲級男女排球聯賽_set2,26,1158.167,1170.217,1158.667,1169.717
03⧸20(五) 14_00｜挑戰賽G110 #高雄台電 vs. #新北中纖｜企業21年甲級男女排球聯賽_set2,27,1198.817,1203.017,1199.317,1202.517
03⧸20(五) 14_00｜挑戰賽G110 #高雄台電 vs. #新北中纖｜企業21年甲級男女排球聯賽_set2,28,1219.467,1226.767,1219.95,1226.267
03⧸20(五) 14_00｜挑戰賽G110 #高雄台電 vs. #新北中纖｜企業21年甲級男女排球聯賽_set2,29,1244.75,1252.883,1245.25,1252.383
03⧸20(五) 14_00｜挑戰賽G110 #高雄台電 vs. #新北中纖｜企業21年甲級男女排球聯賽_set2,30,1269.35,1273.683,1269.85,1273.183
03⧸20(五) 14_00｜挑戰賽G110 #高雄台電 vs. #新北中纖｜企業21年甲級男女排球聯賽_set2,31,1294.083,1300.667,1294.583,1300.167
03⧸20(五) 14_00｜挑戰賽G110 #高雄台電 vs. #新北中纖｜企業21年甲級男女排球聯賽_set2,32,1312.783,1330.85,1313.283,1330.35
03⧸20(五) 14_00｜挑戰賽G110 #高雄台電 vs. #新北中纖｜企業21年甲級男女排球聯賽_set2,33,1442.367,1446.65,1442.867,1446.15
03⧸20(五) 14_00｜挑戰賽G110 #高雄台電 vs. #新北中纖｜企業21年甲級男女排球聯賽_set2,34,1464.05,1474.717,1464.55,1474.217
03⧸20(五) 14_00｜挑戰賽G110 #高雄台電 vs. #新北中纖｜企業21年甲級男女排球聯賽_set2,35,1494.167,1502.117,1494.667,1501.617
03⧸20(五) 14_00｜挑戰賽G110 #高雄台電 vs. #新北中纖｜企業21年甲級男女排球聯賽_set2,36,1521.567,1526.167,1522.05,1525.667
03⧸20(五) 14_00｜挑戰賽G110 #高雄台電 vs. #新北中纖｜企業21年甲級男女排球聯賽_set2,37,1545.383,1556.933,1545.883,1556.433
03⧸20(五) 14_00｜挑戰賽G110 #高雄台電 vs. #新北中纖｜企業21年甲級男女排球聯賽_set2,38,1585.6,1598.033,1586.1,1597.533
03⧸20(五) 14_00｜挑戰賽G110 #高雄台電 vs. #新北中纖｜企業21年甲級男女排球聯賽_set2,39,1625.367,1638.55,1625.867,1638.05
03⧸20(五) 14_00｜挑戰賽G110 #高雄台電 vs. #新北中纖｜企業21年甲級男女排球聯賽_set2,40,1653.033,1657.9,1653.533,1657.4
03⧸20(五) 14_00｜挑戰賽G110 #高雄台電 vs. #新北中纖｜企業21年甲級男女排球聯賽_set2,41,1683.067,1692.15,1683.567,1691.65
03⧸20(五) 14_00｜挑戰賽G110 #高雄台電 vs. #新北中纖｜企業21年甲級男女排球聯賽_set2,42,1763.0,1770.117,1763.5,1769.617
03⧸20(五) 16_00｜挑戰賽G111 #屏東台電 vs. #桃園臺產｜企業21年甲級男女排球聯賽_set1,1,-1.5,9.667,0.0,9.167
03⧸20(五) 16_00｜挑戰賽G111 #屏東台電 vs. #桃園臺產｜企業21年甲級男女排球聯賽_set1,2,27.55,31.717,28.05,31.217
03⧸20(五) 16_00｜挑戰賽G111 #屏東台電 vs. #桃園臺產｜企業21年甲級男女排球聯賽_set1,3,45.95,58.367,46.45,57.867
03⧸20(五) 16_00｜挑戰賽G111 #屏東台電 vs. #桃園臺產｜企業21年甲級男女排球聯賽_set1,4,72.033,78.483,72.533,77.983
03⧸20(五) 16_00｜挑戰賽G111 #屏東台電 vs. #桃園臺產｜企業21年甲級男女排球聯賽_set1,5,93.817,97.9,94.317,97.4
03⧸20(五) 16_00｜挑戰賽G111 #屏東台電 vs. #桃園臺產｜企業21年甲級男女排球聯賽_set1,6,111.633,118.533,112.133,118.033
03⧸20(五) 16_00｜挑戰賽G111 #屏東台電 vs. #桃園臺產｜企業21年甲級男女排球聯賽_set1,7,133.55,141.067,134.05,140.567
03⧸20(五) 16_00｜挑戰賽G111 #屏東台電 vs. #桃園臺產｜企業21年甲級男女排球聯賽_set1,8,158.183,167.033,158.683,166.533
03⧸20(五) 16_00｜挑戰賽G111 #屏東台電 vs. #桃園臺產｜企業21年甲級男女排球聯賽_set1,9,186.4,195.267,186.9,194.767
03⧸20(五) 16_00｜挑戰賽G111 #屏東台電 vs. #桃園臺產｜企業21年甲級男女排球聯賽_set1,10,264.733,271.85,265.233,271.35
03⧸20(五) 16_00｜挑戰賽G111 #屏東台電 vs. #桃園臺產｜企業21年甲級男女排球聯賽_set1,11,290.567,294.383,291.067,293.883
03⧸20(五) 16_00｜挑戰賽G111 #屏東台電 vs. #桃園臺產｜企業21年甲級男女排球聯賽_set1,12,311.1,330.35,311.6,329.85
03⧸20(五) 16_00｜挑戰賽G111 #屏東台電 vs. #桃園臺產｜企業21年甲級男女排球聯賽_set1,13,357.3,364.833,357.8,364.333
03⧸20(五) 16_00｜挑戰賽G111 #屏東台電 vs. #桃園臺產｜企業21年甲級男女排球聯賽_set1,14,378.583,385.633,379.083,385.133
03⧸20(五) 16_00｜挑戰賽G111 #屏東台電 vs. #桃園臺產｜企業21年甲級男女排球聯賽_set1,15,405.05,413.967,405.55,413.467
03⧸20(五) 16_00｜挑戰賽G111 #屏東台電 vs. #桃園臺產｜企業21年甲級男女排球聯賽_set1,16,435.4,439.283,435.9,438.783
03⧸20(五) 16_00｜挑戰賽G111 #屏東台電 vs. #桃園臺產｜企業21年甲級男女排球聯賽_set1,17,453.6,461.2,454.1,460.7
03⧸20(五) 16_00｜挑戰賽G111 #屏東台電 vs. #桃園臺產｜企業21年甲級男女排球聯賽_set1,18,478.95,486.283,479.45,485.783
03⧸20(五) 16_00｜挑戰賽G111 #屏東台電 vs. #桃園臺產｜企業21年甲級男女排球聯賽_set1,19,504.5,522.817,505.0,522.317
03⧸20(五) 16_00｜挑戰賽G111 #屏東台電 vs. #桃園臺產｜企業21年甲級男女排球聯賽_set1,20,546.017,557.2,546.517,556.7
03⧸20(五) 16_00｜挑戰賽G111 #屏東台電 vs. #桃園臺產｜企業21年甲級男女排球聯賽_set1,21,572.567,578.7,573.067,578.2
03⧸20(五) 16_00｜挑戰賽G111 #屏東台電 vs. #桃園臺產｜企業21年甲級男女排球聯賽_set1,22,593.817,597.7,594.317,597.2
03⧸20(五) 16_00｜挑戰賽G111 #屏東台電 vs. #桃園臺產｜企業21年甲級男女排球聯賽_set1,23,612.233,618.533,612.733,618.033
03⧸20(五) 16_00｜挑戰賽G111 #屏東台電 vs. #桃園臺產｜企業21年甲級男女排球聯賽_set1,24,638.517,649.0,639.0,646.233
03⧸20(五) 16_00｜挑戰賽G111 #屏東台電 vs. #桃園臺產｜企業21年甲級男女排球聯賽_set1,25,673.967,680.483,674.467,679.983
03⧸20(五) 16_00｜挑戰賽G111 #屏東台電 vs. #桃園臺產｜企業21年甲級男女排球聯賽_set1,26,700.633,706.967,701.133,706.467
03⧸20(五) 16_00｜挑戰賽G111 #屏東台電 vs. #桃園臺產｜企業21年甲級男女排球聯賽_set1,27,723.767,730.883,724.267,730.383
03⧸20(五) 16_00｜挑戰賽G111 #屏東台電 vs. #桃園臺產｜企業21年甲級男女排球聯賽_set1,28,746.983,750.767,747.483,750.267
03⧸20(五) 16_00｜挑戰賽G111 #屏東台電 vs. #桃園臺產｜企業21年甲級男女排球聯賽_set1,29,773.367,785.033,773.85,784.533
03⧸20(五) 16_00｜挑戰賽G111 #屏東台電 vs. #桃園臺產｜企業21年甲級男女排球聯賽_set1,30,805.717,813.267,806.2,812.767
03⧸20(五) 16_00｜挑戰賽G111 #屏東台電 vs. #桃園臺產｜企業21年甲級男女排球聯賽_set1,31,886.9,890.75,887.4,890.25
03⧸20(五) 16_00｜挑戰賽G111 #屏東台電 vs. #桃園臺產｜企業21年甲級男女排球聯賽_set1,32,905.633,912.467,906.133,911.95
03⧸20(五) 16_00｜挑戰賽G111 #屏東台電 vs. #桃園臺產｜企業21年甲級男女排球聯賽_set1,33,933.3,940.383,933.8,939.883
03⧸20(五) 16_00｜挑戰賽G111 #屏東台電 vs. #桃園臺產｜企業21年甲級男女排球聯賽_set1,34,1026.45,1030.7,1026.933,1030.2
03⧸20(五) 16_00｜挑戰賽G111 #屏東台電 vs. #桃園臺產｜企業21年甲級男女排球聯賽_set1,35,1047.217,1053.85,1047.717,1053.35
03⧸20(五) 16_00｜挑戰賽G111 #屏東台電 vs. #桃園臺產｜企業21年甲級男女排球聯賽_set1,36,1081.767,1088.5,1082.25,1088.0
03⧸20(五) 16_00｜挑戰賽G111 #屏東台電 vs. #桃園臺產｜企業21年甲級男女排球聯賽_set1,37,1113.3,1119.55,1113.8,1119.05
03⧸20(五) 16_00｜挑戰賽G111 #屏東台電 vs. #桃園臺產｜企業21年甲級男女排球聯賽_set1,38,1136.35,1142.1,1136.85,1141.6
03⧸20(五) 16_00｜挑戰賽G111 #屏東台電 vs. #桃園臺產｜企業21年甲級男女排球聯賽_set1,39,1201.233,1205.1,1201.733,1204.6
03⧸20(五) 16_00｜挑戰賽G111 #屏東台電 vs. #桃園臺產｜企業21年甲級男女排球聯賽_set1,40,1270.583,1277.917,1271.083,1277.417
03⧸20(五) 16_00｜挑戰賽G111 #屏東台電 vs. #桃園臺產｜企業21年甲級男女排球聯賽_set1,41,1298.517,1305.983,1299.017,1305.483
03⧸20(五) 16_00｜挑戰賽G111 #屏東台電 vs. #桃園臺產｜企業21年甲級男女排球聯賽_set1,42,1329.567,1336.35,1330.067,1335.85
03⧸20(五) 16_00｜挑戰賽G111 #屏東台電 vs. #桃園臺產｜企業21年甲級男女排球聯賽_set1,43,1364.167,1380.117,1364.667,1379.617
03⧸20(五) 18_00｜挑戰賽G112 #臺北國北獅 vs. #雲林美津濃｜企業21年甲級男女排球聯賽_set1,1,1.917,8.9,2.417,8.4
03⧸20(五) 18_00｜挑戰賽G112 #臺北國北獅 vs. #雲林美津濃｜企業21年甲級男女排球聯賽_set1,2,29.733,38.1,30.233,37.6
03⧸20(五) 18_00｜挑戰賽G112 #臺北國北獅 vs. #雲林美津濃｜企業21年甲級男女排球聯賽_set1,3,60.15,64.017,60.65,63.517
03⧸20(五) 18_00｜挑戰賽G112 #臺北國北獅 vs. #雲林美津濃｜企業21年甲級男女排球聯賽_set1,4,78.4,82.8,78.9,82.3
03⧸20(五) 18_00｜挑戰賽G112 #臺北國北獅 vs. #雲林美津濃｜企業21年甲級男女排球聯賽_set1,5,104.767,112.617,105.267,112.117
03⧸20(五) 18_00｜挑戰賽G112 #臺北國北獅 vs. #雲林美津濃｜企業21年甲級男女排球聯賽_set1,6,192.45,199.117,192.95,198.617
03⧸20(五) 18_00｜挑戰賽G112 #臺北國北獅 vs. #雲林美津濃｜企業21年甲級男女排球聯賽_set1,7,216.283,220.033,216.783,219.533
03⧸20(五) 18_00｜挑戰賽G112 #臺北國北獅 vs. #雲林美津濃｜企業21年甲級男女排球聯賽_set1,8,240.933,244.75,241.417,244.25
03⧸20(五) 18_00｜挑戰賽G112 #臺北國北獅 vs. #雲林美津濃｜企業21年甲級男女排球聯賽_set1,9,264.817,271.1,265.317,270.6
03⧸20(五) 18_00｜挑戰賽G112 #臺北國北獅 vs. #雲林美津濃｜企業21年甲級男女排球聯賽_set1,10,290.267,294.267,290.767,293.767
03⧸20(五) 18_00｜挑戰賽G112 #臺北國北獅 vs. #雲林美津濃｜企業21年甲級男女排球聯賽_set1,11,313.083,317.6,313.583,317.1
03⧸20(五) 18_00｜挑戰賽G112 #臺北國北獅 vs. #雲林美津濃｜企業21年甲級男女排球聯賽_set1,12,337.6,346.683,338.1,346.183
03⧸20(五) 18_00｜挑戰賽G112 #臺北國北獅 vs. #雲林美津濃｜企業21年甲級男女排球聯賽_set1,13,365.333,372.4,365.833,371.9
03⧸20(五) 18_00｜挑戰賽G112 #臺北國北獅 vs. #雲林美津濃｜企業21年甲級男女排球聯賽_set1,14,389.667,396.617,390.167,396.117
03⧸20(五) 18_00｜挑戰賽G112 #臺北國北獅 vs. #雲林美津濃｜企業21年甲級男女排球聯賽_set1,15,416.433,423.9,416.933,423.4
03⧸20(五) 18_00｜挑戰賽G112 #臺北國北獅 vs. #雲林美津濃｜企業21年甲級男女排球聯賽_set1,16,482.217,490.617,482.717,490.117
03⧸20(五) 18_00｜挑戰賽G112 #臺北國北獅 vs. #雲林美津濃｜企業21年甲級男女排球聯賽_set1,17,510.283,516.933,510.783,516.433
03⧸20(五) 18_00｜挑戰賽G112 #臺北國北獅 vs. #雲林美津濃｜企業21年甲級男女排球聯賽_set1,18,534.967,542.567,535.45,542.067
03⧸20(五) 18_00｜挑戰賽G112 #臺北國北獅 vs. #雲林美津濃｜企業21年甲級男女排球聯賽_set1,19,565.017,577.233,565.517,576.733
03⧸20(五) 18_00｜挑戰賽G112 #臺北國北獅 vs. #雲林美津濃｜企業21年甲級男女排球聯賽_set1,20,604.383,616.0,604.883,613.9
03⧸20(五) 18_00｜挑戰賽G112 #臺北國北獅 vs. #雲林美津濃｜企業21年甲級男女排球聯賽_set1,21,635.8,642.367,636.3,641.867
03⧸20(五) 18_00｜挑戰賽G112 #臺北國北獅 vs. #雲林美津濃｜企業21年甲級男女排球聯賽_set1,22,660.933,671.567,661.433,671.067
03⧸20(五) 18_00｜挑戰賽G112 #臺北國北獅 vs. #雲林美津濃｜企業21年甲級男女排球聯賽_set1,23,690.6,701.033,691.1,700.533
03⧸20(五) 18_00｜挑戰賽G112 #臺北國北獅 vs. #雲林美津濃｜企業21年甲級男女排球聯賽_set1,24,756.133,760.05,756.633,759.55
03⧸20(五) 18_00｜挑戰賽G112 #臺北國北獅 vs. #雲林美津濃｜企業21年甲級男女排球聯賽_set1,25,775.5,789.667,776.0,789.167
03⧸20(五) 18_00｜挑戰賽G112 #臺北國北獅 vs. #雲林美津濃｜企業21年甲級男女排球聯賽_set1,26,809.85,817.217,810.35,816.717
03⧸20(五) 18_00｜挑戰賽G112 #臺北國北獅 vs. #雲林美津濃｜企業21年甲級男女排球聯賽_set1,27,880.217,887.167,880.717,886.667
03⧸20(五) 18_00｜挑戰賽G112 #臺北國北獅 vs. #雲林美津濃｜企業21年甲級男女排球聯賽_set1,28,907.7,918.1,908.2,917.6
03⧸20(五) 18_00｜挑戰賽G112 #臺北國北獅 vs. #雲林美津濃｜企業21年甲級男女排球聯賽_set1,29,939.283,953.2,939.783,952.7
03⧸20(五) 18_00｜挑戰賽G112 #臺北國北獅 vs. #雲林美津濃｜企業21年甲級男女排球聯賽_set1,30,1027.517,1035.533,1028.017,1035.033
03⧸20(五) 18_00｜挑戰賽G112 #臺北國北獅 vs. #雲林美津濃｜企業21年甲級男女排球聯賽_set1,31,1062.967,1070.0,1063.467,1069.5
03⧸20(五) 18_00｜挑戰賽G112 #臺北國北獅 vs. #雲林美津濃｜企業21年甲級男女排球聯賽_set1,32,1090.717,1097.817,1091.217,1097.317
03⧸20(五) 18_00｜挑戰賽G112 #臺北國北獅 vs. #雲林美津濃｜企業21年甲級男女排球聯賽_set1,33,1115.7,1121.817,1116.2,1121.317
03⧸20(五) 18_00｜挑戰賽G112 #臺北國北獅 vs. #雲林美津濃｜企業21年甲級男女排球聯賽_set1,34,1138.45,1153.617,1138.95,1153.117
03⧸20(五) 18_00｜挑戰賽G112 #臺北國北獅 vs. #雲林美津濃｜企業21年甲級男女排球聯賽_set1,35,1177.183,1189.383,1177.683,1188.883
03⧸20(五) 18_00｜挑戰賽G112 #臺北國北獅 vs. #雲林美津濃｜企業21年甲級男女排球聯賽_set1,36,1226.983,1233.617,1227.483,1233.117
03⧸20(五) 18_00｜挑戰賽G112 #臺北國北獅 vs. #雲林美津濃｜企業21年甲級男女排球聯賽_set1,37,1255.683,1269.883,1256.183,1269.383
03⧸20(五) 18_00｜挑戰賽G112 #臺北國北獅 vs. #雲林美津濃｜企業21年甲級男女排球聯賽_set1,38,1342.8,1347.45,1343.3,1346.95
03⧸20(五) 18_00｜挑戰賽G112 #臺北國北獅 vs. #雲林美津濃｜企業21年甲級男女排球聯賽_set1,39,1370.55,1376.867,1371.05,1376.367
03⧸20(五) 18_00｜挑戰賽G112 #臺北國北獅 vs. #雲林美津濃｜企業21年甲級男女排球聯賽_set1,40,1408.8,1415.583,1409.3,1415.083
03⧸20(五) 18_00｜挑戰賽G112 #臺北國北獅 vs. #雲林美津濃｜企業21年甲級男女排球聯賽_set1,41,1432.733,1458.483,1433.233,1457.983
03⧸20(五) 18_00｜挑戰賽G112 #臺北國北獅 vs. #雲林美津濃｜企業21年甲級男女排球聯賽_set1,42,1479.967,1483.7,1480.45,1483.2
03⧸20(五) 18_00｜挑戰賽G112 #臺北國北獅 vs. #雲林美津濃｜企業21年甲級男女排球聯賽_set1,43,1503.617,1507.417,1504.117,1506.917
03⧸21(六) 18_00｜男子組冠軍賽G114 #雲林美津濃 vs. #屏東台電｜企業21年甲級男女排球聯賽_set1,1,-1.2,20.267,0.0,19.767
03⧸21(六) 18_00｜男子組冠軍賽G114 #雲林美津濃 vs. #屏東台電｜企業21年甲級男女排球聯賽_set1,2,39.833,50.7,40.333,50.2
03⧸21(六) 18_00｜男子組冠軍賽G114 #雲林美津濃 vs. #屏東台電｜企業21年甲級男女排球聯賽_set1,3,68.65,75.383,69.15,74.883
03⧸21(六) 18_00｜男子組冠軍賽G114 #雲林美津濃 vs. #屏東台電｜企業21年甲級男女排球聯賽_set1,4,94.733,107.05,95.233,106.55
03⧸21(六) 18_00｜男子組冠軍賽G114 #雲林美津濃 vs. #屏東台電｜企業21年甲級男女排球聯賽_set1,5,186.45,193.3,186.95,192.8
03⧸21(六) 18_00｜男子組冠軍賽G114 #雲林美津濃 vs. #屏東台電｜企業21年甲級男女排球聯賽_set1,6,210.233,216.8,210.733,216.3
03⧸21(六) 18_00｜男子組冠軍賽G114 #雲林美津濃 vs. #屏東台電｜企業21年甲級男女排球聯賽_set1,7,237.517,244.85,238.017,244.35
03⧸21(六) 18_00｜男子組冠軍賽G114 #雲林美津濃 vs. #屏東台電｜企業21年甲級男女排球聯賽_set1,8,264.1,275.333,264.6,274.833
03⧸21(六) 18_00｜男子組冠軍賽G114 #雲林美津濃 vs. #屏東台電｜企業21年甲級男女排球聯賽_set1,9,294.867,302.917,295.367,302.417
03⧸21(六) 18_00｜男子組冠軍賽G114 #雲林美津濃 vs. #屏東台電｜企業21年甲級男女排球聯賽_set1,10,326.2,332.85,326.7,332.35
03⧸21(六) 18_00｜男子組冠軍賽G114 #雲林美津濃 vs. #屏東台電｜企業21年甲級男女排球聯賽_set1,11,363.067,372.0,363.567,369.35
03⧸21(六) 18_00｜男子組冠軍賽G114 #雲林美津濃 vs. #屏東台電｜企業21年甲級男女排球聯賽_set1,12,389.2,400.383,389.7,399.883
03⧸21(六) 18_00｜男子組冠軍賽G114 #雲林美津濃 vs. #屏東台電｜企業21年甲級男女排球聯賽_set1,13,421.067,428.667,421.567,428.167
03⧸21(六) 18_00｜男子組冠軍賽G114 #雲林美津濃 vs. #屏東台電｜企業21年甲級男女排球聯賽_set1,14,448.35,455.85,448.85,455.35
03⧸21(六) 18_00｜男子組冠軍賽G114 #雲林美津濃 vs. #屏東台電｜企業21年甲級男女排球聯賽_set1,15,533.65,540.9,534.15,540.4
03⧸21(六) 18_00｜男子組冠軍賽G114 #雲林美津濃 vs. #屏東台電｜企業21年甲級男女排球聯賽_set1,16,556.7,568.15,557.2,567.65
03⧸21(六) 18_00｜男子組冠軍賽G114 #雲林美津濃 vs. #屏東台電｜企業21年甲級男女排球聯賽_set1,17,583.2,591.1,583.7,590.6
03⧸21(六) 18_00｜男子組冠軍賽G114 #雲林美津濃 vs. #屏東台電｜企業21年甲級男女排球聯賽_set1,18,606.3,616.117,606.3,615.617
03⧸21(六) 18_00｜男子組冠軍賽G114 #雲林美津濃 vs. #屏東台電｜企業21年甲級男女排球聯賽_set1,19,717.933,724.9,718.433,724.4
03⧸21(六) 18_00｜男子組冠軍賽G114 #雲林美津濃 vs. #屏東台電｜企業21年甲級男女排球聯賽_set1,20,760.967,768.033,761.467,767.533
03⧸21(六) 18_00｜男子組冠軍賽G114 #雲林美津濃 vs. #屏東台電｜企業21年甲級男女排球聯賽_set1,21,792.717,799.233,793.217,798.733
03⧸21(六) 18_00｜男子組冠軍賽G114 #雲林美津濃 vs. #屏東台電｜企業21年甲級男女排球聯賽_set1,22,818.433,829.817,818.95,829.317
03⧸21(六) 18_00｜男子組冠軍賽G114 #雲林美津濃 vs. #屏東台電｜企業21年甲級男女排球聯賽_set1,23,856.367,860.133,856.867,859.633
03⧸21(六) 18_00｜男子組冠軍賽G114 #雲林美津濃 vs. #屏東台電｜企業21年甲級男女排球聯賽_set1,24,880.05,889.817,880.55,889.317
03⧸21(六) 18_00｜男子組冠軍賽G114 #雲林美津濃 vs. #屏東台電｜企業21年甲級男女排球聯賽_set1,25,909.483,913.433,909.983,912.933
03⧸21(六) 18_00｜男子組冠軍賽G114 #雲林美津濃 vs. #屏東台電｜企業21年甲級男女排球聯賽_set1,26,928.633,935.733,929.133,935.233
03⧸21(六) 18_00｜男子組冠軍賽G114 #雲林美津濃 vs. #屏東台電｜企業21年甲級男女排球聯賽_set1,27,956.933,961.3,957.433,960.8
03⧸21(六) 18_00｜男子組冠軍賽G114 #雲林美津濃 vs. #屏東台電｜企業21年甲級男女排球聯賽_set1,28,983.467,1008.017,983.967,1007.517
03⧸21(六) 18_00｜男子組冠軍賽G114 #雲林美津濃 vs. #屏東台電｜企業21年甲級男女排球聯賽_set1,29,1032.5,1040.967,1033.0,1040.467
03⧸21(六) 18_00｜男子組冠軍賽G114 #雲林美津濃 vs. #屏東台電｜企業21年甲級男女排球聯賽_set1,30,1064.883,1068.617,1065.383,1068.117
03⧸21(六) 18_00｜男子組冠軍賽G114 #雲林美津濃 vs. #屏東台電｜企業21年甲級男女排球聯賽_set1,31,1085.6,1092.533,1086.1,1092.033
03⧸21(六) 18_00｜男子組冠軍賽G114 #雲林美津濃 vs. #屏東台電｜企業21年甲級男女排球聯賽_set1,32,1115.567,1122.3,1116.067,1121.8
03⧸21(六) 18_00｜男子組冠軍賽G114 #雲林美津濃 vs. #屏東台電｜企業21年甲級男女排球聯賽_set1,33,1142.8,1153.7,1143.3,1153.2
03⧸21(六) 18_00｜男子組冠軍賽G114 #雲林美津濃 vs. #屏東台電｜企業21年甲級男女排球聯賽_set1,34,1175.833,1182.1,1176.333,1180.533
03⧸21(六) 18_00｜男子組冠軍賽G114 #雲林美津濃 vs. #屏東台電｜企業21年甲級男女排球聯賽_set1,35,1206.067,1213.4,1206.567,1212.9
03⧸21(六) 18_00｜男子組冠軍賽G114 #雲林美津濃 vs. #屏東台電｜企業21年甲級男女排球聯賽_set1,36,1236.133,1259.617,1236.633,1259.117
03⧸21(六) 18_00｜男子組冠軍賽G114 #雲林美津濃 vs. #屏東台電｜企業21年甲級男女排球聯賽_set1,37,1285.8,1292.6,1286.3,1292.1
03⧸21(六) 18_00｜男子組冠軍賽G114 #雲林美津濃 vs. #屏東台電｜企業21年甲級男女排球聯賽_set1,38,1314.067,1320.1,1314.567,1319.6
03⧸21(六) 18_00｜男子組冠軍賽G114 #雲林美津濃 vs. #屏東台電｜企業21年甲級男女排球聯賽_set1,39,1338.6,1346.0,1339.1,1346.25
03⧸21(六) 18_00｜男子組冠軍賽G114 #雲林美津濃 vs. #屏東台電｜企業21年甲級男女排球聯賽_set1,40,1370.517,1381.0,1371.017,1380.133
03⧸21(六) 18_00｜男子組冠軍賽G114 #雲林美津濃 vs. #屏東台電｜企業21年甲級男女排球聯賽_set1,41,1431.3,1439.35,1431.8,1438.85
03⧸21(六) 18_00｜男子組冠軍賽G114 #雲林美津濃 vs. #屏東台電｜企業21年甲級男女排球聯賽_set1,42,1456.35,1468.1,1456.85,1467.6
03⧸21(六) 18_00｜男子組冠軍賽G114 #雲林美津濃 vs. #屏東台電｜企業21年甲級男女排球聯賽_set1,43,1494.5,1501.333,1495.0,1500.833
03⧸21(六) 18_00｜男子組冠軍賽G114 #雲林美津濃 vs. #屏東台電｜企業21年甲級男女排球聯賽_set1,44,1519.667,1530.667,1520.167,1530.167
03⧸21(六) 18_00｜男子組冠軍賽G114 #雲林美津濃 vs. #屏東台電｜企業21年甲級男女排球聯賽_set1,45,1548.6,1553.383,1549.1,1552.883
03⧸21(六) 18_00｜男子組冠軍賽G114 #雲林美津濃 vs. #屏東台電｜企業21年甲級男女排球聯賽_set1,46,1574.0,1580.233,1574.5,1579.733
03⧸21(六) 18_00｜男子組冠軍賽G114 #雲林美津濃 vs. #屏東台電｜企業21年甲級男女排球聯賽_set1,47,1603.833,1610.533,1604.333,1610.033
03⧸21(六) 18_00｜男子組冠軍賽G114 #雲林美津濃 vs. #屏東台電｜企業21年甲級男女排球聯賽_set1,48,1686.333,1693.1,1686.833,1692.6
03⧸21(六) 18_00｜男子組冠軍賽G114 #雲林美津濃 vs. #屏東台電｜企業21年甲級男女排球聯賽_set1,49,1724.1,1732.233,1724.6,1731.733
03⧸21(六) 18_00｜男子組冠軍賽G114 #雲林美津濃 vs. #屏東台電｜企業21年甲級男女排球聯賽_set1,50,1753.883,1760.417,1754.383,1759.9
03⧸22(日) 17_00｜男子組冠軍賽 G117 #屏東台電 vs. #雲林美津濃｜企業21年甲級男女排球聯賽_set1,1,0.45,7.033,0.933,6.533
03⧸22(日) 17_00｜男子組冠軍賽 G117 #屏東台電 vs. #雲林美津濃｜企業21年甲級男女排球聯賽_set1,2,22.733,36.0,23.233,33.383
03⧸22(日) 17_00｜男子組冠軍賽 G117 #屏東台電 vs. #雲林美津濃｜企業21年甲級男女排球聯賽_set1,3,52.483,64.05,52.983,63.55
03⧸22(日) 17_00｜男子組冠軍賽 G117 #屏東台電 vs. #雲林美津濃｜企業21年甲級男女排球聯賽_set1,4,84.3,91.267,84.8,90.767
03⧸22(日) 17_00｜男子組冠軍賽 G117 #屏東台電 vs. #雲林美津濃｜企業21年甲級男女排球聯賽_set1,5,110.0,135.233,110.5,134.733
03⧸22(日) 17_00｜男子組冠軍賽 G117 #屏東台電 vs. #雲林美津濃｜企業21年甲級男女排球聯賽_set1,6,157.267,161.567,157.767,161.067
03⧸22(日) 17_00｜男子組冠軍賽 G117 #屏東台電 vs. #雲林美津濃｜企業21年甲級男女排球聯賽_set1,7,180.833,194.667,181.333,194.167
03⧸22(日) 17_00｜男子組冠軍賽 G117 #屏東台電 vs. #雲林美津濃｜企業21年甲級男女排球聯賽_set1,8,215.733,219.533,216.233,219.033
03⧸22(日) 17_00｜男子組冠軍賽 G117 #屏東台電 vs. #雲林美津濃｜企業21年甲級男女排球聯賽_set1,9,247.317,254.45,247.817,253.95
03⧸22(日) 17_00｜男子組冠軍賽 G117 #屏東台電 vs. #雲林美津濃｜企業21年甲級男女排球聯賽_set1,10,283.95,292.483,284.45,291.983
03⧸22(日) 17_00｜男子組冠軍賽 G117 #屏東台電 vs. #雲林美津濃｜企業21年甲級男女排球聯賽_set1,11,362.783,370.517,363.283,370.017
03⧸22(日) 17_00｜男子組冠軍賽 G117 #屏東台電 vs. #雲林美津濃｜企業21年甲級男女排球聯賽_set1,12,383.433,390.983,383.933,390.483
03⧸22(日) 17_00｜男子組冠軍賽 G117 #屏東台電 vs. #雲林美津濃｜企業21年甲級男女排球聯賽_set1,13,410.6,418.35,411.1,417.85
03⧸22(日) 17_00｜男子組冠軍賽 G117 #屏東台電 vs. #雲林美津濃｜企業21年甲級男女排球聯賽_set1,14,436.95,441.017,437.45,440.517
03⧸22(日) 17_00｜男子組冠軍賽 G117 #屏東台電 vs. #雲林美津濃｜企業21年甲級男女排球聯賽_set1,15,460.317,465.283,460.817,464.783
03⧸22(日) 17_00｜男子組冠軍賽 G117 #屏東台電 vs. #雲林美津濃｜企業21年甲級男女排球聯賽_set1,16,489.7,494.0,490.2,493.5
03⧸22(日) 17_00｜男子組冠軍賽 G117 #屏東台電 vs. #雲林美津濃｜企業21年甲級男女排球聯賽_set1,17,510.083,526.2,510.583,525.7
03⧸22(日) 17_00｜男子組冠軍賽 G117 #屏東台電 vs. #雲林美津濃｜企業21年甲級男女排球聯賽_set1,18,545.133,552.3,545.633,551.8
03⧸22(日) 17_00｜男子組冠軍賽 G117 #屏東台電 vs. #雲林美津濃｜企業21年甲級男女排球聯賽_set1,19,572.8,579.9,573.3,579.4
03⧸22(日) 17_00｜男子組冠軍賽 G117 #屏東台電 vs. #雲林美津濃｜企業21年甲級男女排球聯賽_set1,20,641.867,649.0,642.367,648.5
03⧸22(日) 17_00｜男子組冠軍賽 G117 #屏東台電 vs. #雲林美津濃｜企業21年甲級男女排球聯賽_set1,21,674.517,692.25,675.017,691.75
03⧸22(日) 17_00｜男子組冠軍賽 G117 #屏東台電 vs. #雲林美津濃｜企業21年甲級男女排球聯賽_set1,22,716.1,741.967,716.6,741.467
03⧸22(日) 17_00｜男子組冠軍賽 G117 #屏東台電 vs. #雲林美津濃｜企業21年甲級男女排球聯賽_set1,23,775.45,782.333,775.95,781.833
03⧸22(日) 17_00｜男子組冠軍賽 G117 #屏東台電 vs. #雲林美津濃｜企業21年甲級男女排球聯賽_set1,24,800.5,820.683,801.0,820.183
03⧸22(日) 17_00｜男子組冠軍賽 G117 #屏東台電 vs. #雲林美津濃｜企業21年甲級男女排球聯賽_set1,25,851.15,858.45,851.65,857.95
03⧸22(日) 17_00｜男子組冠軍賽 G117 #屏東台電 vs. #雲林美津濃｜企業21年甲級男女排球聯賽_set1,26,878.317,884.933,878.817,884.433
03⧸22(日) 17_00｜男子組冠軍賽 G117 #屏東台電 vs. #雲林美津濃｜企業21年甲級男女排球聯賽_set1,27,907.133,914.483,907.633,913.983
03⧸22(日) 17_00｜男子組冠軍賽 G117 #屏東台電 vs. #雲林美津濃｜企業21年甲級男女排球聯賽_set1,28,938.583,946.083,939.083,945.583
03⧸22(日) 17_00｜男子組冠軍賽 G117 #屏東台電 vs. #雲林美津濃｜企業21年甲級男女排球聯賽_set1,29,969.333,976.1,969.833,975.6
03⧸22(日) 17_00｜男子組冠軍賽 G117 #屏東台電 vs. #雲林美津濃｜企業21年甲級男女排球聯賽_set1,30,993.638,998.783,993.638,998.283
03⧸22(日) 17_00｜男子組冠軍賽 G117 #屏東台電 vs. #雲林美津濃｜企業21年甲級男女排球聯賽_set1,31,1021.983,1030.033,1022.483,1028.833
03⧸22(日) 17_00｜男子組冠軍賽 G117 #屏東台電 vs. #雲林美津濃｜企業21年甲級男女排球聯賽_set1,32,1120.8,1128.583,1121.3,1128.083
03⧸22(日) 17_00｜男子組冠軍賽 G117 #屏東台電 vs. #雲林美津濃｜企業21年甲級男女排球聯賽_set1,33,1157.083,1167.95,1157.583,1167.45
03⧸22(日) 17_00｜男子組冠軍賽 G117 #屏東台電 vs. #雲林美津濃｜企業21年甲級男女排球聯賽_set1,34,1193.4,1197.133,1193.9,1196.633
03⧸22(日) 17_00｜男子組冠軍賽 G117 #屏東台電 vs. #雲林美津濃｜企業21年甲級男女排球聯賽_set1,35,1316.867,1320.2,1317.367,1319.7
03⧸22(日) 17_00｜男子組冠軍賽 G117 #屏東台電 vs. #雲林美津濃｜企業21年甲級男女排球聯賽_set1,36,1338.883,1345.533,1339.383,1345.033
03⧸22(日) 17_00｜男子組冠軍賽 G117 #屏東台電 vs. #雲林美津濃｜企業21年甲級男女排球聯賽_set1,37,1395.967,1402.867,1396.467,1402.367
03⧸22(日) 17_00｜男子組冠軍賽 G117 #屏東台電 vs. #雲林美津濃｜企業21年甲級男女排球聯賽_set1,38,1422.483,1426.183,1422.983,1425.683
03⧸22(日) 17_00｜男子組冠軍賽 G117 #屏東台電 vs. #雲林美津濃｜企業21年甲級男女排球聯賽_set1,39,1447.85,1458.867,1448.35,1458.367
03⧸22(日) 17_00｜男子組冠軍賽 G117 #屏東台電 vs. #雲林美津濃｜企業21年甲級男女排球聯賽_set1,40,1491.433,1495.133,1491.933,1494.633
03⧸22(日) 17_00｜男子組冠軍賽 G117 #屏東台電 vs. #雲林美津濃｜企業21年甲級男女排球聯賽_set2,1,0.283,8.067,0.783,7.567
03⧸22(日) 17_00｜男子組冠軍賽 G117 #屏東台電 vs. #雲林美津濃｜企業21年甲級男女排球聯賽_set2,2,25.0,36.8,25.0,36.3
03⧸22(日) 17_00｜男子組冠軍賽 G117 #屏東台電 vs. #雲林美津濃｜企業21年甲級男女排球聯賽_set2,3,53.783,61.85,54.283,61.35
03⧸22(日) 17_00｜男子組冠軍賽 G117 #屏東台電 vs. #雲林美津濃｜企業21年甲級男女排球聯賽_set2,4,88.783,96.933,89.283,96.433
03⧸22(日) 17_00｜男子組冠軍賽 G117 #屏東台電 vs. #雲林美津濃｜企業21年甲級男女排球聯賽_set2,5,113.75,123.55,114.25,123.05
03⧸22(日) 17_00｜男子組冠軍賽 G117 #屏東台電 vs. #雲林美津濃｜企業21年甲級男女排球聯賽_set2,6,192.183,203.067,192.683,202.567
03⧸22(日) 17_00｜男子組冠軍賽 G117 #屏東台電 vs. #雲林美津濃｜企業21年甲級男女排球聯賽_set2,7,278.883,295.883,279.383,295.383
03⧸22(日) 17_00｜男子組冠軍賽 G117 #屏東台電 vs. #雲林美津濃｜企業21年甲級男女排球聯賽_set2,8,314.4,320.983,314.9,320.483
03⧸22(日) 17_00｜男子組冠軍賽 G117 #屏東台電 vs. #雲林美津濃｜企業21年甲級男女排球聯賽_set2,9,339.25,346.033,339.75,345.533
03⧸22(日) 17_00｜男子組冠軍賽 G117 #屏東台電 vs. #雲林美津濃｜企業21年甲級男女排球聯賽_set2,10,366.067,372.5,366.567,372.0
03⧸22(日) 17_00｜男子組冠軍賽 G117 #屏東台電 vs. #雲林美津濃｜企業21年甲級男女排球聯賽_set2,11,392.983,400.167,393.483,399.667
03⧸22(日) 17_00｜男子組冠軍賽 G117 #屏東台電 vs. #雲林美津濃｜企業21年甲級男女排球聯賽_set2,12,421.95,428.017,422.45,427.517
03⧸22(日) 17_00｜男子組冠軍賽 G117 #屏東台電 vs. #雲林美津濃｜企業21年甲級男女排球聯賽_set2,13,450.567,464.733,451.067,464.233
03⧸22(日) 17_00｜男子組冠軍賽 G117 #屏東台電 vs. #雲林美津濃｜企業21年甲級男女排球聯賽_set2,14,486.483,494.933,486.983,494.433
03⧸22(日) 17_00｜男子組冠軍賽 G117 #屏東台電 vs. #雲林美津濃｜企業21年甲級男女排球聯賽_set2,15,512.783,519.667,513.283,519.167
03⧸22(日) 17_00｜男子組冠軍賽 G117 #屏東台電 vs. #雲林美津濃｜企業21年甲級男女排球聯賽_set2,16,593.383,602.683,593.883,602.183
03⧸22(日) 17_00｜男子組冠軍賽 G117 #屏東台電 vs. #雲林美津濃｜企業21年甲級男女排球聯賽_set2,17,626.617,633.533,627.117,633.033
03⧸22(日) 17_00｜男子組冠軍賽 G117 #屏東台電 vs. #雲林美津濃｜企業21年甲級男女排球聯賽_set2,18,687.033,698.617,687.533,698.117
03⧸22(日) 17_00｜男子組冠軍賽 G117 #屏東台電 vs. #雲林美津濃｜企業21年甲級男女排球聯賽_set2,19,718.45,724.8,718.95,724.3
03⧸22(日) 17_00｜男子組冠軍賽 G117 #屏東台電 vs. #雲林美津濃｜企業21年甲級男女排球聯賽_set2,20,744.6,754.45,745.1,753.95
03⧸22(日) 17_00｜男子組冠軍賽 G117 #屏東台電 vs. #雲林美津濃｜企業21年甲級男女排球聯賽_set2,21,790.617,797.683,791.117,797.183
03⧸22(日) 17_00｜男子組冠軍賽 G117 #屏東台電 vs. #雲林美津濃｜企業21年甲級男女排球聯賽_set2,22,823.767,830.85,824.267,830.35
03⧸22(日) 17_00｜男子組冠軍賽 G117 #屏東台電 vs. #雲林美津濃｜企業21年甲級男女排球聯賽_set2,23,848.733,856.483,849.233,855.983
03⧸22(日) 17_00｜男子組冠軍賽 G117 #屏東台電 vs. #雲林美津濃｜企業21年甲級男女排球聯賽_set2,24,878.217,889.617,878.717,889.117
03⧸22(日) 17_00｜男子組冠軍賽 G117 #屏東台電 vs. #雲林美津濃｜企業21年甲級男女排球聯賽_set2,25,970.067,977.817,970.567,977.317
03⧸22(日) 17_00｜男子組冠軍賽 G117 #屏東台電 vs. #雲林美津濃｜企業21年甲級男女排球聯賽_set2,26,1003.217,1009.9,1003.717,1009.4
03⧸22(日) 17_00｜男子組冠軍賽 G117 #屏東台電 vs. #雲林美津濃｜企業21年甲級男女排球聯賽_set2,27,1036.217,1042.45,1036.717,1041.95
03⧸22(日) 17_00｜男子組冠軍賽 G117 #屏東台電 vs. #雲林美津濃｜企業21年甲級男女排球聯賽_set2,28,1077.883,1085.9,1078.383,1085.4
03⧸22(日) 17_00｜男子組冠軍賽 G117 #屏東台電 vs. #雲林美津濃｜企業21年甲級男女排球聯賽_set2,29,1123.283,1130.517,1123.783,1130.017
03⧸22(日) 17_00｜男子組冠軍賽 G117 #屏東台電 vs. #雲林美津濃｜企業21年甲級男女排球聯賽_set2,30,1162.567,1168.0,1163.067,1167.283
03⧸22(日) 17_00｜男子組冠軍賽 G117 #屏東台電 vs. #雲林美津濃｜企業21年甲級男女排球聯賽_set2,31,1410.95,1419.65,1411.45,1419.15
03⧸22(日) 17_00｜男子組冠軍賽 G117 #屏東台電 vs. #雲林美津濃｜企業21年甲級男女排球聯賽_set2,32,1441.1,1464.717,1441.6,1464.217
03⧸22(日) 17_00｜男子組冠軍賽 G117 #屏東台電 vs. #雲林美津濃｜企業21年甲級男女排球聯賽_set2,33,1489.267,1495.633,1489.767,1495.133
03⧸22(日) 17_00｜男子組冠軍賽 G117 #屏東台電 vs. #雲林美津濃｜企業21年甲級男女排球聯賽_set2,34,1524.9,1535.767,1525.4,1535.267
03⧸22(日) 17_00｜男子組冠軍賽 G117 #屏東台電 vs. #雲林美津濃｜企業21年甲級男女排球聯賽_set2,35,1558.95,1566.417,1559.45,1565.917
03⧸22(日) 17_00｜男子組冠軍賽 G117 #屏東台電 vs. #雲林美津濃｜企業21年甲級男女排球聯賽_set2,36,1594.6,1602.8,1595.1,1602.3
03⧸22(日) 17_00｜男子組冠軍賽 G117 #屏東台電 vs. #雲林美津濃｜企業21年甲級男女排球聯賽_set2,37,1627.383,1634.867,1627.883,1634.367
03⧸22(日) 17_00｜男子組冠軍賽 G117 #屏東台電 vs. #雲林美津濃｜企業21年甲級男女排球聯賽_set2,38,1672.383,1682.75,1672.883,1682.25
03⧸22(日) 17_00｜男子組冠軍賽 G117 #屏東台電 vs. #雲林美津濃｜企業21年甲級男女排球聯賽_set2,39,1711.483,1718.05,1711.983,1717.55
03⧸22(日) 17_00｜男子組冠軍賽 G117 #屏東台電 vs. #雲林美津濃｜企業21年甲級男女排球聯賽_set2,40,1736.55,1743.8,1737.05,1743.3
03⧸22(日) 17_00｜男子組冠軍賽 G117 #屏東台電 vs. #雲林美津濃｜企業21年甲級男女排球聯賽_set2,41,1799.8,1811.233,1800.3,1810.733
03⧸22(日) 17_00｜男子組冠軍賽 G117 #屏東台電 vs. #雲林美津濃｜企業21年甲級男女排球聯賽_set2,42,1831.833,1842.6,1832.333,1842.1
03⧸22(日) 17_00｜男子組冠軍賽 G117 #屏東台電 vs. #雲林美津濃｜企業21年甲級男女排球聯賽_set2,43,1911.767,1923.9,1912.267,1923.4
03⧸22(日) 17_00｜男子組冠軍賽 G117 #屏東台電 vs. #雲林美津濃｜企業21年甲級男女排球聯賽_set3,1,-0.533,3.883,0.0,3.383
03⧸22(日) 17_00｜男子組冠軍賽 G117 #屏東台電 vs. #雲林美津濃｜企業21年甲級男女排球聯賽_set3,2,16.633,31.75,17.133,31.25
03⧸22(日) 17_00｜男子組冠軍賽 G117 #屏東台電 vs. #雲林美津濃｜企業21年甲級男女排球聯賽_set3,3,51.783,63.683,52.283,63.183
03⧸22(日) 17_00｜男子組冠軍賽 G117 #屏東台電 vs. #雲林美津濃｜企業21年甲級男女排球聯賽_set3,4,79.017,95.0,79.517,93.75
03⧸22(日) 17_00｜男子組冠軍賽 G117 #屏東台電 vs. #雲林美津濃｜企業21年甲級男女排球聯賽_set3,5,112.767,120.417,113.267,119.917
03⧸22(日) 17_00｜男子組冠軍賽 G117 #屏東台電 vs. #雲林美津濃｜企業21年甲級男女排球聯賽_set3,6,139.833,147.567,140.333,147.067
03⧸22(日) 17_00｜男子組冠軍賽 G117 #屏東台電 vs. #雲林美津濃｜企業21年甲級男女排球聯賽_set3,7,165.883,175.55,166.383,175.05
03⧸22(日) 17_00｜男子組冠軍賽 G117 #屏東台電 vs. #雲林美津濃｜企業21年甲級男女排球聯賽_set3,8,312.933,319.65,313.433,319.15
03⧸22(日) 17_00｜男子組冠軍賽 G117 #屏東台電 vs. #雲林美津濃｜企業21年甲級男女排球聯賽_set3,9,342.483,357.133,342.983,356.633
03⧸22(日) 17_00｜男子組冠軍賽 G117 #屏東台電 vs. #雲林美津濃｜企業21年甲級男女排球聯賽_set3,10,441.217,460.733,441.717,460.233
03⧸22(日) 17_00｜男子組冠軍賽 G117 #屏東台電 vs. #雲林美津濃｜企業21年甲級男女排球聯賽_set3,11,491.85,498.883,492.35,498.383
03⧸22(日) 17_00｜男子組冠軍賽 G117 #屏東台電 vs. #雲林美津濃｜企業21年甲級男女排球聯賽_set3,12,529.933,536.417,530.433,535.917
03⧸22(日) 17_00｜男子組冠軍賽 G117 #屏東台電 vs. #雲林美津濃｜企業21年甲級男女排球聯賽_set3,13,564.233,568.617,564.733,568.117
03⧸22(日) 17_00｜男子組冠軍賽 G117 #屏東台電 vs. #雲林美津濃｜企業21年甲級男女排球聯賽_set3,14,602.017,616.383,602.517,615.883
03⧸22(日) 17_00｜男子組冠軍賽 G117 #屏東台電 vs. #雲林美津濃｜企業21年甲級男女排球聯賽_set3,15,654.65,662.483,655.15,661.983
03⧸22(日) 17_00｜男子組冠軍賽 G117 #屏東台電 vs. #雲林美津濃｜企業21年甲級男女排球聯賽_set3,16,678.517,684.667,679.017,684.167
03⧸22(日) 17_00｜男子組冠軍賽 G117 #屏東台電 vs. #雲林美津濃｜企業21年甲級男女排球聯賽_set3,17,703.167,712.8,703.667,712.3
03⧸22(日) 17_00｜男子組冠軍賽 G117 #屏東台電 vs. #雲林美津濃｜企業21年甲級男女排球聯賽_set3,18,732.4,743.583,732.9,743.083
03⧸22(日) 17_00｜男子組冠軍賽 G117 #屏東台電 vs. #雲林美津濃｜企業21年甲級男女排球聯賽_set3,19,766.083,778.367,766.583,777.867
03⧸22(日) 17_00｜男子組冠軍賽 G117 #屏東台電 vs. #雲林美津濃｜企業21年甲級男女排球聯賽_set3,20,840.5,853.967,841.0,853.467
03⧸22(日) 17_00｜男子組冠軍賽 G117 #屏東台電 vs. #雲林美津濃｜企業21年甲級男女排球聯賽_set3,21,886.167,893.633,886.667,893.133
03⧸22(日) 17_00｜男子組冠軍賽 G117 #屏東台電 vs. #雲林美津濃｜企業21年甲級男女排球聯賽_set3,22,923.267,926.95,923.767,926.45
03⧸22(日) 17_00｜男子組冠軍賽 G117 #屏東台電 vs. #雲林美津濃｜企業21年甲級男女排球聯賽_set3,23,948.25,957.917,948.75,957.417
03⧸22(日) 17_00｜男子組冠軍賽 G117 #屏東台電 vs. #雲林美津濃｜企業21年甲級男女排球聯賽_set3,24,978.733,985.95,979.233,985.45
03⧸22(日) 17_00｜男子組冠軍賽 G117 #屏東台電 vs. #雲林美津濃｜企業21年甲級男女排球聯賽_set3,25,1061.383,1073.9,1061.883,1073.4
03⧸22(日) 17_00｜男子組冠軍賽 G117 #屏東台電 vs. #雲林美津濃｜企業21年甲級男女排球聯賽_set3,26,1090.8,1102.0,1091.3,1101.5
03⧸22(日) 17_00｜男子組冠軍賽 G117 #屏東台電 vs. #雲林美津濃｜企業21年甲級男女排球聯賽_set3,27,1120.617,1127.217,1121.117,1126.717
03⧸22(日) 17_00｜男子組冠軍賽 G117 #屏東台電 vs. #雲林美津濃｜企業21年甲級男女排球聯賽_set3,28,1144.417,1157.217,1144.917,1156.717
03⧸22(日) 17_00｜男子組冠軍賽 G117 #屏東台電 vs. #雲林美津濃｜企業21年甲級男女排球聯賽_set3,29,1226.167,1233.15,1226.667,1232.65
03⧸22(日) 17_00｜男子組冠軍賽 G117 #屏東台電 vs. #雲林美津濃｜企業21年甲級男女排球聯賽_set3,30,1250.317,1257.5,1250.817,1257.0
03⧸22(日) 17_00｜男子組冠軍賽 G117 #屏東台電 vs. #雲林美津濃｜企業21年甲級男女排球聯賽_set3,31,1278.65,1289.3,1279.15,1288.8
03⧸22(日) 17_00｜男子組冠軍賽 G117 #屏東台電 vs. #雲林美津濃｜企業21年甲級男女排球聯賽_set3,32,1340.583,1348.333,1341.083,1347.833
03⧸22(日) 17_00｜男子組冠軍賽 G117 #屏東台電 vs. #雲林美津濃｜企業21年甲級男女排球聯賽_set3,33,1371.117,1386.45,1371.617,1385.95
03⧸22(日) 17_00｜男子組冠軍賽 G117 #屏東台電 vs. #雲林美津濃｜企業21年甲級男女排球聯賽_set3,34,1448.267,1455.733,1448.767,1455.233
03⧸22(日) 17_00｜男子組冠軍賽 G117 #屏東台電 vs. #雲林美津濃｜企業21年甲級男女排球聯賽_set3,35,1477.167,1492.7,1477.667,1492.2
03⧸22(日) 17_00｜男子組冠軍賽 G117 #屏東台電 vs. #雲林美津濃｜企業21年甲級男女排球聯賽_set3,36,1518.633,1525.5,1519.133,1525.0
03⧸22(日) 17_00｜男子組冠軍賽 G117 #屏東台電 vs. #雲林美津濃｜企業21年甲級男女排球聯賽_set3,37,1546.167,1578.433,1546.667,1577.933
03⧸22(日) 17_00｜男子組冠軍賽 G117 #屏東台電 vs. #雲林美津濃｜企業21年甲級男女排球聯賽_set3,38,1615.633,1623.483,1616.133,1622.983
03⧸22(日) 17_00｜男子組冠軍賽 G117 #屏東台電 vs. #雲林美津濃｜企業21年甲級男女排球聯賽_set3,39,1744.683,1760.05,1745.2,1759.55
0419小窩臨打 1,1,174.492,186.635,174.992,186.135
0419小窩臨打 1,2,200.185,204.736,200.685,204.236
0419小窩臨打 1,3,212.28,216.832,212.78,216.332
0419小窩臨打 1,4,222.324,227.476,222.824,226.976
0419小窩臨打 1,5,233.518,242.491,234.018,241.991
0419小窩臨打 1,6,249.167,257.856,249.667,257.356
0419小窩臨打 1,7,262.831,282.898,263.331,282.398
0419小窩臨打 1,8,290.575,315.547,291.075,315.047
0419小窩臨打 1,9,321.856,334.049,322.356,333.549
0419小窩臨打 1,10,343.428,351.85,343.928,351.35
0419小窩臨打 1,11,356.191,363.045,356.691,362.545
0419小窩臨打 1,12,373.908,383.231,374.408,382.731
0419小窩臨打 1,13,388.69,400.749,389.19,400.249
0419小窩臨打 1,14,408.96,420.535,409.46,420.035
0419小窩臨打 1,15,427.112,439.171,427.612,438.671
0419小窩臨打 1,16,446.064,450.715,446.564,450.215
0419小窩臨打 1,17,459.31,463.528,459.81,463.028
0419小窩臨打 1,18,467.936,472.22,468.436,471.72
0419小窩臨打 1,19,478.463,486.051,478.963,485.551
0419小窩臨打 1,20,495.246,518.416,495.746,517.916
0419小窩臨打 1,21,529.43,533.949,529.93,533.449
0419小窩臨打 1,22,544.462,550.365,544.962,549.865
0419小窩臨打 1,23,560.411,592.14,560.911,591.64
0419小窩臨打 1,24,602.37,606.821,602.87,606.321
0419小窩臨打 1,25,612.78,620.919,613.28,620.419
0419小窩臨打 1,26,626.744,639.187,627.244,638.687
0419小窩臨打 1,27,645.53,665.263,646.03,664.763
0419小窩臨打 1,28,677.729,702.3,678.229,701.8
0419小窩臨打 1,29,709.911,732.564,710.411,732.064
0419小窩臨打 1,30,741.893,754.486,742.393,753.986
0419小窩臨打 1,31,761.496,769.901,761.996,769.401
0419小窩臨打 1,32,776.11,780.879,776.61,780.379
0419小窩臨打 1,33,788.856,794.192,789.356,793.692
0419小窩臨打 1,34,804.589,822.604,805.089,822.104
0419小窩臨打 1,35,830.865,846.644,831.365,846.144
0419小窩臨打 1,36,857.508,861.743,858.008,861.243
0419小窩臨打 1,37,867.034,888.77,867.534,888.27
0419小窩臨打 1,38,904.488,913.294,904.988,912.794
0419小窩臨打 1,39,920.438,936.701,920.938,936.201
0419小窩臨打 1,40,942.076,955.136,942.576,954.636
0419小窩臨打 1,41,964.081,983.998,964.581,983.498
0419小窩臨打 1,42,997.214,1038.82,997.714,1038.32
0419小窩臨打 1,43,1052.002,1063.945,1052.502,1063.445
0419小窩臨打 1,44,1072.339,1081.229,1072.839,1080.729
0419小窩臨打 1,45,1087.872,1092.44,1088.372,1091.94
0419小窩臨打 1,46,1104.555,1118.716,1105.055,1118.216
0419小窩臨打 1,47,1129.23,1137.385,1129.73,1136.885
0419小窩臨打 1,48,1145.262,1159.824,1145.762,1159.324
0419小窩臨打 1,49,1168.502,1177.992,1169.002,1177.492
0419小窩臨打 1,50,1190.524,1208.439,1191.024,1207.939
0419小窩臨打 1,51,1219.486,1223.788,1219.986,1223.288
0419小窩臨打 1,52,1231.899,1236.05,1232.399,1235.55
0419小窩臨打 1,53,1244.094,1287.468,1244.594,1286.968
0419小窩臨打 1,54,1304.922,1313.861,1305.422,1313.361
0419小窩臨打 2,1,108.794,122.371,109.294,121.871
0419小窩臨打 2,2,132.834,155.921,133.334,155.421
0419小窩臨打 2,3,161.513,165.881,162.013,165.381
0419小窩臨打 2,4,171.289,176.842,171.789,176.342
0419小窩臨打 2,5,182.434,188.17,182.934,187.67
0419小窩臨打 2,6,192.627,233.599,193.127,233.099
0419小窩臨打 2,7,245.714,254.152,246.214,253.652
0419小窩臨打 2,8,259.26,299.581,259.76,299.081
0419小窩臨打 2,9,314.265,323.588,314.765,323.088
0419小窩臨打 2,10,330.482,338.42,330.982,337.92
0419小窩臨打 2,11,349.134,355.003,349.634,354.503
0419小窩臨打 2,12,362.23,366.531,362.73,366.031
0419小窩臨打 2,13,370.705,379.377,371.205,378.877
0419小窩臨打 2,14,386.121,394.976,386.621,394.476
0419小窩臨打 2,15,400.468,407.622,400.968,407.122
0419小窩臨打 2,16,414.249,437.469,414.749,436.969
0419小窩臨打 2,17,449.434,453.618,449.934,453.118
0419小窩臨打 2,18,461.696,474.89,462.196,474.39
0419小窩臨打 2,19,480.949,489.571,481.449,489.071
0419小窩臨打 2,20,498.016,506.588,498.516,506.088
0419小窩臨打 2,21,510.895,522.787,511.395,522.287
0419小窩臨打 2,22,533.434,550.165,533.934,549.665
0419小窩臨打 2,23,561.462,570.819,561.962,570.319
0419小窩臨打 2,24,580.732,584.249,581.232,583.749
0419小窩臨打 2,25,590.992,609.708,591.492,609.208
0419小窩臨打 2,26,620.371,626.541,620.871,626.041
0419小窩臨打 2,27,632.116,646.528,632.616,646.028
0419小窩臨打 2,28,652.537,656.705,653.037,656.205
0419小窩臨打 2,29,659.777,681.212,660.277,680.712
0419小窩臨打 2,30,688.222,696.044,688.722,695.544
0419小窩臨打 2,31,704.372,718.883,704.872,718.383
0419小窩臨打 2,32,725.526,741.84,726.026,741.34
0419小窩臨打 2,33,749.901,756.971,750.401,756.471
0419小窩臨打 2,34,768.97,816.698,769.47,816.198
0419小窩臨打 2,35,825.193,829.394,825.693,828.894
0419小窩臨打 2,36,837.939,842.257,838.439,841.757
0419小窩臨打 2,37,848.749,868.0,849.249,866.515
0419小窩臨打 2,38,875.893,882.213,876.393,881.713
0419小窩臨打 2,39,888.806,898.229,889.306,897.729
0419小窩臨打 2,40,907.942,912.226,908.442,911.726
0419小窩臨打 2,41,917.151,943.992,917.651,943.492
0419小窩臨打 3,1,82.818,90.472,83.318,89.972
0419小窩臨打 3,2,97.499,108.874,97.999,108.374
0419小窩臨打 3,3,114.916,123.739,115.416,123.239
0419小窩臨打 3,4,129.514,133.699,130.014,133.199
0419小窩臨打 3,5,140.375,148.881,140.875,148.381
0419小窩臨打 3,6,154.639,180.162,155.139,179.662
0419小窩臨打 3,7,186.471,204.286,186.971,203.786
0419小窩臨打 3,8,213.014,222.12,213.514,221.62
0419小窩臨打 3,9,231.8,239.888,232.3,239.388
0419小窩臨打 3,10,248.5,256.238,249.0,255.738
0419小窩臨打 3,11,264.282,270.802,264.782,270.302
0419小窩臨打 3,12,278.713,286.585,279.213,286.085
0419小窩臨打 3,13,295.814,301.516,296.314,301.016
0419小窩臨打 3,14,306.207,314.112,306.707,313.612
0419小窩臨打 3,15,318.703,328.377,319.203,327.877
0419小窩臨打 3,16,337.389,341.857,337.889,341.357
0419小窩臨打 3,17,347.115,361.326,347.615,360.826
0419小窩臨打 3,18,370.055,383.698,370.555,383.198
0419小窩臨打 3,19,388.423,397.579,388.923,397.079
0419小窩臨打 3,20,404.305,424.506,404.805,424.006
0419小窩臨打 3,21,433.368,447.062,433.868,446.562
0419小窩臨打 3,22,458.126,462.861,458.626,462.361
0419小窩臨打 3,23,476.344,516.081,476.844,515.581
0419小窩臨打 3,24,528.98,537.686,529.48,537.186
0419小窩臨打 3,25,547.382,556.571,547.882,556.071
0419小窩臨打 3,26,562.43,574.539,562.93,574.039
0419小窩臨打 3,27,579.547,583.915,580.047,583.415
0419小窩臨打 3,28,590.591,600.699,591.091,600.199
0419小窩臨打 3,29,606.357,619.2,606.857,618.7
0419小窩臨打 3,30,627.845,639.337,628.345,638.837
0419小窩臨打 3,31,645.046,654.419,645.546,653.919
0419小窩臨打 3,32,658.509,671.77,659.009,671.27
0419小窩臨打 3,33,679.547,689.337,680.047,688.837
0419小窩臨打 3,34,697.882,710.675,698.382,710.175
0419小窩臨打 3,35,723.458,727.876,723.958,727.376
0419小窩臨打 3,36,731.883,739.637,732.383,739.137
0419小窩臨打 3,37,743.694,750.698,744.194,750.198
0419小窩臨打 3,38,756.09,764.212,756.59,763.712
0419小窩臨打 3,39,768.386,776.841,768.886,776.341
0419小窩臨打 3,40,781.949,790.555,782.449,790.055
0419小窩臨打 3,41,801.118,805.253,801.618,804.753
0419小窩臨打 3,42,810.528,822.053,811.028,821.553
0419小窩臨打 3,43,830.815,839.971,831.315,839.471
0419小窩臨打 3,44,850.117,859.224,850.617,858.724
0419小窩臨打 3,45,864.048,875.223,864.548,874.723
0419小窩臨打 3,46,886.254,905.97,886.754,905.47
0419小窩臨打 3,47,914.448,918.866,914.948,918.366
0419小窩臨打 3,48,930.648,952.583,931.148,952.083
0419小窩臨打 3,49,964.849,979.26,965.349,978.76
0419小窩臨打 3,50,988.489,1008.656,988.989,1008.156
0420小窩季打 1,1,14.7,27.8,15.2,27.3
0420小窩季打 1,2,34.6,38.867,35.1,38.367
0420小窩季打 1,3,48.467,83.467,48.967,82.967
0420小窩季打 1,4,90.867,110.4,91.367,109.9
0420小窩季打 1,5,115.8,124.133,116.3,123.633
0420小窩季打 1,6,129.7,139.133,130.2,138.633
0420小窩季打 1,7,150.7,165.333,151.2,164.833
0420小窩季打 1,8,174.167,182.033,174.667,181.533
0420小窩季打 1,9,195.167,216.7,195.667,216.2
0420小窩季打 1,10,226.367,238.0,226.867,237.5
0420小窩季打 1,11,241.933,245.8,242.433,245.3
0420小窩季打 1,12,250.6,270.9,251.1,270.4
0420小窩季打 1,13,275.733,283.767,276.233,283.267
0420小窩季打 1,14,289.9,298.3,290.4,297.8
0420小窩季打 1,15,304.567,312.833,305.067,312.333
0420小窩季打 1,16,322.433,330.933,322.933,330.433
0420小窩季打 1,17,340.833,350.967,341.333,350.467
0420小窩季打 1,18,357.867,382.367,358.367,381.867
0420小窩季打 1,19,391.667,412.8,392.167,412.3
0420小窩季打 1,20,423.833,444.733,424.333,444.233
0420小窩季打 1,21,453.067,470.233,453.567,469.733
0420小窩季打 1,22,475.067,483.2,475.567,482.7
0420小窩季打 1,23,490.967,500.333,491.467,499.833
0420小窩季打 1,24,507.6,512.7,508.1,512.2
0420小窩季打 1,25,521.767,527.433,522.267,526.933
0420小窩季打 1,26,532.433,540.8,532.933,540.3
0420小窩季打 1,27,546.467,559.633,546.967,559.133
0420小窩季打 1,28,564.3,602.067,564.8,601.567
0420小窩季打 1,29,612.6,624.2,613.1,623.7
0420小窩季打 1,30,636.733,657.7,637.233,657.2
0420小窩季打 1,31,664.2,673.133,664.7,672.633
0420小窩季打 1,32,677.1,697.567,677.6,697.067
0420小窩季打 1,33,706.767,723.667,707.267,723.167
0420小窩季打 1,34,728.6,737.433,729.1,736.933
0420小窩季打 1,35,742.0,750.067,742.5,749.567
0420小窩季打 1,36,756.3,768.133,756.8,767.633
0420小窩季打 1,37,773.667,789.867,774.167,789.367
0420小窩季打 1,38,795.4,806.867,795.9,806.367
0420小窩季打 1,39,819.733,831.433,820.233,830.933
0420小窩季打 1,40,840.333,851.1,840.833,850.6
0420小窩季打 1,41,855.833,870.233,856.333,869.733
0420小窩季打 1,42,878.6,882.733,879.1,882.233
0420小窩季打 1,43,890.067,894.4,890.567,894.4
0420小窩季打 1,44,905.667,917.467,906.167,916.967
0420小窩季打 1,45,924.8,933.367,925.3,932.867
0420小窩季打 1,46,938.667,947.133,939.167,946.633
0420小窩季打 1,47,976.167,980.767,976.667,980.267
0420小窩季打 1,48,986.933,1003.533,987.433,1003.033
0420小窩季打 2,1,6.2,21.9,6.7,21.4
0420小窩季打 2,2,26.5,34.433,27.0,33.933
0420小窩季打 2,3,38.233,43.033,38.733,42.533
0420小窩季打 2,4,48.967,56.967,49.467,56.467
0420小窩季打 2,5,63.167,74.0,63.667,73.5
0420小窩季打 2,6,81.7,101.9,82.2,101.4
0420小窩季打 2,7,112.767,124.667,113.267,124.167
0420小窩季打 2,8,133.767,142.2,134.267,141.7
0420小窩季打 2,9,151.267,182.267,151.767,181.767
0420小窩季打 2,10,191.167,207.9,191.667,207.4
0420小窩季打 2,11,218.8,238.0,219.3,235.933
0420小窩季打 2,12,246.167,257.567,246.667,257.067
0420小窩季打 2,13,262.9,267.767,263.4,267.267
0420小窩季打 2,14,272.633,278.767,273.133,278.267
0420小窩季打 2,15,286.433,290.1,286.933,289.6
0420小窩季打 2,16,298.333,306.467,298.833,305.967
0420小窩季打 2,17,314.333,336.033,314.833,335.533
0420小窩季打 2,18,346.2,362.5,346.7,362.0
0420小窩季打 2,19,367.767,384.267,368.267,383.767
0420小窩季打 2,20,391.967,413.967,392.467,413.467
0420小窩季打 2,21,419.867,438.067,420.367,437.567
0420小窩季打 2,22,443.533,451.7,444.033,451.2
0420小窩季打 2,23,462.133,472.333,462.633,471.833
0420小窩季打 2,24,480.733,486.2,481.233,485.7
0420小窩季打 2,25,492.133,517.767,492.633,517.267
0420小窩季打 2,26,525.7,534.233,526.2,533.733
0420小窩季打 2,27,540.7,554.167,541.2,553.667
0420小窩季打 2,28,559.6,568.933,560.1,568.433
0420小窩季打 2,29,580.9,590.233,581.4,589.733
0420小窩季打 2,30,596.1,608.833,596.6,608.333
0420小窩季打 2,31,615.833,624.167,616.333,623.667
0420小窩季打 2,32,629.067,646.0,629.567,645.5
0420小窩季打 2,33,652.633,661.233,653.133,660.733
0420小窩季打 2,34,664.667,672.867,665.167,672.367
0420小窩季打 2,35,680.667,690.7,681.167,690.2
0420小窩季打 2,36,700.3,712.933,700.8,712.433
0420小窩季打 2,37,718.867,727.3,719.367,726.8
0420小窩季打 2,38,732.833,745.033,733.333,744.533
0420小窩季打 2,39,751.367,756.1,751.867,755.6
0420小窩季打 2,40,764.467,784.567,764.967,784.067
0420小窩季打 2,41,792.833,812.7,793.333,812.2
0420小窩季打 2,42,818.7,827.633,819.2,827.133
0420小窩季打 2,43,838.167,846.233,838.667,845.733
0420小窩季打 2,44,855.5,885.967,856.0,885.467
0420小窩季打 2,45,893.2,906.1,893.7,905.6
0420小窩季打 2,46,912.133,920.8,912.633,920.3
0420小窩季打 2,47,930.933,945.2,931.433,946.2
0420小窩季打 3,1,0.333,4.633,0.833,4.133
0420小窩季打 3,2,10.967,24.0,11.467,23.5
0420小窩季打 3,3,31.433,41.033,31.933,40.533
0420小窩季打 3,4,47.867,57.467,48.367,56.967
0420小窩季打 3,5,64.567,74.067,65.067,73.567
0420小窩季打 3,6,82.567,86.867,83.067,86.367
0420小窩季打 3,7,92.533,97.367,93.033,96.867
0420小窩季打 3,8,102.133,119.8,102.633,119.3
0420小窩季打 3,9,126.233,145.267,126.733,144.767
0420小窩季打 3,10,155.1,188.3,155.6,187.8
0420小窩季打 3,11,194.6,199.067,195.1,198.567
0420小窩季打 3,12,203.933,212.6,204.433,212.1
0420小窩季打 3,13,224.133,232.167,224.633,231.667
0420小窩季打 3,14,240.0,245.3,240.5,244.8
0420小窩季打 3,15,252.433,260.0,252.933,258.2
0420小窩季打 3,16,270.167,293.133,270.667,292.633
0420小窩季打 3,17,305.633,317.5,306.133,317.0
0420小窩季打 3,18,326.3,350.033,326.8,349.533
0420小窩季打 3,19,357.867,368.567,358.367,368.067
0420小窩季打 3,20,374.833,386.733,375.333,386.233
0420小窩季打 3,21,392.867,400.833,393.367,400.333
0420小窩季打 3,22,407.3,419.467,407.8,418.967
0420小窩季打 3,23,425.0,439.567,425.5,439.067
0420小窩季打 3,24,454.5,466.6,455.0,466.1
0420小窩季打 3,25,474.433,495.467,474.933,494.967
0420小窩季打 3,26,502.667,510.8,503.167,510.3
0420小窩季打 3,27,513.7,521.533,514.2,521.033
0420小窩季打 3,28,531.3,543.767,531.8,543.267
0420小窩季打 3,29,554.033,559.9,554.533,559.4
0420小窩季打 3,30,568.4,573.667,568.9,573.167
0420小窩季打 3,31,581.933,598.833,582.433,598.333
0420小窩季打 3,32,605.533,626.2,606.033,625.7
0420小窩季打 3,33,636.567,658.0,637.067,657.5
0420小窩季打 3,34,667.1,674.9,667.6,674.4
0420小窩季打 3,35,684.2,696.9,684.7,696.4
0420小窩季打 3,36,705.0,718.5,705.5,718.0
0420小窩季打 3,37,725.767,737.633,726.267,737.133
0420小窩季打 3,38,750.5,758.433,751.0,757.933
0420小窩季打 3,39,768.067,777.333,768.567,776.833
0420小窩季打 3,40,784.1,816.733,784.6,816.233
0427小窩季打 10,1,4.533,12.567,5.033,12.067
0427小窩季打 10,2,19.6,28.167,20.1,27.667
0427小窩季打 10,3,36.2,48.667,36.7,48.167
0427小窩季打 10,4,56.167,72.133,56.667,71.633
0427小窩季打 10,5,83.0,93.167,83.5,92.667
0427小窩季打 10,6,102.333,110.2,102.833,109.7
0427小窩季打 10,7,124.167,132.267,124.667,131.767
0427小窩季打 10,8,139.667,151.933,140.167,151.433
0427小窩季打 10,9,164.167,179.8,164.667,179.3
0427小窩季打 10,10,188.733,217.533,189.233,217.033
0427小窩季打 10,11,224.0,232.733,224.5,232.233
0427小窩季打 10,12,240.267,264.6,240.767,264.1
0427小窩季打 10,13,277.933,286.233,278.433,285.733
0427小窩季打 10,14,295.067,306.733,295.567,306.233
0427小窩季打 10,15,311.8,325.767,312.3,325.267
0427小窩季打 10,16,328.333,333.2,328.833,332.7
0427小窩季打 10,17,343.433,356.7,343.933,356.2
0427小窩季打 10,18,364.767,380.633,365.267,380.133
0427小窩季打 10,19,390.233,394.6,390.733,394.1
0427小窩季打 10,20,403.967,409.233,404.467,408.733
0427小窩季打 10,21,417.033,425.367,417.533,424.867
0427小窩季打 10,22,434.1,451.7,434.6,451.2
0427小窩季打 10,23,461.467,466.067,461.967,465.567
0427小窩季打 10,24,471.7,487.167,472.2,486.667
0427小窩季打 10,25,499.167,510.667,499.667,510.167
0427小窩季打 10,26,516.633,543.067,517.133,542.567
0427小窩季打 10,27,564.333,580.433,564.833,579.933
0427小窩季打 10,28,587.2,600.333,587.7,599.833
0427小窩季打 10,29,608.1,616.667,608.6,616.167
0427小窩季打 10,30,622.4,632.267,622.9,631.767
0427小窩季打 10,31,640.7,648.8,641.2,648.3
0427小窩季打 10,32,654.233,663.033,654.733,662.533
0427小窩季打 10,33,672.633,681.867,673.133,681.367
0427小窩季打 10,34,694.6,708.167,695.1,707.667
0427小窩季打 10,35,717.867,751.3,718.367,750.8
0427小窩季打 10,36,761.0,782.367,761.5,781.867
0427小窩季打 10,37,791.933,804.1,792.433,803.6
0427小窩季打 10,38,813.0,834.8,813.5,834.3
0427小窩季打 10,39,843.133,865.833,843.633,865.333
0427小窩季打 10,40,873.067,881.267,873.567,880.767
0427小窩季打 10,41,887.1,895.033,887.6,894.533
0427小窩季打 10,42,907.833,930.867,908.333,930.367
0427小窩季打 10,43,937.567,950.567,938.067,950.067
0427小窩季打 10,44,958.467,967.567,958.967,967.067
0427小窩季打 10,45,982.2,990.4,982.7,989.9
0427小窩季打 11,1,7.6,63.6,8.1,63.1
0427小窩季打 11,2,72.133,86.233,72.633,85.733
0427小窩季打 11,3,98.767,135.667,99.267,135.167
0427小窩季打 11,4,144.433,164.733,144.933,164.233
0427小窩季打 11,5,174.1,206.1,174.6,205.6
0427小窩季打 11,6,217.833,238.433,218.333,237.933
0427小窩季打 11,7,247.767,255.733,248.267,255.233
0427小窩季打 11,8,262.5,273.033,263.0,272.533
0427小窩季打 11,9,281.733,302.467,282.233,301.967
0427小窩季打 11,10,309.033,321.133,309.533,320.633
0427小窩季打 11,11,327.633,336.267,328.133,335.767
0427小窩季打 11,12,347.733,355.567,348.233,355.067
0427小窩季打 11,13,361.867,366.333,362.367,365.833
0427小窩季打 11,14,378.0,389.867,378.5,389.367
0427小窩季打 11,15,395.867,403.867,396.367,403.367
0427小窩季打 11,16,419.733,435.367,420.233,434.867
0427小窩季打 11,17,444.9,452.7,445.4,452.2
0427小窩季打 11,18,461.6,481.267,462.1,480.767
0427小窩季打 11,19,498.8,502.967,499.3,502.467
0427小窩季打 11,20,507.2,515.1,507.7,514.6
0427小窩季打 11,21,525.133,546.9,525.633,546.4
0427小窩季打 11,22,554.5,558.733,555.0,558.233
0427小窩季打 11,23,566.267,575.1,566.767,574.6
0427小窩季打 11,24,584.133,601.133,584.633,600.633
0427小窩季打 11,25,608.833,619.967,609.333,619.467
0427小窩季打 11,26,630.933,647.467,631.433,646.967
0427小窩季打 11,27,653.533,664.1,654.033,663.6
0427小窩季打 11,28,670.967,696.467,671.467,695.967
0427小窩季打 11,29,706.633,731.5,707.133,731.0
0427小窩季打 11,30,744.767,755.767,745.267,755.267
0427小窩季打 11,31,766.867,775.6,767.367,775.1
0427小窩季打 11,32,780.467,789.567,780.967,789.067
0427小窩季打 11,33,797.7,811.833,798.2,811.333
0427小窩季打 11,34,818.2,826.567,818.7,826.067
0427小窩季打 11,35,832.767,846.567,833.267,846.067
0427小窩季打 11,36,855.967,896.9,856.467,896.4
0427小窩季打 11,37,907.567,915.233,908.067,914.733
0427小窩季打 11,38,926.833,938.867,927.333,938.367
0427小窩季打 11,39,945.067,952.567,945.567,952.067
0427小窩季打 11,40,959.667,967.633,960.167,967.133
0427小窩季打 11,41,981.9,986.033,982.4,985.533
0427小窩季打 11,42,997.867,1004.467,998.367,1003.967
0427小窩季打 11,43,1012.2,1032.767,1012.7,1032.267
0427小窩季打 11,44,1047.033,1051.233,1047.533,1050.733
0427小窩季打 11,45,1056.633,1065.067,1057.133,1064.567
0427小窩季打 12,1,5.167,17.967,5.667,17.467
0427小窩季打 12,2,23.833,40.3,24.333,39.8
0427小窩季打 12,3,50.467,64.467,50.967,63.967
0427小窩季打 12,4,69.733,77.767,70.233,77.267
0427小窩季打 12,5,83.233,91.367,83.733,90.867
0427小窩季打 12,6,95.233,119.367,95.733,118.867
0427小窩季打 12,7,124.633,132.1,125.133,131.6
0427小窩季打 12,8,137.9,154.567,138.4,154.067
0427小窩季打 12,9,162.333,182.2,162.833,181.7
0427小窩季打 12,10,189.167,208.367,189.667,207.867
0427小窩季打 12,11,216.533,239.267,217.033,238.767
0427小窩季打 12,12,245.433,271.6,245.933,271.1
0427小窩季打 12,13,277.533,292.633,278.033,292.133
0427小窩季打 12,14,305.133,313.5,305.633,313.0
0427小窩季打 12,15,323.5,331.133,324.0,330.633
0427小窩季打 12,16,353.7,359.967,354.2,359.467
0427小窩季打 12,17,370.633,393.767,371.133,394.767
0427小窩季打 12,18,402.433,408.067,402.933,407.567
0427小窩季打 12,19,411.567,431.333,412.067,430.833
0427小窩季打 12,20,440.9,452.833,441.4,452.333
0427小窩季打 12,21,459.9,478.333,460.4,477.833
0427小窩季打 12,22,485.433,492.8,485.933,492.3
0427小窩季打 12,23,498.9,504.8,499.4,504.3
0427小窩季打 12,24,513.433,526.067,513.933,525.567
0427小窩季打 12,25,533.767,563.7,534.267,563.2
0427小窩季打 12,26,575.167,583.733,575.667,583.233
0427小窩季打 12,27,591.9,600.0,592.4,599.5
0427小窩季打 12,28,612.1,621.0,612.6,620.5
0427小窩季打 12,29,633.2,659.6,633.7,659.1
0427小窩季打 12,30,667.367,681.467,667.867,680.967
0427小窩季打 12,31,689.933,697.5,690.433,697.0
0427小窩季打 12,32,707.867,729.8,708.367,729.3
0427小窩季打 12,33,737.533,750.333,738.033,749.833
0427小窩季打 12,34,758.767,775.233,759.267,774.733
0427小窩季打 12,35,782.0,789.0,782.5,788.5
0427小窩季打 12,36,798.267,813.067,798.767,812.567
0427小窩季打 12,37,823.433,831.733,823.933,831.233
0427小窩季打 12,38,834.567,842.633,835.067,842.133
0427小窩季打 12,39,847.933,855.367,848.433,854.867
0427小窩季打 12,40,860.7,871.7,861.2,871.2
0427小窩季打 12,41,881.767,889.3,882.267,888.8
0427小窩季打 12,42,899.3,908.233,899.8,907.733
0427小窩季打 12,43,916.267,932.8,916.767,932.3
0427小窩季打 12,44,939.733,947.5,940.233,947.0
0427小窩季打 12,45,954.233,966.0,954.733,965.5
0427小窩季打 12,46,978.633,998.967,979.133,998.467
0427小窩季打 12,47,1009.733,1045.0,1010.233,1044.5
0427小窩季打 12,48,1057.333,1065.467,1057.833,1064.967
0427小窩季打 12,49,1073.7,1097.667,1074.2,1097.167
0427小窩季打 12,50,1107.367,1123.4,1107.867,1122.9
0427小窩季打 12,51,1133.933,1145.333,1134.433,1144.833
0427小窩季打 12,52,1158.833,1175.133,1159.333,1174.633
0427小窩季打 12,53,1190.333,1203.5,1190.833,1204.333
0427小窩季打 12,54,1215.667,1237.8,1216.167,1237.3
0518小窩季打 1,1,3.567,18.733,4.067,18.233
0518小窩季打 1,2,24.633,45.467,25.133,44.967
0518小窩季打 1,3,51.133,58.267,51.633,57.767
0518小窩季打 1,4,63.267,72.6,63.767,72.1
0518小窩季打 1,5,83.367,91.433,83.867,90.933
0518小窩季打 1,6,101.3,107.133,101.8,106.633
0518小窩季打 1,7,112.433,120.467,112.933,119.967
0518小窩季打 1,8,127.267,168.633,127.767,168.133
0518小窩季打 1,9,178.4,186.333,178.9,185.833
0518小窩季打 1,10,191.033,209.767,191.533,209.267
0518小窩季打 1,11,219.467,224.0,219.967,223.5
0518小窩季打 1,12,233.4,238.933,233.9,238.433
0518小窩季打 1,13,247.9,312.8,248.4,312.3
0518小窩季打 1,14,323.2,327.967,323.7,327.467
0518小窩季打 1,15,333.4,350.233,333.9,349.733
0518小窩季打 1,16,362.633,369.667,363.133,369.167
0518小窩季打 1,17,378.8,390.967,379.3,390.467
0518小窩季打 1,18,400.167,407.067,400.667,406.567
0518小窩季打 1,19,415.5,435.2,416.0,434.7
0518小窩季打 1,20,445.767,453.967,446.267,453.467
0518小窩季打 1,21,462.2,482.5,462.7,482.0
0518小窩季打 1,22,489.233,497.567,489.733,497.067
0518小窩季打 1,23,504.6,535.433,505.1,534.933
0518小窩季打 1,24,541.067,550.0,541.567,549.5
0518小窩季打 1,46,553.033,560.167,553.533,559.667
0518小窩季打 1,25,565.067,588.133,565.567,587.633
0518小窩季打 1,26,591.5,607.033,592.0,606.533
0518小窩季打 1,27,613.3,622.8,613.8,622.3
0518小窩季打 1,28,631.567,639.533,632.067,639.033
0518小窩季打 1,29,646.533,654.1,647.033,653.6
0518小窩季打 1,30,665.567,685.667,666.067,685.167
0518小窩季打 1,31,689.267,705.367,689.767,704.867
0518小窩季打 1,32,718.867,742.7,719.367,742.2
0518小窩季打 1,33,749.133,753.533,749.633,753.033
0518小窩季打 1,34,758.6,765.4,759.1,764.9
0518小窩季打 1,35,771.033,789.767,771.533,789.267
0518小窩季打 1,36,797.0,813.033,797.5,812.533
0518小窩季打 1,37,820.0,825.467,820.5,824.967
0518小窩季打 1,38,835.8,855.7,836.3,855.2
0518小窩季打 1,39,865.467,869.633,865.967,869.133
0518小窩季打 1,40,876.7,886.333,877.2,885.833
0518小窩季打 1,41,897.5,916.633,898.0,916.133
0518小窩季打 1,42,924.833,936.6,925.333,936.1
0518小窩季打 1,43,943.2,948.2,943.7,947.733
0518小窩季打 1,44,956.067,960.767,956.567,960.267
0518小窩季打 1,45,970.567,975.067,971.067,974.567
0518小窩季打 2,1,2.5,20.0,3.0,19.5
0518小窩季打 2,2,26.767,32.267,27.267,31.767
0518小窩季打 2,3,40.167,47.933,40.667,47.433
0518小窩季打 2,4,55.2,63.6,55.7,63.1
0518小窩季打 2,5,72.433,92.233,72.933,91.733
0518小窩季打 2,6,101.9,125.867,102.4,125.367
0518小窩季打 2,7,135.0,143.1,135.5,142.6
0518小窩季打 2,9,160.367,168.133,160.867,167.633
0518小窩季打 2,10,174.833,183.6,175.333,183.133
0518小窩季打 2,11,194.6,210.5,195.1,210.0
0518小窩季打 2,12,217.933,240.133,218.433,239.633
0518小窩季打 2,13,247.567,258.5,248.067,258.0
0518小窩季打 2,14,266.733,275.0,267.233,274.5
0518小窩季打 2,15,283.0,288.3,283.5,287.8
0518小窩季打 2,16,295.4,299.5,295.9,299.0
0518小窩季打 2,17,303.7,317.033,304.2,316.533
0518小窩季打 2,18,326.867,335.2,327.367,334.7
0518小窩季打 2,19,341.033,357.167,341.533,356.667
0518小窩季打 2,20,369.8,391.067,370.333,390.567
0518小窩季打 2,21,407.1,417.4,407.6,416.9
0518小窩季打 2,22,427.867,439.3,428.367,438.8
0518小窩季打 2,23,445.9,458.9,446.4,458.4
0518小窩季打 2,24,465.567,477.733,466.067,477.233
0518小窩季打 2,25,488.933,498.433,489.433,497.933
0518小窩季打 2,26,509.667,517.933,510.167,517.433
0518小窩季打 2,27,527.133,560.533,527.633,560.033
0518小窩季打 2,28,571.167,575.733,571.667,575.233
0518小窩季打 2,29,585.333,596.3,585.833,595.8
0518小窩季打 2,30,606.533,637.9,607.033,637.4
0518小窩季打 2,31,649.867,659.0,650.367,658.5
0518小窩季打 2,32,671.267,687.0,671.767,686.5
0518小窩季打 2,33,694.0,698.4,694.5,697.9
0518小窩季打 2,34,710.133,721.133,710.633,720.633
0518小窩季打 2,35,725.2,749.167,725.7,748.667
0518小窩季打 2,36,764.5,781.433,765.0,780.933
0518小窩季打 2,37,791.867,849.467,792.367,848.967
0518小窩季打 2,38,860.1,868.2,860.6,867.7
0518小窩季打 2,39,876.6,884.833,877.1,884.333
0518小窩季打 2,40,890.833,895.233,891.333,894.733
0518小窩季打 2,41,901.233,911.167,901.733,910.667
0518小窩季打 2,42,921.9,942.467,922.4,941.967
0518小窩季打 2,43,950.6,980.033,951.1,979.533
0518小窩季打 2,44,989.9,1005.5,990.4,1005.0
0518小窩季打 2,45,1012.7,1032.2,1013.2,1031.7
0518小窩季打 2,46,1040.367,1067.2,1040.867,1066.7
0518小窩季打 2,47,1074.267,1089.033,1074.767,1088.533
0518小窩季打 2,48,1099.2,1106.233,1099.7,1105.733
0518小窩季打 2,49,1117.433,1125.733,1117.933,1125.233
0518小窩季打 2,50,1135.467,1143.933,1135.967,1143.433
0518小窩季打 2,51,1160.667,1169.167,1161.167,1168.667
0518小窩季打 2,52,1178.967,1194.233,1179.467,1193.733
0518小窩季打 3,1,2.467,14.7,2.967,14.2
0518小窩季打 3,2,21.8,25.867,22.3,25.367
0518小窩季打 3,3,29.833,44.8,30.333,44.3
0518小窩季打 3,4,48.667,71.033,49.167,70.533
0518小窩季打 3,5,76.2,94.0,76.7,93.5
0518小窩季打 3,6,103.567,111.933,104.067,111.433
0518小窩季打 3,7,124.767,132.6,125.267,132.1
0518小窩季打 3,8,138.133,149.233,138.633,148.733
0518小窩季打 3,9,154.833,167.767,155.333,167.267
0518小窩季打 3,10,176.767,187.933,177.267,187.433
0518小窩季打 3,11,198.767,215.2,199.267,214.7
0518小窩季打 3,12,220.467,232.633,220.967,232.133
0518小窩季打 3,13,244.0,255.4,244.5,254.9
0518小窩季打 3,14,261.6,270.833,262.1,270.333
0518小窩季打 3,15,277.333,285.433,277.833,284.933
0518小窩季打 3,16,298.467,306.333,298.967,305.833
0518小窩季打 3,17,314.6,335.8,315.1,335.3
0518小窩季打 3,18,346.467,359.067,346.967,358.567
0518小窩季打 3,19,370.3,374.6,370.8,374.1
0518小窩季打 3,20,378.1,382.633,378.6,382.133
0518小窩季打 3,21,386.933,407.133,387.433,406.633
0518小窩季打 3,22,414.6,437.367,415.1,436.867
0518小窩季打 3,23,443.967,459.7,444.467,459.2
0518小窩季打 3,24,467.4,483.967,467.9,483.467
0518小窩季打 3,25,490.367,498.167,490.867,497.667
0518小窩季打 3,45,501.3,513.8,501.8,513.3
0518小窩季打 3,26,525.333,562.7,525.833,562.2
0518小窩季打 3,27,567.9,573.2,568.4,572.7
0518小窩季打 3,28,581.133,600.533,581.633,600.033
0518小窩季打 3,29,608.233,622.2,608.733,621.7
0518小窩季打 3,30,629.4,649.733,629.9,649.233
0518小窩季打 3,31,662.3,687.567,662.8,687.067
0518小窩季打 3,32,693.3,701.6,693.8,701.1
0518小窩季打 3,33,713.567,737.533,714.067,737.033
0518小窩季打 3,34,744.1,776.767,744.6,776.267
0518小窩季打 3,35,787.433,793.0,787.933,792.5
0518小窩季打 3,36,801.233,809.0,801.733,808.5
0518小窩季打 3,37,823.967,831.833,824.467,831.333
0518小窩季打 3,38,841.2,853.033,841.7,852.533
0518小窩季打 3,39,862.633,870.167,863.133,869.667
0518小窩季打 3,40,884.567,892.133,885.067,891.633
0518小窩季打 3,41,901.533,909.233,902.033,908.733
0518小窩季打 3,42,914.533,923.067,915.033,922.567
0518小窩季打 3,43,933.733,939.067,934.233,938.567
0518小窩季打 3,44,947.133,958.833,947.633,958.333
0601小窩季打 1,1,15.133,28.333,15.633,27.833
0601小窩季打 1,2,33.7,55.6,34.2,55.1
0601小窩季打 1,3,61.533,69.9,62.033,69.4
0601小窩季打 1,4,74.6,86.767,75.1,86.267
0601小窩季打 1,5,100.567,108.667,101.067,108.167
0601小窩季打 1,6,117.0,121.167,117.5,120.667
0601小窩季打 1,7,130.8,138.633,131.3,138.133
0601小窩季打 1,8,145.3,184.8,145.8,184.3
0601小窩季打 1,9,190.9,202.733,191.4,202.233
0601小窩季打 1,10,214.733,225.967,215.233,225.467
0601小窩季打 1,11,231.467,239.6,231.967,239.1
0601小窩季打 1,12,255.733,289.267,256.233,288.767
0601小窩季打 1,13,307.467,319.233,307.967,318.733
0601小窩季打 1,14,327.733,334.467,328.233,333.967
0601小窩季打 1,15,342.133,354.767,342.633,354.267
0601小窩季打 1,16,359.333,367.233,359.833,366.733
0601小窩季打 1,17,373.367,397.5,373.867,397.0
0601小窩季打 1,18,403.967,412.767,404.467,412.267
0601小窩季打 1,19,418.6,462.8,419.1,462.3
0601小窩季打 1,20,467.833,484.8,468.333,484.3
0601小窩季打 1,21,492.367,496.6,492.867,496.1
0601小窩季打 1,22,507.267,543.567,507.767,543.067
0601小窩季打 1,23,550.433,570.333,550.933,569.833
0601小窩季打 1,24,577.667,592.1,578.167,591.6
0601小窩季打 1,25,602.1,614.867,602.6,614.367
0601小窩季打 1,26,619.767,632.767,620.267,632.267
0601小窩季打 1,27,641.367,649.967,641.867,649.467
0601小窩季打 1,28,656.2,664.3,656.7,663.8
0601小窩季打 1,29,671.267,683.8,671.767,683.3
0601小窩季打 1,30,689.7,702.333,690.2,701.833
0601小窩季打 1,31,709.133,716.833,709.633,716.333
0601小窩季打 1,32,726.367,734.867,726.867,734.367
0601小窩季打 1,33,740.333,750.4,740.833,749.9
0601小窩季打 2,1,4.767,59.433,5.267,58.933
0601小窩季打 2,2,65.5,69.733,66.0,69.233
0601小窩季打 2,3,75.233,84.067,75.733,83.567
0601小窩季打 2,4,88.033,93.8,88.533,93.3
0601小窩季打 2,5,98.5,128.867,99.0,128.367
0601小窩季打 2,6,135.6,140.267,136.1,139.767
0601小窩季打 2,7,148.433,161.3,148.933,160.8
0601小窩季打 2,8,170.567,185.767,171.067,185.267
0601小窩季打 2,9,193.533,209.4,194.033,208.9
0601小窩季打 2,10,214.967,219.1,215.467,218.6
0601小窩季打 2,11,224.767,233.0,225.267,232.5
0601小窩季打 2,12,241.467,263.5,241.967,263.0
0601小窩季打 2,13,269.533,275.733,270.033,275.233
0601小窩季打 2,14,280.867,293.933,281.367,293.433
0601小窩季打 2,15,301.633,305.733,302.133,305.233
0601小窩季打 2,16,312.7,320.7,313.2,320.2
0601小窩季打 2,17,325.733,345.0,326.233,344.5
0601小窩季打 2,18,351.767,368.7,352.267,368.2
0601小窩季打 2,19,374.567,378.867,375.067,378.367
0601小窩季打 2,20,383.833,392.533,384.333,392.033
0601小窩季打 2,21,397.467,405.233,397.967,404.733
0601小窩季打 2,22,410.067,422.267,410.567,421.767
0601小窩季打 2,23,429.9,437.9,430.4,437.4
0601小窩季打 2,24,444.033,473.2,444.533,472.7
0601小窩季打 2,25,482.733,541.833,483.233,541.333
0601小窩季打 2,26,550.7,556.167,551.2,555.667
0601小窩季打 2,27,561.833,588.533,562.333,588.033
0601小窩季打 2,28,595.0,606.833,595.5,606.333
0601小窩季打 2,29,619.867,635.667,620.367,635.167
0601小窩季打 2,30,640.033,648.4,640.533,647.9
0601小窩季打 2,31,656.2,672.633,656.7,672.133
0601小窩季打 2,32,679.333,702.633,679.833,702.133
0601小窩季打 2,33,708.1,724.0,708.6,723.5
0601小窩季打 2,34,730.533,739.033,731.033,738.533
0601小窩季打 2,35,741.6,750.133,742.1,749.633
0601小窩季打 2,36,757.333,761.8,757.833,761.3
0601小窩季打 2,37,767.667,780.5,768.167,780.0
0601小窩季打 3,1,5.9,9.9,6.4,9.4
0601小窩季打 3,2,15.667,20.3,16.167,19.8
0601小窩季打 3,3,27.767,39.3,28.267,38.8
0601小窩季打 3,4,48.867,56.8,49.367,56.3
0601小窩季打 3,5,65.567,83.4,66.067,82.9
0601小窩季打 3,6,89.5,102.4,90.0,101.9
0601小窩季打 3,7,108.433,128.733,108.933,128.233
0601小窩季打 3,8,134.667,150.5,135.167,150.0
0601小窩季打 3,9,154.967,171.367,155.467,170.867
0601小窩季打 3,10,178.1,203.033,178.6,202.533
0601小窩季打 3,11,207.2,211.7,207.7,211.2
0601小窩季打 3,12,220.533,226.3,221.033,225.8
0601小窩季打 3,13,235.133,246.833,235.633,246.333
0601小窩季打 3,14,252.133,261.133,252.633,260.633
0601小窩季打 3,15,265.167,269.3,265.667,268.8
0601小窩季打 3,16,276.133,285.0,276.633,284.5
0601小窩季打 3,17,289.9,312.533,290.4,312.033
0601小窩季打 3,18,315.2,324.467,315.7,323.967
0601小窩季打 3,19,334.067,361.5,334.567,361.0
0601小窩季打 3,20,366.3,376.867,366.8,376.367
0601小窩季打 3,21,384.333,393.2,384.833,392.7
0601小窩季打 3,22,404.333,408.3,404.833,407.8
0601小窩季打 3,23,415.1,429.033,415.6,428.533
0601小窩季打 3,24,435.3,447.9,435.8,447.4
0601小窩季打 3,25,457.167,463.033,457.667,462.533
0601小窩季打 3,26,472.767,480.567,473.267,480.067
0601小窩季打 3,27,488.233,498.133,488.733,497.633
0601小窩季打 3,28,507.867,516.867,508.367,516.367
0601小窩季打 3,29,526.567,554.2,527.067,553.7
0601小窩季打 3,30,564.2,573.333,564.7,572.833
0601小窩季打 3,31,587.133,593.333,587.633,592.833
0601小窩季打 3,32,604.767,615.233,605.267,614.733
0601小窩季打 3,33,620.1,632.867,620.6,632.367
0601小窩季打 3,34,641.0,659.767,641.5,659.267
0601小窩季打 3,35,664.0,686.167,664.5,685.667
0601小窩季打 3,36,697.3,702.167,697.8,701.667
0601小窩季打 3,37,708.567,720.933,709.067,720.433
0601小窩季打 3,38,729.5,749.7,730.0,749.2
0601小窩季打 3,39,757.667,765.6,758.167,765.1
0601小窩季打 3,40,772.967,782.767,773.467,782.267
0601小窩季打 3,41,792.0,800.033,792.5,799.533
0601小窩季打 3,42,811.067,820.267,811.567,819.767
0601小窩季打 3,43,831.967,851.6,832.467,851.1
0601小窩季打 3,44,861.7,869.6,862.2,869.1
0601小窩季打 3,45,874.967,892.433,875.467,891.933
0601小窩季打 3,46,903.933,912.533,904.433,912.033
0601小窩季打 3,47,924.0,928.9,924.5,928.4
0727小窩季打 1,1,7.967,20.267,8.467,19.767
0727小窩季打 1,2,26.467,57.567,26.967,57.067
0727小窩季打 1,3,63.0,86.5,63.5,86.0
0727小窩季打 1,4,98.067,106.833,98.567,106.333
0727小窩季打 1,5,115.2,121.5,115.7,121.0
0727小窩季打 1,6,129.567,145.6,130.067,145.1
0727小窩季打 1,7,153.367,214.933,153.867,214.433
0727小窩季打 1,8,220.567,229.467,221.067,228.967
0727小窩季打 1,9,238.467,250.033,238.967,249.533
0727小窩季打 1,10,256.167,264.0,256.667,263.5
0727小窩季打 1,11,268.1,276.6,268.6,276.1
0727小窩季打 1,12,280.933,289.6,281.433,289.1
0727小窩季打 1,13,294.633,308.067,295.133,307.567
0727小窩季打 1,14,311.6,316.667,312.1,316.167
0727小窩季打 1,15,320.133,340.233,320.633,339.733
0727小窩季打 1,16,347.1,369.767,347.6,369.267
0727小窩季打 1,17,375.667,383.767,376.167,383.267
0727小窩季打 1,18,389.9,395.1,390.4,394.6
0727小窩季打 1,19,400.533,404.867,401.033,404.367
0727小窩季打 1,20,412.1,420.367,412.6,419.867
0727小窩季打 1,21,430.733,450.733,431.233,450.233
0727小窩季打 1,22,461.967,477.333,462.467,476.833
0727小窩季打 1,23,484.1,488.633,484.6,488.133
0727小窩季打 1,24,493.867,511.1,494.367,510.6
0727小窩季打 1,25,521.467,533.267,521.967,532.767
0727小窩季打 1,26,545.967,561.367,546.467,560.867
0727小窩季打 1,27,565.3,577.333,565.8,576.833
0727小窩季打 1,28,590.633,647.2,591.133,646.7
0727小窩季打 1,29,665.433,676.167,665.933,675.667
0727小窩季打 1,30,687.167,702.1,687.667,701.6
0727小窩季打 1,31,709.467,756.433,709.967,755.933
0727小窩季打 1,32,765.7,782.067,766.2,781.567
0727小窩季打 1,33,794.933,803.333,795.433,802.833
0727小窩季打 1,34,810.433,825.3,810.933,824.8
0727小窩季打 1,35,831.133,849.367,831.633,848.867
0727小窩季打 1,36,858.067,870.767,858.567,870.267
0727小窩季打 1,37,883.0,887.267,883.5,886.767
0727小窩季打 1,38,894.267,906.633,894.767,906.133
0727小窩季打 1,39,914.0,932.2,914.5,931.7
0727小窩季打 1,40,937.8,943.9,938.3,943.4
0727小窩季打 1,41,949.267,957.633,949.767,957.133
0727小窩季打 1,42,961.367,974.567,961.867,974.067
0727小窩季打 1,43,980.767,988.4,981.267,987.9
0727小窩季打 1,44,997.433,1005.833,997.933,1005.333
0727小窩季打 1,45,1013.1,1032.6,1013.6,1032.1
0727小窩季打 1,46,1041.433,1065.5,1041.933,1065.0
0727小窩季打 2,1,8.133,33.833,8.633,33.333
0727小窩季打 2,2,42.633,47.3,43.133,46.8
0727小窩季打 2,3,53.767,70.7,54.267,70.2
0727小窩季打 2,4,82.633,105.067,83.133,104.567
0727小窩季打 2,5,114.867,119.1,115.367,118.6
0727小窩季打 2,6,127.167,136.1,127.667,135.6
0727小窩季打 2,7,148.6,169.133,149.1,168.633
0727小窩季打 2,8,179.133,186.433,179.633,185.933
0727小窩季打 2,9,193.333,206.667,193.833,206.167
0727小窩季打 2,10,213.8,222.467,214.3,221.967
0727小窩季打 2,11,226.433,247.733,226.933,247.233
0727小窩季打 2,12,252.867,284.867,253.367,284.367
0727小窩季打 2,13,290.8,315.5,291.3,315.0
0727小窩季打 2,14,317.833,330.3,318.333,329.8
0727小窩季打 2,15,336.967,348.867,337.467,348.367
0727小窩季打 2,16,358.733,370.733,359.233,370.233
0727小窩季打 2,17,378.067,395.967,378.567,395.467
0727小窩季打 2,18,404.867,431.567,405.367,431.067
0727小窩季打 2,19,443.8,458.433,444.3,457.933
0727小窩季打 2,20,467.867,492.533,468.367,492.033
0727小窩季打 2,21,500.433,508.9,500.933,508.4
0727小窩季打 2,22,515.833,520.033,516.333,519.533
0727小窩季打 2,23,532.133,540.567,532.633,540.067
0727小窩季打 2,24,546.633,551.3,547.133,550.8
0727小窩季打 2,25,560.233,575.467,560.733,574.967
0727小窩季打 2,26,583.6,589.133,584.1,588.633
0727小窩季打 2,27,595.533,603.367,596.033,602.867
0727小窩季打 2,28,609.8,614.1,610.3,613.6
0727小窩季打 2,29,621.667,637.433,622.167,636.933
0727小窩季打 2,30,646.667,651.633,647.167,651.133
0727小窩季打 2,31,658.733,668.633,659.233,668.133
0727小窩季打 2,32,677.233,715.267,677.733,714.767
0727小窩季打 2,33,723.833,768.2,724.333,767.7
0727小窩季打 2,34,777.433,785.267,777.933,784.767
0727小窩季打 2,35,794.7,803.067,795.2,802.567
0727小窩季打 2,36,809.833,827.067,810.333,826.567
0727小窩季打 2,37,834.867,843.133,835.367,842.633
0727小窩季打 2,38,851.4,872.533,851.9,872.033
0727小窩季打 2,39,877.933,890.267,878.433,889.767
0727小窩季打 2,40,898.1,902.567,898.6,902.067
0727小窩季打 2,41,911.933,920.333,912.433,919.833
0727小窩季打 2,42,925.333,947.8,925.833,947.3
0727小窩季打 2,43,959.1,978.1,959.6,977.6
0727小窩季打 2,44,985.833,1007.067,986.333,1006.567
0727小窩季打 2,45,1019.433,1033.833,1019.933,1033.333
0727小窩季打 2,46,1046.2,1055.2,1046.7,1054.7
0727小窩季打 2,47,1065.167,1084.633,1065.667,1084.133
0803小窩季打 1,1,22.233,42.767,22.733,42.267
0803小窩季打 1,2,49.7,54.767,50.2,54.3
0803小窩季打 1,3,64.233,83.733,64.733,83.267
0803小窩季打 1,4,92.667,100.467,93.167,100.0
0803小窩季打 1,5,108.933,113.8,109.433,113.3
0803小窩季打 1,6,127.4,147.667,127.9,147.2
0803小窩季打 1,7,153.3,169.667,153.8,169.167
0803小窩季打 1,8,177.333,182.6,177.833,182.1
0803小窩季打 1,9,196.033,215.6,196.533,215.1
0803小窩季打 1,10,222.9,231.633,223.4,231.133
0803小窩季打 1,11,239.767,244.667,240.267,244.2
0803小窩季打 1,12,248.267,261.767,248.767,261.267
0803小窩季打 1,13,268.033,291.7,268.533,291.2
0803小窩季打 1,14,301.9,306.133,302.4,305.633
0803小窩季打 1,15,312.533,338.067,313.033,337.567
0803小窩季打 1,16,347.533,355.1,348.033,354.6
0803小窩季打 1,17,360.7,381.6,361.2,381.1
0803小窩季打 1,18,388.567,392.2,389.067,391.7
0803小窩季打 1,19,403.233,407.633,403.733,407.133
0803小窩季打 1,20,413.233,421.2,413.733,420.7
0803小窩季打 1,21,426.567,434.9,427.067,434.4
0803小窩季打 1,22,441.767,453.933,442.267,453.433
0803小窩季打 1,23,465.4,472.4,465.9,471.9
0803小窩季打 1,24,479.967,503.233,480.467,502.733
0803小窩季打 1,25,512.567,524.967,513.067,524.467
0803小窩季打 1,26,535.067,542.767,535.567,542.267
0803小窩季打 1,27,550.933,558.8,551.433,558.3
0803小窩季打 1,28,563.967,568.267,564.467,567.767
0803小窩季打 1,29,574.733,584.2,575.233,583.7
0803小窩季打 1,30,590.533,598.933,591.033,598.433
0803小窩季打 1,31,608.333,623.567,608.833,623.067
0803小窩季打 1,32,631.967,640.433,632.467,639.933
0803小窩季打 1,33,648.833,657.7,649.333,657.2
0803小窩季打 1,34,666.933,679.167,667.433,678.667
0803小窩季打 1,35,687.167,703.267,687.667,702.767
0803小窩季打 1,36,710.067,722.1,710.567,721.6
0803小窩季打 1,37,733.733,744.567,734.233,744.067
0803小窩季打 1,38,750.867,758.7,751.367,758.2
0803小窩季打 1,39,763.2,788.567,763.7,788.067
0803小窩季打 1,40,797.133,814.133,797.633,813.633
0803小窩季打 1,41,819.067,828.467,819.567,827.967
0803小窩季打 1,42,837.667,892.4,838.167,891.9
0803小窩季打 1,43,900.533,913.167,901.033,912.667
0803小窩季打 1,44,921.133,946.0,921.633,945.5
0803小窩季打 1,45,955.967,963.4,956.467,962.9
0803小窩季打 2,1,6.633,11.267,7.133,10.767
0803小窩季打 2,2,18.567,34.967,19.067,34.467
0803小窩季打 2,3,41.167,50.333,41.667,49.833
0803小窩季打 2,4,57.9,70.567,58.4,70.067
0803小窩季打 2,5,74.967,80.667,75.467,80.167
0803小窩季打 2,6,86.167,110.967,86.667,110.467
0803小窩季打 2,7,116.2,124.1,116.7,123.6
0803小窩季打 2,8,129.633,137.433,130.133,136.933
0803小窩季打 2,9,147.433,156.5,147.933,156.0
0803小窩季打 2,10,161.367,169.067,161.867,168.567
0803小窩季打 2,11,177.867,191.233,178.367,190.733
0803小窩季打 2,12,198.833,210.633,199.333,210.133
0803小窩季打 2,13,218.067,226.1,218.567,225.6
0803小窩季打 2,14,233.633,237.833,234.133,237.333
0803小窩季打 2,15,245.9,250.067,246.4,249.567
0803小窩季打 2,16,257.2,274.8,257.7,274.3
0803小窩季打 2,17,284.267,298.133,284.767,297.633
0803小窩季打 2,18,303.167,311.067,303.667,310.567
0803小窩季打 2,19,316.4,325.533,316.9,325.033
0803小窩季打 2,20,328.533,365.0,329.033,364.5
0803小窩季打 2,21,371.767,383.967,372.267,383.467
0803小窩季打 2,22,391.033,395.667,391.533,395.167
0803小窩季打 2,23,403.667,418.067,404.167,417.567
0803小窩季打 2,24,423.933,434.933,424.433,434.433
0803小窩季打 2,25,441.433,455.733,441.933,455.233
0803小窩季打 2,26,463.3,471.367,463.8,470.867
0803小窩季打 2,27,481.5,493.6,482.0,493.1
0803小窩季打 2,28,500.833,509.667,501.333,509.167
0803小窩季打 2,29,514.733,520.133,515.233,519.633
0803小窩季打 2,30,527.5,535.7,528.0,535.2
0803小窩季打 2,31,549.6,559.367,550.1,558.867
0803小窩季打 2,32,568.267,577.467,568.767,576.967
0803小窩季打 2,33,585.333,613.2,585.833,612.7
0803小窩季打 2,34,629.033,639.2,629.533,638.7
0803小窩季打 2,35,645.733,650.0,646.233,649.5
0803小窩季打 2,36,659.567,671.8,660.067,671.3
0803小窩季打 2,37,681.867,686.033,682.367,685.533
0803小窩季打 2,38,692.567,700.933,693.067,700.433
0803小窩季打 2,39,710.967,729.367,711.467,728.867
0803小窩季打 2,40,737.9,742.067,738.4,741.567
0803小窩季打 2,41,751.867,760.433,752.367,759.933
0803小窩季打 2,42,768.233,789.633,768.733,789.133
0803小窩季打 2,43,800.267,808.367,800.767,807.867
0803小窩季打 2,44,815.667,819.833,816.167,819.333
0803小窩季打 2,45,827.733,840.133,828.233,839.633
0803小窩季打 2,46,844.433,852.967,844.933,852.467
0803小窩季打 2,47,861.267,869.433,861.767,868.933
0803小窩季打 2,48,880.133,910.8,880.633,910.3
0914小窩季打 1,1,5.0,16.367,5.5,15.867
0914小窩季打 1,2,22.833,30.267,23.333,29.767
0914小窩季打 1,3,35.967,55.0,36.467,54.5
0914小窩季打 1,4,65.633,85.867,66.133,85.367
0914小窩季打 1,5,91.367,104.633,91.867,104.133
0914小窩季打 1,6,110.6,115.033,111.1,114.533
0914小窩季打 1,7,120.067,145.933,120.567,145.433
0914小窩季打 1,8,155.5,161.3,156.0,160.8
0914小窩季打 1,9,166.5,171.1,167.0,170.6
0914小窩季打 1,10,179.5,204.233,180.0,203.733
0914小窩季打 1,11,213.633,243.0,214.133,242.5
0914小窩季打 1,12,250.733,272.5,251.233,272.0
0914小窩季打 1,13,282.733,290.8,283.233,290.3
0914小窩季打 1,14,296.633,301.433,297.133,300.933
0914小窩季打 1,15,310.333,343.8,310.833,343.3
0914小窩季打 1,16,352.133,357.0,352.633,356.5
0914小窩季打 1,17,366.6,370.767,367.1,370.267
0914小窩季打 1,18,378.633,419.933,379.133,419.433
0914小窩季打 1,19,427.833,444.467,428.333,443.967
0914小窩季打 1,20,451.7,468.467,452.2,467.967
0914小窩季打 1,21,476.7,492.5,477.2,492.0
0914小窩季打 1,22,501.833,517.6,502.333,517.1
0914小窩季打 1,23,525.367,541.7,525.867,541.2
0914小窩季打 1,24,553.2,557.833,553.7,557.333
0914小窩季打 1,25,563.967,575.933,564.467,575.433
0914小窩季打 1,26,581.8,593.633,582.3,593.133
0914小窩季打 1,27,603.4,615.6,603.9,615.1
0914小窩季打 1,28,623.6,632.4,624.1,631.9
0914小窩季打 1,29,638.7,663.133,639.2,662.633
0914小窩季打 1,30,672.733,680.167,673.233,679.667
0914小窩季打 1,31,690.633,696.167,691.133,695.667
0914小窩季打 1,32,706.233,715.5,706.733,715.0
0914小窩季打 1,33,722.667,730.167,723.167,729.667
0914小窩季打 1,34,741.433,745.867,741.933,745.367
0914小窩季打 1,35,758.4,766.967,758.9,766.467
0914小窩季打 1,36,774.867,796.2,775.367,795.7
0914小窩季打 1,37,806.0,819.9,806.5,819.4
0914小窩季打 1,38,826.2,847.1,826.7,846.6
0914小窩季打 1,39,854.4,860.8,854.9,860.3
0914小窩季打 1,40,866.667,887.5,867.167,887.0
0914小窩季打 1,41,893.167,904.7,893.667,904.2
0914小窩季打 1,42,912.1,946.367,912.6,945.867
0914小窩季打 1,43,962.167,981.033,962.667,980.533
0914小窩季打 1,44,990.1,1043.7,990.6,1043.2
0914小窩季打 1,45,1054.5,1079.833,1055.0,1079.333
0914小窩季打 1,46,1090.767,1098.367,1091.267,1097.867
0914小窩季打 1,47,1103.3,1110.933,1103.8,1110.433
0914小窩季打 1,48,1118.067,1143.667,1118.567,1143.167
0914小窩季打 1,49,1156.133,1170.833,1156.633,1170.333
0914小窩季打 1,50,1178.233,1198.9,1178.733,1198.4
0914小窩季打 1,51,1204.767,1216.233,1205.267,1215.733
0914小窩季打 1,52,1225.033,1233.267,1225.533,1232.767
0914小窩季打 2,1,6.767,16.433,7.267,15.933
0914小窩季打 2,2,22.3,36.1,22.8,35.6
0914小窩季打 2,3,40.933,52.833,41.433,52.333
0914小窩季打 2,4,60.033,64.533,60.533,64.033
0914小窩季打 2,5,73.1,81.467,73.6,80.967
0914小窩季打 2,6,85.833,97.667,86.333,97.167
0914小窩季打 2,7,104.667,140.0,105.167,139.5
0914小窩季打 2,8,144.433,152.733,144.933,152.233
0914小窩季打 2,9,163.733,175.233,164.233,174.733
0914小窩季打 2,10,186.133,206.9,186.633,206.4
0914小窩季打 2,11,216.4,220.6,216.9,220.1
0914小窩季打 2,12,229.167,289.933,229.667,289.433
0914小窩季打 2,13,299.767,311.5,300.267,311.0
0914小窩季打 2,14,319.067,342.9,319.567,342.4
0914小窩季打 2,15,351.433,359.9,351.933,359.4
0914小窩季打 2,16,363.7,372.1,364.2,371.6
0914小窩季打 2,17,381.1,389.5,381.6,389.0
0914小窩季打 2,18,397.233,401.467,397.733,400.967
0914小窩季打 2,19,408.3,422.3,408.8,421.8
0914小窩季打 2,20,430.4,443.167,430.9,442.667
0914小窩季打 2,21,449.5,456.567,450.0,456.067
0914小窩季打 2,22,460.667,468.567,461.167,468.067
0914小窩季打 2,23,472.1,477.733,472.6,477.233
0914小窩季打 2,24,483.233,488.5,483.733,488.0
0914小窩季打 2,25,492.433,504.267,492.933,503.767
0914小窩季打 2,26,511.6,521.533,512.1,521.033
0914小窩季打 2,27,528.833,533.167,529.333,532.667
0914小窩季打 2,28,537.2,560.867,537.7,560.367
0914小窩季打 2,29,566.533,579.6,567.033,579.1
0914小窩季打 2,30,585.833,594.0,586.333,593.5
0914小窩季打 2,31,600.533,611.767,601.033,611.267
0914小窩季打 2,32,617.6,642.467,618.1,641.967
0914小窩季打 2,33,656.433,671.2,656.933,670.7
0914小窩季打 2,34,679.967,683.867,680.467,683.367
0914小窩季打 2,35,695.5,720.2,696.0,719.7
0914小窩季打 2,36,724.233,732.3,724.733,731.8
0914小窩季打 2,37,738.767,747.633,739.267,747.133
0914小窩季打 2,38,755.567,763.633,756.067,763.133
0914小窩季打 2,39,770.7,786.9,771.2,786.4
0914小窩季打 2,40,792.633,796.933,793.133,796.433
0914小窩季打 2,41,806.9,811.433,807.4,810.933
1005小窩臨打 1,1,153.3,162.333,153.8,161.833
1005小窩臨打 1,2,170.433,197.333,170.933,196.833
1005小窩臨打 1,3,206.633,223.533,207.133,223.033
1005小窩臨打 1,4,233.567,241.933,234.067,241.433
1005小窩臨打 1,5,248.7,253.133,249.2,252.633
1005小窩臨打 1,6,258.033,270.7,258.533,270.2
1005小窩臨打 1,7,276.333,296.667,276.833,296.167
1005小窩臨打 1,8,306.8,311.5,307.3,311.0
1005小窩臨打 1,9,318.933,332.4,319.433,331.9
1005小窩臨打 1,10,347.033,351.133,347.533,350.633
1005小窩臨打 1,11,359.667,377.233,360.167,376.733
1005小窩臨打 1,12,384.767,392.533,385.267,392.033
1005小窩臨打 1,13,402.1,410.367,402.6,409.867
1005小窩臨打 1,14,421.567,425.533,422.067,425.033
1005小窩臨打 1,15,439.4,453.3,439.9,452.8
1005小窩臨打 1,16,459.7,467.833,460.2,467.333
1005小窩臨打 1,17,473.1,493.767,473.6,493.267
1005小窩臨打 1,18,501.133,507.667,501.633,507.167
1005小窩臨打 1,19,515.7,522.1,516.2,521.6
1005小窩臨打 1,20,526.567,535.8,527.067,535.3
1005小窩臨打 1,21,541.133,553.8,541.633,553.3
1005小窩臨打 1,22,559.633,567.833,560.133,567.333
1005小窩臨打 1,23,580.167,609.7,580.667,609.2
1005小窩臨打 1,24,616.467,628.067,616.967,627.567
1005小窩臨打 1,25,637.033,653.267,637.533,652.767
1005小窩臨打 1,26,660.433,672.533,660.933,672.033
1005小窩臨打 1,27,684.3,693.033,684.8,692.533
1005小窩臨打 1,28,701.9,710.9,702.4,710.4
1005小窩臨打 1,29,718.6,724.467,719.1,723.967
1005小窩臨打 1,30,730.833,742.4,731.333,741.9
1005小窩臨打 1,31,752.133,765.3,752.633,764.8
1005小窩臨打 1,32,774.567,781.833,775.067,781.333
1005小窩臨打 1,33,787.467,796.233,787.967,795.733
1005小窩臨打 1,34,803.633,824.8,804.133,824.3
10⧸4 1,1,57.067,65.917,57.567,65.417
10⧸4 1,2,75.983,84.917,76.483,84.417
10⧸4 1,3,95.467,102.85,95.967,102.35
10⧸4 1,4,112.933,120.983,113.433,120.483
10⧸4 1,5,126.117,137.45,126.617,136.95
10⧸4 1,6,144.633,164.5,145.133,164.0
10⧸4 1,7,169.5,179.85,170.0,179.35
10⧸4 1,8,189.367,211.983,189.867,211.483
10⧸4 1,9,219.3,225.917,219.8,225.417
10⧸4 1,10,234.95,243.25,235.45,242.75
10⧸4 1,11,248.783,255.133,249.283,254.633
10⧸4 1,12,263.417,267.7,263.917,267.2
10⧸4 1,13,274.3,282.35,274.8,281.85
10⧸4 1,14,288.783,309.983,289.283,309.483
10⧸4 1,15,317.167,325.683,317.667,325.183
10⧸4 1,16,333.567,339.883,334.067,339.383
10⧸4 1,17,347.083,355.867,347.583,355.367
10⧸4 1,18,372.867,387.15,373.367,386.65
10⧸4 1,19,395.817,400.3,396.317,399.8
10⧸4 1,20,410.55,417.283,411.05,416.783
10⧸4 1,21,424.483,432.633,424.983,432.133
10⧸4 1,22,443.567,451.633,444.067,451.133
10⧸4 1,23,459.167,480.567,459.667,480.067
10⧸4 1,24,487.817,511.25,488.317,510.75
10⧸4 1,25,519.1,547.467,519.6,546.967
10⧸4 1,26,555.05,560.117,555.55,559.617
10⧸4 1,27,573.45,590.5,573.95,590.0
10⧸4 1,28,602.95,619.567,603.45,619.067
10⧸4 1,29,626.783,638.683,627.283,638.183
10⧸4 1,30,647.567,664.5,648.067,664.0
10⧸4 1,31,671.95,680.683,672.45,680.183
10⧸4 1,32,688.517,702.633,689.017,702.133
10⧸4 1,33,709.233,725.617,709.733,725.117
10⧸4 1,34,735.1,743.283,735.6,742.783
10⧸4 1,35,752.2,763.733,752.7,763.233
10⧸4 1,36,767.983,772.767,768.483,772.267
10⧸4 1,37,779.133,816.217,779.633,815.717
10⧸4 1,38,827.967,836.05,828.467,835.55
10⧸4 1,39,841.783,854.617,842.283,854.117
10⧸4 1,40,863.75,871.867,864.25,871.367
10⧸4 1,41,878.417,886.933,878.917,886.433
10⧸4 1,42,892.317,907.717,892.817,907.217
10⧸4 2,1,64.583,73.683,65.083,73.183
10⧸4 2,2,84.333,126.883,84.833,126.383
10⧸4 2,3,138.367,144.617,138.867,144.117
10⧸4 2,4,147.467,167.967,147.967,167.467
10⧸4 2,5,174.85,195.25,175.35,194.75
10⧸4 2,6,200.283,217.267,200.783,216.767
10⧸4 2,7,225.017,232.917,225.517,232.417
10⧸4 2,8,243.5,256.117,244.0,255.617
10⧸4 2,9,268.2,275.817,268.7,275.317
10⧸4 2,10,282.317,286.817,282.817,286.317
10⧸4 2,11,293.117,302.4,293.617,301.9
10⧸4 2,12,312.55,321.133,313.05,320.633
10⧸4 2,13,327.1,349.3,327.6,348.8
10⧸4 2,14,363.55,367.9,364.05,367.4
10⧸4 2,15,375.717,388.283,376.217,387.783
10⧸4 2,16,399.833,410.9,400.333,410.4
10⧸4 2,17,417.9,435.0,418.4,434.517
10⧸4 2,18,442.833,447.5,443.333,447.0
10⧸4 2,19,456.55,460.9,457.05,460.4
10⧸4 2,20,467.217,471.667,467.717,471.167
10⧸4 2,21,479.833,495.817,480.333,495.317
10⧸4 2,22,503.9,530.117,504.4,529.617
10⧸4 2,23,538.383,550.067,538.883,549.567
10⧸4 2,24,557.233,568.55,557.733,568.05
10⧸4 2,25,579.717,588.1,580.217,587.6
10⧸4 2,26,592.883,601.517,593.383,601.017
10⧸4 2,27,608.35,635.067,608.85,634.567
10⧸4 2,28,645.35,653.767,645.85,653.267
10⧸4 2,29,658.467,672.517,658.967,672.017
10⧸4 2,30,680.167,686.65,680.667,686.15
10⧸4 2,31,693.05,702.2,693.55,701.7
10⧸4 2,32,709.8,722.667,710.3,722.167
10⧸4 2,33,731.983,742.25,732.483,741.75
10⧸4 2,34,749.533,769.683,750.033,769.183
10⧸4 2,35,777.667,783.317,778.167,782.817
10⧸4 2,36,796.433,813.917,796.933,813.417
10⧸4 2,37,823.383,831.267,823.883,830.767
10⧸4 2,38,843.8,851.8,844.3,851.3
10⧸4 2,39,857.55,877.817,858.05,877.317
10⧸4 2,40,885.05,896.933,885.55,896.433
10⧸4 2,41,905.45,926.65,905.95,926.15
10⧸4 2,42,939.2,980.667,939.7,980.167
10⧸4 2,43,989.717,994.167,990.217,993.667
10⧸4 2,44,1000.167,1007.933,1000.667,1007.433
10⧸4 2,45,1013.05,1040.067,1013.55,1039.567
10⧸4 2,46,1048.5,1056.767,1049.0,1056.267
10⧸4 2,47,1063.65,1071.2,1064.15,1070.7
10⧸4 3,1,6.433,19.667,6.933,19.167
10⧸4 3,2,27.25,44.1,27.75,43.6
10⧸4 3,3,52.717,61.283,53.217,60.783
10⧸4 3,4,69.117,74.333,69.617,73.833
10⧸4 3,5,80.25,89.3,80.75,88.8
10⧸4 3,6,95.867,100.783,96.367,100.283
10⧸4 3,7,108.5,121.567,109.0,121.067
10⧸4 3,8,130.55,146.7,131.05,146.2
10⧸4 3,9,153.65,160.05,154.15,159.55
10⧸4 3,10,166.617,171.083,167.117,170.583
10⧸4 3,11,176.867,196.267,177.367,195.767
10⧸4 3,12,206.45,218.1,206.95,217.6
10⧸4 3,13,223.55,227.617,224.05,227.117
10⧸4 3,14,232.583,239.717,233.083,239.217
10⧸4 3,15,242.65,257.333,243.15,256.833
10⧸4 3,16,264.783,274.6,265.283,274.1
10⧸4 3,17,286.767,294.85,287.267,294.35
10⧸4 3,18,306.433,319.35,306.933,318.85
10⧸4 3,19,326.583,340.3,327.083,339.8
10⧸4 3,20,350.5,364.15,351.0,363.65
10⧸4 3,21,372.083,391.983,372.583,391.483
10⧸4 3,22,401.783,414.117,402.283,413.617
10⧸4 3,23,420.967,432.0,421.467,431.483
10⧸4 3,24,437.433,443.517,437.933,443.017
10⧸4 3,25,451.567,460.117,452.067,459.617
10⧸4 3,26,464.417,468.867,464.917,468.367
10⧸4 3,27,474.85,490.8,475.35,490.3
10⧸4 3,28,497.883,505.85,498.383,505.35
10⧸4 3,29,516.35,521.233,516.85,520.733
10⧸4 3,30,526.4,534.517,526.9,534.017
10⧸4 3,31,541.883,563.0,542.383,562.467
10⧸4 3,32,570.833,595.733,571.333,595.233
10⧸4 3,33,610.067,614.583,610.567,614.083
10⧸4 3,34,622.767,630.683,623.267,630.183
10⧸4 3,35,642.483,646.45,642.983,645.95
10⧸4 3,36,653.8,669.617,654.3,669.117
10⧸4 3,37,677.017,684.383,677.517,683.883
10⧸4 3,38,697.083,705.767,697.583,705.267
10⧸4 3,39,712.35,718.2,712.85,717.7
10⧸4 3,40,727.983,736.517,728.483,736.017
10⧸4 3,41,746.583,752.417,747.083,751.917
10⧸4 3,42,760.733,778.15,761.233,777.65
10⧸4 3,43,788.0,800.5,788.5,800.0
10⧸4 3,44,823.667,829.55,824.167,829.05
10⧸4 3,45,838.583,876.85,839.083,876.35
10⧸4 3,46,897.75,910.483,898.25,909.983
1102小窩季打 1,1,7.933,24.167,8.433,23.667
1102小窩季打 1,2,36.033,60.333,36.533,59.833
1102小窩季打 1,3,68.9,88.467,69.4,87.967
1102小窩季打 1,4,101.367,105.7,101.867,105.2
1102小窩季打 1,5,111.567,119.767,112.067,119.267
1102小窩季打 1,6,126.2,140.967,126.7,140.467
1102小窩季打 1,7,147.733,158.3,148.233,157.8
1102小窩季打 1,8,165.067,189.7,165.567,189.2
1102小窩季打 1,9,195.4,217.1,195.9,216.6
1102小窩季打 1,10,221.033,225.167,221.533,224.667
1102小窩季打 1,11,233.2,245.967,233.7,245.467
1102小窩季打 1,12,253.067,259.667,253.567,259.167
1102小窩季打 1,13,266.033,282.033,266.533,281.533
1102小窩季打 1,14,291.133,295.4,291.633,294.9
1102小窩季打 1,15,300.933,312.9,301.433,312.4
1102小窩季打 1,16,320.567,336.9,321.067,336.4
1102小窩季打 1,17,346.533,374.0,347.033,373.5
1102小窩季打 1,18,383.133,400.6,383.633,400.1
1102小窩季打 1,19,408.533,414.4,409.033,413.9
1102小窩季打 1,20,424.233,440.767,424.733,440.267
1102小窩季打 1,21,446.9,458.4,447.4,457.9
1102小窩季打 1,22,463.933,484.633,464.433,484.133
1102小窩季打 1,23,491.8,504.567,492.3,504.067
1102小窩季打 1,24,516.967,536.633,517.467,536.133
1102小窩季打 1,25,549.2,561.1,549.7,560.6
1102小窩季打 1,26,569.433,585.7,569.933,585.2
1102小窩季打 1,27,592.167,607.733,592.667,607.233
1102小窩季打 1,28,616.9,629.167,617.4,628.667
1102小窩季打 1,29,633.9,639.9,634.4,639.4
1102小窩季打 1,30,645.833,653.8,646.333,653.3
1102小窩季打 1,31,662.9,668.567,663.4,668.067
1102小窩季打 1,32,673.5,677.933,674.0,677.433
1102小窩季打 1,33,683.967,703.1,684.467,702.6
1102小窩季打 1,34,711.1,734.033,711.6,733.533
1102小窩季打 1,35,741.1,752.733,741.6,752.233
1102小窩季打 1,36,762.167,788.833,762.667,788.333
1102小窩季打 1,37,796.533,839.133,797.033,838.633
1102小窩季打 1,38,845.633,876.433,846.133,875.933
1102小窩季打 1,39,880.233,896.9,880.733,896.4
1102小窩季打 1,40,903.833,920.333,904.333,919.833
1102小窩季打 1,41,928.167,932.633,928.667,932.133
1102小窩季打 1,42,952.467,968.3,952.967,967.8
1102小窩季打 1,43,980.0,1000.6,980.5,1000.1
1102小窩季打 1,44,1006.2,1020.467,1006.7,1019.967
1102小窩季打 1,45,1030.767,1050.333,1031.267,1049.833
1102小窩季打 2,1,3.567,16.233,4.067,15.733
1102小窩季打 2,2,28.2,36.433,28.7,35.933
1102小窩季打 2,3,43.733,51.667,44.233,51.167
1102小窩季打 2,4,59.333,65.733,59.833,65.233
1102小窩季打 2,5,71.0,79.1,71.5,78.6
1102小窩季打 2,6,83.9,92.7,84.4,92.2
1102小窩季打 2,7,99.667,132.133,100.167,131.633
1102小窩季打 2,8,138.433,150.5,138.933,150.0
1102小窩季打 2,9,156.733,187.533,157.233,187.033
1102小窩季打 2,10,200.433,225.2,200.933,224.7
1102小窩季打 2,11,233.533,254.133,234.033,253.633
1102小窩季打 2,12,265.633,274.733,266.133,274.233
1102小窩季打 2,13,284.267,292.167,284.767,291.667
1102小窩季打 2,14,298.5,314.267,299.0,313.767
1102小窩季打 2,15,321.9,330.433,322.4,329.933
1102小窩季打 2,16,339.133,347.0,339.633,346.5
1102小窩季打 2,17,351.3,361.933,351.8,361.433
1102小窩季打 2,18,374.767,390.367,375.267,389.867
1102小窩季打 2,19,401.3,412.667,401.8,412.167
1102小窩季打 2,20,422.633,431.0,423.133,430.5
1102小窩季打 2,21,440.233,444.733,440.733,444.233
1102小窩季打 2,22,453.933,478.2,454.433,477.7
1102小窩季打 2,23,484.533,492.8,485.033,492.3
1102小窩季打 2,24,496.533,503.3,497.033,502.8
1102小窩季打 2,25,512.167,532.833,512.667,532.333
1102小窩季打 2,26,540.5,549.2,541.0,548.7
1102小窩季打 2,27,557.2,568.667,557.7,568.167
1102小窩季打 2,28,575.267,583.267,575.767,582.767
1102小窩季打 2,29,591.833,620.967,592.333,620.467
1102小窩季打 2,30,628.133,635.9,628.633,635.4
1102小窩季打 2,31,643.567,656.2,644.067,655.7
1102小窩季打 2,32,666.933,682.6,667.433,682.1
1102小窩季打 2,33,689.2,700.867,689.7,700.367
1102小窩季打 2,34,709.433,723.833,709.933,723.333
1102小窩季打 2,35,731.9,743.9,732.4,743.4
1102小窩季打 2,36,755.467,773.433,755.967,772.933
1102小窩季打 2,37,779.5,799.733,780.0,799.233
1102小窩季打 2,38,803.467,815.267,803.967,814.767
20241103 霖度C-1,1,120.2,128.633,120.7,128.133
20241103 霖度C-1,2,134.4,151.367,134.9,150.867
20241103 霖度C-1,3,158.533,168.0,159.033,167.5
20241103 霖度C-1,4,175.933,205.333,176.433,204.833
20241103 霖度C-1,5,214.3,222.133,214.8,221.633
20241103 霖度C-1,6,230.733,235.267,231.233,234.767
20241103 霖度C-1,7,244.2,259.033,244.7,258.533
20241103 霖度C-1,8,267.1,292.5,267.6,292.0
20241103 霖度C-1,9,300.1,313.033,300.6,312.533
20241103 霖度C-1,10,326.9,336.7,327.4,336.2
20241103 霖度C-1,11,344.433,349.267,344.933,348.767
20241103 霖度C-1,12,360.733,392.267,361.233,391.767
20241103 霖度C-1,13,402.167,408.433,402.667,407.933
20241103 霖度C-1,14,415.467,437.533,415.967,437.033
20241103 霖度C-1,15,446.267,462.3,446.767,461.8
20241103 霖度C-1,16,470.6,476.3,471.1,475.8
20241103 霖度C-1,17,485.333,498.467,485.833,497.967
20241103 霖度C-1,18,505.533,522.1,506.033,521.6
20241103 霖度C-1,19,531.333,540.2,531.833,539.7
20241103 霖度C-1,20,545.833,550.3,546.333,549.8
20241103 霖度C-1,21,554.267,570.8,554.767,570.3
20241103 霖度C-1,22,576.867,581.033,577.367,580.533
20241103 霖度C-1,23,586.433,590.7,586.933,590.2
20241103 霖度C-1,24,596.367,604.967,596.867,604.467
20241103 霖度C-1,25,606.867,618.8,607.367,618.3
20241103 霖度C-1,26,624.567,641.0,625.067,640.5
20241103 霖度C-1,27,648.933,656.8,649.433,656.3
20241103 霖度C-1,28,664.433,676.2,664.933,675.7
20241103 霖度C-1,29,685.033,693.333,685.533,692.833
20241103 霖度C-1,30,702.767,711.267,703.267,710.767
20241103 霖度C-1,31,720.1,745.367,720.6,744.867
20241103 霖度C-1,32,757.233,765.8,757.733,765.3
20241103 霖度C-1,33,775.733,784.067,776.233,783.567
20241103 霖度C-1,34,787.767,812.2,788.267,811.7
20241103 霖度C-1,35,816.5,825.733,817.0,825.233
20241103 霖度C-1,36,830.5,871.467,831.0,870.967
20241103 霖度C-1,37,878.5,894.733,879.0,894.233
20241103 霖度C-1,38,903.2,911.433,903.7,910.933
20241103 霖度C-1,39,917.033,922.067,917.533,921.567
20241103 霖度C-1,40,928.567,944.4,929.067,943.9
20241103 霖度C-1,41,951.2,966.433,951.7,965.933
20241103 霖度C-1,42,973.633,981.467,974.133,980.967
20241103 霖度C-1,43,987.7,1001.467,988.2,1000.967
20241103 霖度C-1,44,1011.333,1039.467,1011.833,1038.967
20241103 霖度C-1,45,1046.8,1056.067,1047.3,1055.567
20241103 霖度C-1,46,1063.6,1070.1,1064.1,1069.6
20241103 霖度C-2,1,84.433,92.533,84.933,92.033
20241103 霖度C-2,2,114.267,121.467,114.767,120.967
20241103 霖度C-2,3,133.133,141.067,133.633,140.567
20241103 霖度C-2,5,147.267,154.8,147.767,154.3
20241103 霖度C-2,6,160.733,169.133,161.233,168.633
20241103 霖度C-2,7,184.7,197.6,185.2,197.1
20241103 霖度C-2,8,209.8,221.833,210.3,221.333
20241103 霖度C-2,9,228.8,245.133,229.3,244.633
20241103 霖度C-2,10,260.8,268.567,261.3,268.067
20241103 霖度C-2,11,280.633,285.433,281.133,284.933
20241103 霖度C-2,12,292.733,296.933,293.233,296.433
20241103 霖度C-2,13,313.1,321.167,313.6,320.667
20241103 霖度C-2,14,331.667,338.933,332.167,338.433
20241103 霖度C-2,15,352.467,357.933,352.967,357.433
20241103 霖度C-2,16,366.5,380.267,367.0,379.767
20241103 霖度C-2,17,385.233,396.367,385.733,395.867
20241103 霖度C-2,18,404.1,411.933,404.6,411.433
20241103 霖度C-2,19,421.433,430.133,421.933,429.633
20241103 霖度C-2,20,438.5,458.1,439.0,457.6
20241103 霖度C-2,21,466.767,471.733,467.267,471.233
20241103 霖度C-2,22,477.4,483.133,477.9,482.633
20241103 霖度C-2,23,489.2,511.7,489.7,511.2
20241103 霖度C-2,24,520.8,530.0,521.3,529.5
20241103 霖度C-2,25,541.033,548.233,541.533,547.733
20241103 霖度C-2,26,554.5,566.433,555.0,565.933
20241103 霖度C-2,27,573.4,581.267,573.9,580.767
20241103 霖度C-2,28,601.767,606.0,602.267,605.5
20241103 霖度C-2,29,615.7,627.833,616.2,627.333
20241103 霖度C-2,30,638.3,657.5,638.8,657.0
20241103 霖度C-2,31,664.6,673.433,665.1,672.933
20241103 霖度C-2,32,682.567,702.033,683.067,701.533
20241103 霖度C-2,33,709.733,724.1,710.233,723.6
20241103 霖度C-2,34,732.1,738.1,732.6,737.6
20241103 霖度C-2,35,745.6,785.8,746.1,785.3
20241103 霖度C-2,36,792.967,797.933,793.467,797.433
20241103 霖度C-2,37,803.3,828.167,803.8,827.667
20241103 霖度C-2,38,843.967,852.4,844.467,851.9
20241103 霖度C-2,39,864.7,884.4,865.2,883.9
20241103 霖度C-2,40,895.733,903.967,896.233,903.467
2025-09-27_G1_臺北伊斯特_vs_臺中連莊_set1,1,34.669,42.274,35.169,41.774
2025-09-27_G1_臺北伊斯特_vs_臺中連莊_set1,2,78.396,86.151,78.896,85.651
2025-09-27_G1_臺北伊斯特_vs_臺中連莊_set1,3,108.794,117.099,109.294,116.599
2025-09-27_G1_臺北伊斯特_vs_臺中連莊_set1,4,141.459,151.834,141.959,151.334
2025-09-27_G1_臺北伊斯特_vs_臺中連莊_set1,5,169.538,176.675,170.038,176.175
2025-09-27_G1_臺北伊斯特_vs_臺中連莊_set1,6,194.679,201.516,195.179,201.016
2025-09-27_G1_臺北伊斯特_vs_臺中連莊_set1,7,222.19,226.558,222.69,226.058
2025-09-27_G1_臺北伊斯特_vs_臺中連莊_set1,8,252.604,258.657,253.104,258.157
2025-09-27_G1_臺北伊斯特_vs_臺中連莊_set1,9,278.396,284.249,278.896,283.749
2025-09-27_G1_臺北伊斯特_vs_臺中連莊_set1,10,370.438,377.609,370.938,377.109
2025-09-27_G1_臺北伊斯特_vs_臺中連莊_set1,11,400.802,404.686,401.302,404.186
2025-09-27_G1_臺北伊斯特_vs_臺中連莊_set1,12,430.748,436.401,431.248,435.901
2025-09-27_G1_臺北伊斯特_vs_臺中連莊_set1,13,460.261,467.132,460.761,466.632
2025-09-27_G1_臺北伊斯特_vs_臺中連莊_set1,14,487.305,497.863,487.805,497.363
2025-09-27_G1_臺北伊斯特_vs_臺中連莊_set1,15,515.25,522.137,515.75,521.637
2025-09-27_G1_臺北伊斯特_vs_臺中連莊_set1,16,547.582,559.074,548.082,558.574
2025-09-27_G1_臺北伊斯特_vs_臺中連莊_set1,17,642.343,657.505,642.843,657.005
2025-09-27_G1_臺北伊斯特_vs_臺中連莊_set1,18,688.456,695.543,688.956,695.043
2025-09-27_G1_臺北伊斯特_vs_臺中連莊_set1,19,718.236,728.91,718.736,728.41
2025-09-27_G1_臺北伊斯特_vs_臺中連莊_set1,20,749.217,757.806,749.717,757.306
2025-09-27_G1_臺北伊斯特_vs_臺中連莊_set1,21,780.181,788.503,780.681,788.003
2025-09-27_G1_臺北伊斯特_vs_臺中連莊_set1,22,810.261,814.679,810.761,814.179
2025-09-27_G1_臺北伊斯特_vs_臺中連莊_set1,23,837.522,847.996,838.022,847.496
2025-09-27_G1_臺北伊斯特_vs_臺中連莊_set1,24,875.376,879.427,875.876,878.927
2025-09-27_G1_臺北伊斯特_vs_臺中連莊_set1,25,897.331,904.469,897.831,903.969
2025-09-27_G1_臺北伊斯特_vs_臺中連莊_set1,26,921.572,932.614,922.072,932.114
2025-09-27_G1_臺北伊斯特_vs_臺中連莊_set1,27,962.33,968.916,962.83,968.416
2025-09-27_G1_臺北伊斯特_vs_臺中連莊_set1,28,1104.238,1110.091,1104.738,1109.591
2025-09-27_G1_臺北伊斯特_vs_臺中連莊_set1,29,1134.485,1142.256,1134.985,1141.756
2025-09-27_G1_臺北伊斯特_vs_臺中連莊_set1,30,1162.079,1165.997,1162.579,1165.497
2025-09-27_G1_臺北伊斯特_vs_臺中連莊_set1,31,1189.59,1196.527,1190.09,1196.027
2025-09-27_G1_臺北伊斯特_vs_臺中連莊_set1,32,1220.271,1228.593,1220.771,1228.093
2025-09-27_G1_臺北伊斯特_vs_臺中連莊_set1,33,1256.774,1268.582,1257.274,1268.082
2025-09-27_G1_臺北伊斯特_vs_臺中連莊_set1,34,1289.64,1297.495,1290.14,1296.995
2025-09-27_G1_臺北伊斯特_vs_臺中連莊_set1,35,1318.252,1324.739,1318.752,1324.239
2025-09-27_G1_臺北伊斯特_vs_臺中連莊_set1,36,1343.293,1350.664,1343.793,1350.164
2025-09-27_G1_臺北伊斯特_vs_臺中連莊_set1,37,1379.129,1386.751,1379.629,1386.251
2025-09-27_G1_臺北伊斯特_vs_臺中連莊_set1,38,1424.408,1439.403,1424.908,1438.903
2025-09-27_G1_臺北伊斯特_vs_臺中連莊_set1,39,1569.303,1580.01,1569.803,1579.51
2025-09-27_G1_臺北伊斯特_vs_臺中連莊_set1,40,1654.504,1663.16,1655.004,1662.66
2025-09-27_G1_臺北伊斯特_vs_臺中連莊_set1,41,1693.66,1697.728,1694.16,1697.228
2025-09-27_G1_臺北伊斯特_vs_臺中連莊_set1,42,1716.5,1720.517,1717.0,1720.017
2025-09-28_G2_臺北伊斯特_vs_桃園雲豹飛將_set1,1,8.643,12.978,9.143,12.478
2025-09-28_G2_臺北伊斯特_vs_桃園雲豹飛將_set1,2,31.783,41.79,32.283,41.29
2025-09-28_G2_臺北伊斯特_vs_桃園雲豹飛將_set1,3,61.747,68.65,62.247,68.15
2025-09-28_G2_臺北伊斯特_vs_桃園雲豹飛將_set1,4,91.276,99.615,91.776,99.115
2025-09-28_G2_臺北伊斯特_vs_桃園雲豹飛將_set1,5,119.554,135.1,120.054,134.6
2025-09-28_G2_臺北伊斯特_vs_桃園雲豹飛將_set1,6,157.092,161.176,157.592,160.676
2025-09-28_G2_臺北伊斯特_vs_桃園雲豹飛將_set1,7,181.967,188.687,182.467,188.187
2025-09-28_G2_臺北伊斯特_vs_桃園雲豹飛將_set1,8,211.079,220.302,211.579,219.802
2025-09-28_G2_臺北伊斯特_vs_桃園雲豹飛將_set1,9,244.079,250.115,244.579,249.615
2025-09-28_G2_臺北伊斯特_vs_桃園雲豹飛將_set1,10,272.774,286.385,273.274,285.885
2025-09-28_G2_臺北伊斯特_vs_桃園雲豹飛將_set1,11,310.779,318.317,311.279,317.817
2025-09-28_G2_臺北伊斯特_vs_桃園雲豹飛將_set1,12,337.605,341.623,338.105,341.123
2025-09-28_G2_臺北伊斯特_vs_桃園雲豹飛將_set1,13,362.163,373.972,362.663,373.472
2025-09-28_G2_臺北伊斯特_vs_桃園雲豹飛將_set1,14,397.715,407.389,398.215,406.889
2025-09-28_G2_臺北伊斯特_vs_桃園雲豹飛將_set1,15,642.677,649.597,643.177,649.097
2025-09-28_G2_臺北伊斯特_vs_桃園雲豹飛將_set1,16,667.101,676.841,667.601,676.341
2025-09-28_G2_臺北伊斯特_vs_桃園雲豹飛將_set1,17,692.86,697.262,693.36,696.762
2025-09-28_G2_臺北伊斯特_vs_桃園雲豹飛將_set1,18,714.999,730.662,715.499,730.162
2025-09-28_G2_臺北伊斯特_vs_桃園雲豹飛將_set1,19,755.973,763.962,756.473,763.462
2025-09-28_G2_臺北伊斯特_vs_桃園雲豹飛將_set1,20,840.091,847.445,840.591,846.945
2025-09-28_G2_臺北伊斯特_vs_桃園雲豹飛將_set1,21,869.837,876.708,870.337,876.208
2025-09-28_G2_臺北伊斯特_vs_桃園雲豹飛將_set1,22,897.548,904.903,898.048,904.403
2025-09-28_G2_臺北伊斯特_vs_桃園雲豹飛將_set1,23,937.588,941.706,938.088,941.206
2025-09-28_G2_臺北伊斯特_vs_桃園雲豹飛將_set1,24,976.21,988.369,976.71,987.869
2025-09-28_G2_臺北伊斯特_vs_桃園雲豹飛將_set1,25,1018.219,1022.07,1018.719,1021.57
2025-09-28_G2_臺北伊斯特_vs_桃園雲豹飛將_set1,26,1042.86,1059.357,1043.36,1058.857
2025-09-28_G2_臺北伊斯特_vs_桃園雲豹飛將_set1,27,1085.169,1092.807,1085.669,1092.307
2025-09-28_G2_臺北伊斯特_vs_桃園雲豹飛將_set1,28,1114.398,1121.769,1114.898,1121.269
2025-09-28_G2_臺北伊斯特_vs_桃園雲豹飛將_set1,29,1141.258,1145.393,1141.758,1144.893
2025-09-28_G2_臺北伊斯特_vs_桃園雲豹飛將_set1,30,1165.099,1173.421,1165.599,1172.921
2025-09-28_G2_臺北伊斯特_vs_桃園雲豹飛將_set1,31,1376.693,1380.528,1377.193,1380.028
2025-09-28_G2_臺北伊斯特_vs_桃園雲豹飛將_set1,32,1404.471,1412.309,1404.971,1411.809
2025-09-28_G2_臺北伊斯特_vs_桃園雲豹飛將_set1,33,1427.578,1433.781,1428.078,1433.281
2025-09-28_G2_臺北伊斯特_vs_桃園雲豹飛將_set1,34,1454.988,1480.077,1455.488,1479.577
2025-09-28_G2_臺北伊斯特_vs_桃園雲豹飛將_set1,35,1514.448,1526.307,1514.948,1525.807
2025-09-28_G2_臺北伊斯特_vs_桃園雲豹飛將_set1,36,1550.551,1557.137,1551.051,1556.637
2025-09-28_G2_臺北伊斯特_vs_桃園雲豹飛將_set1,37,1575.809,1581.729,1576.309,1581.229
2025-09-28_G2_臺北伊斯特_vs_桃園雲豹飛將_set1,38,1601.418,1610.705,1601.918,1610.191
2025-09-28_G2_臺北伊斯特_vs_桃園雲豹飛將_set1,39,1631.415,1638.302,1631.915,1637.802
2025-09-28_G2_臺北伊斯特_vs_桃園雲豹飛將_set1,40,1662.429,1679.96,1662.929,1679.46
2025-09-28_G2_臺北伊斯特_vs_桃園雲豹飛將_set1,41,1702.552,1707.02,1703.052,1706.52
2025-09-28_G2_臺北伊斯特_vs_桃園雲豹飛將_set1,42,1751.268,1758.272,1751.768,1757.772
2025-09-28_G2_臺北伊斯特_vs_桃園雲豹飛將_set1,43,1781.598,1791.638,1782.098,1791.138
2025-09-28_G2_臺北伊斯特_vs_桃園雲豹飛將_set2,1,17.052,27.776,17.552,27.276
2025-09-28_G2_臺北伊斯特_vs_桃園雲豹飛將_set2,2,54.756,60.843,55.256,60.343
2025-09-28_G2_臺北伊斯特_vs_桃園雲豹飛將_set2,3,84.586,91.423,85.086,90.923
2025-09-28_G2_臺北伊斯特_vs_桃園雲豹飛將_set2,4,113.165,117.232,113.665,116.732
2025-09-28_G2_臺北伊斯特_vs_桃園雲豹飛將_set2,5,137.289,141.757,137.789,141.257
2025-09-28_G2_臺北伊斯特_vs_桃園雲豹飛將_set2,6,160.979,165.097,161.479,164.597
2025-09-28_G2_臺北伊斯特_vs_桃園雲豹飛將_set2,7,185.537,189.555,186.037,189.055
2025-09-28_G2_臺北伊斯特_vs_桃園雲豹飛將_set2,8,208.26,214.646,208.76,214.146
2025-09-28_G2_臺北伊斯特_vs_桃園雲豹飛將_set2,9,232.417,239.621,232.917,239.121
2025-09-28_G2_臺北伊斯特_vs_桃園雲豹飛將_set2,10,264.215,275.223,264.715,274.723
2025-09-28_G2_臺北伊斯特_vs_桃園雲豹飛將_set2,11,299.067,309.658,299.567,309.158
2025-09-28_G2_臺北伊斯特_vs_桃園雲豹飛將_set2,12,333.785,341.139,334.285,340.639
2025-09-28_G2_臺北伊斯特_vs_桃園雲豹飛將_set2,13,359.611,372.804,360.111,372.304
2025-09-28_G2_臺北伊斯特_vs_桃園雲豹飛將_set2,14,398.867,426.508,399.367,426.008
2025-09-28_G2_臺北伊斯特_vs_桃園雲豹飛將_set2,15,571.839,578.86,572.339,578.36
2025-09-28_G2_臺北伊斯特_vs_桃園雲豹飛將_set2,16,612.096,618.85,612.596,618.35
2025-09-28_G2_臺北伊斯特_vs_桃園雲豹飛將_set2,17,639.023,645.61,639.523,645.11
2025-09-28_G2_臺北伊斯特_vs_桃園雲豹飛將_set2,18,674.075,680.879,674.575,680.379
2025-09-28_G2_臺北伊斯特_vs_桃園雲豹飛將_set2,19,708.693,712.527,709.193,712.027
2025-09-28_G2_臺北伊斯特_vs_桃園雲豹飛將_set2,20,742.193,751.549,742.693,751.049
2025-09-28_G2_臺北伊斯特_vs_桃園雲豹飛將_set2,21,783.284,789.871,783.784,789.371
2025-09-28_G2_臺北伊斯特_vs_桃園雲豹飛將_set2,22,812.88,819.384,813.38,818.884
2025-09-28_G2_臺北伊斯特_vs_桃園雲豹飛將_set2,23,841.826,848.129,842.326,847.629
2025-09-28_G2_臺北伊斯特_vs_桃園雲豹飛將_set2,24,877.011,881.429,877.511,880.929
2025-09-28_G2_臺北伊斯特_vs_桃園雲豹飛將_set2,25,902.77,909.374,903.27,908.874
2025-09-28_G2_臺北伊斯特_vs_桃園雲豹飛將_set2,26,932.316,938.72,932.816,938.22
2025-09-28_G2_臺北伊斯特_vs_桃園雲豹飛將_set2,27,958.009,964.962,958.509,964.462
2025-09-28_G2_臺北伊斯特_vs_桃園雲豹飛將_set2,28,986.52,992.523,987.02,992.023
2025-09-28_G2_臺北伊斯特_vs_桃園雲豹飛將_set2,29,1012.563,1035.566,1013.063,1035.066
2025-09-28_G2_臺北伊斯特_vs_桃園雲豹飛將_set2,30,1068.385,1080.015,1068.885,1079.511
2025-09-28_G2_臺北伊斯特_vs_桃園雲豹飛將_set2,31,1101.902,1109.891,1102.402,1109.391
2025-09-28_G2_臺北伊斯特_vs_桃園雲豹飛將_set2,32,1131.065,1137.318,1131.565,1136.818
2025-09-28_G2_臺北伊斯特_vs_桃園雲豹飛將_set2,33,1156.006,1163.144,1156.506,1162.644
2025-09-28_G2_臺北伊斯特_vs_桃園雲豹飛將_set2,34,1196.363,1200.197,1196.863,1199.697
2025-09-28_G2_臺北伊斯特_vs_桃園雲豹飛將_set2,35,1219.77,1226.774,1220.27,1226.274
2025-09-28_G2_臺北伊斯特_vs_桃園雲豹飛將_set2,36,1246.947,1254.402,1247.447,1253.902
2025-09-28_G2_臺北伊斯特_vs_桃園雲豹飛將_set2,37,1324.658,1331.629,1325.158,1331.129
2025-09-28_G2_臺北伊斯特_vs_桃園雲豹飛將_set2,38,1353.971,1358.222,1354.471,1357.722
2025-09-28_G2_臺北伊斯特_vs_桃園雲豹飛將_set2,39,1392.242,1402.216,1392.742,1401.716
2025-09-28_G2_臺北伊斯特_vs_桃園雲豹飛將_set2,40,1425.692,1432.746,1426.192,1432.246
2025-09-28_G2_臺北伊斯特_vs_桃園雲豹飛將_set2,41,1467.417,1480.06,1467.917,1479.56
2025-09-28_G2_臺北伊斯特_vs_桃園雲豹飛將_set2,42,1501.018,1507.354,1501.518,1506.854
2025-09-28_G2_臺北伊斯特_vs_桃園雲豹飛將_set2,43,1610.994,1614.979,1611.494,1614.479
2025-09-28_G2_臺北伊斯特_vs_桃園雲豹飛將_set2,44,1629.746,1633.664,1630.246,1633.164
2025-10-04_G3_臺中連莊_vs_桃園雲豹飛將_set1,1,1.453,7.823,1.97,7.356
2025-10-04_G3_臺中連莊_vs_桃園雲豹飛將_set1,2,27.429,31.73,27.946,31.264
2025-10-04_G3_臺中連莊_vs_桃園雲豹飛將_set1,3,87.355,93.308,87.889,92.825
2025-10-04_G3_臺中連莊_vs_桃園雲豹飛將_set1,4,117.903,121.603,118.436,121.137
2025-10-04_G3_臺中連莊_vs_桃園雲豹飛將_set1,5,137.022,140.839,137.522,140.339
2025-10-04_G3_臺中連莊_vs_桃園雲豹飛將_set1,6,158.493,173.822,158.976,173.356
2025-10-04_G3_臺中連莊_vs_桃園雲豹飛將_set1,7,194.646,206.021,195.163,205.554
2025-10-04_G3_臺中連莊_vs_桃園雲豹飛將_set1,8,227.879,232.08,228.413,231.614
2025-10-04_G3_臺中連莊_vs_桃園雲豹飛將_set1,9,248.55,255.053,249.083,254.587
2025-10-04_G3_臺中連莊_vs_桃園雲豹飛將_set1,10,272.223,276.541,272.757,276.075
2025-10-04_G3_臺中連莊_vs_桃園雲豹飛將_set1,11,296.064,303.402,296.597,302.935
2025-10-04_G3_臺中連莊_vs_桃園雲豹飛將_set1,12,322.891,330.162,323.424,329.695
2025-10-04_G3_臺中連莊_vs_桃園雲豹飛將_set1,13,353.355,359.464,353.888,357.323
2025-10-04_G3_臺中連莊_vs_桃園雲豹飛將_set1,14,378.747,389.721,379.28,389.255
2025-10-04_G3_臺中連莊_vs_桃園雲豹飛將_set1,15,405.573,412.31,406.107,411.844
2025-10-04_G3_臺中連莊_vs_桃園雲豹飛將_set1,16,429.998,435.133,430.498,434.667
2025-10-04_G3_臺中連莊_vs_桃園雲豹飛將_set1,17,452.02,458.54,452.553,458.073
2025-10-04_G3_臺中連莊_vs_桃園雲豹飛將_set1,18,476.444,480.829,476.978,480.362
2025-10-04_G3_臺中連莊_vs_桃園雲豹飛將_set1,19,497.799,504.853,498.332,504.386
2025-10-04_G3_臺中連莊_vs_桃園雲豹飛將_set1,20,525.476,536.785,526.01,536.318
2025-10-04_G3_臺中連莊_vs_桃園雲豹飛將_set1,21,557.492,564.229,558.025,563.762
2025-10-04_G3_臺中連莊_vs_桃園雲豹飛將_set1,22,586.804,590.772,587.338,590.305
2025-10-04_G3_臺中連莊_vs_桃園雲豹飛將_set1,23,606.14,613.211,606.674,612.744
2025-10-04_G3_臺中連莊_vs_桃園雲豹飛將_set1,24,634.786,641.573,635.319,641.106
2025-10-04_G3_臺中連莊_vs_桃園雲豹飛將_set1,25,661.746,667.866,662.279,667.399
2025-10-04_G3_臺中連莊_vs_桃園雲豹飛將_set1,26,686.704,694.376,687.238,693.909
2025-10-04_G3_臺中連莊_vs_桃園雲豹飛將_set1,27,714.832,733.064,715.366,732.598
2025-10-04_G3_臺中連莊_vs_桃園雲豹飛將_set1,28,753.404,757.205,753.938,756.738
2025-10-04_G3_臺中連莊_vs_桃園雲豹飛將_set1,29,774.792,781.179,775.326,780.712
2025-10-04_G3_臺中連莊_vs_桃園雲豹飛將_set1,30,803.654,807.522,804.188,807.055
2025-10-04_G3_臺中連莊_vs_桃園雲豹飛將_set1,31,824.892,829.344,825.426,828.877
2025-10-04_G3_臺中連莊_vs_桃園雲豹飛將_set1,32,846.18,853.384,846.714,852.918
2025-10-04_G3_臺中連莊_vs_桃園雲豹飛將_set1,33,873.691,881.512,874.224,881.046
2025-10-04_G3_臺中連莊_vs_桃園雲豹飛將_set1,34,897.999,905.703,898.532,905.237
2025-10-04_G3_臺中連莊_vs_桃園雲豹飛將_set1,35,926.877,933.648,927.411,933.181
2025-10-04_G3_臺中連莊_vs_桃園雲豹飛將_set1,36,951.102,959.641,951.635,959.174
2025-10-04_G3_臺中連莊_vs_桃園雲豹飛將_set1,37,974.942,989.187,975.476,988.72
2025-10-04_G3_臺中連莊_vs_桃園雲豹飛將_set1,38,1012.513,1019.45,1013.046,1019.0
2025-10-04_G3_臺中連莊_vs_桃園雲豹飛將_set1,39,1039.206,1055.67,1039.74,1055.203
2025-10-04_G3_臺中連莊_vs_桃園雲豹飛將_set1,40,1074.074,1081.329,1074.608,1080.862
2025-10-04_G3_臺中連莊_vs_桃園雲豹飛將_set1,41,1160.261,1177.775,1160.794,1177.308
2025-10-04_G3_臺中連莊_vs_桃園雲豹飛將_set1,42,1206.34,1214.161,1206.873,1213.695
2025-10-04_G3_臺中連莊_vs_桃園雲豹飛將_set1,43,1234.101,1237.852,1234.651,1237.385
2025-10-04_G4_臺北伊斯特_vs_台鋼天鷹_set1,1,20.038,27.109,20.538,26.609
2025-10-04_G4_臺北伊斯特_vs_台鋼天鷹_set1,2,43.044,53.619,43.544,53.119
2025-10-04_G4_臺北伊斯特_vs_台鋼天鷹_set1,3,82.801,90.923,83.301,90.423
2025-10-04_G4_臺北伊斯特_vs_台鋼天鷹_set1,4,111.73,118.834,112.23,118.334
2025-10-04_G4_臺北伊斯特_vs_台鋼天鷹_set1,5,142.744,150.983,143.244,150.483
2025-10-04_G4_臺北伊斯特_vs_台鋼天鷹_set1,6,171.94,180.045,172.44,179.545
2025-10-04_G4_臺北伊斯特_vs_台鋼天鷹_set1,7,203.355,207.039,203.855,206.539
2025-10-04_G4_臺北伊斯特_vs_台鋼天鷹_set1,8,229.864,233.882,230.364,233.382
2025-10-04_G4_臺北伊斯特_vs_台鋼天鷹_set1,9,249.384,252.884,249.884,252.384
2025-10-04_G4_臺北伊斯特_vs_台鋼天鷹_set1,10,270.939,282.714,271.439,282.214
2025-10-04_G4_臺北伊斯特_vs_台鋼天鷹_set1,11,300.085,307.99,300.585,307.49
2025-10-04_G4_臺北伊斯特_vs_台鋼天鷹_set1,12,325.593,333.949,326.093,333.449
2025-10-04_G4_臺北伊斯特_vs_台鋼天鷹_set1,13,355.49,362.527,355.99,362.027
2025-10-04_G4_臺北伊斯特_vs_台鋼天鷹_set1,14,435.62,442.891,436.12,442.391
2025-10-04_G4_臺北伊斯特_vs_台鋼天鷹_set1,15,469.938,477.192,470.438,476.692
2025-10-04_G4_臺北伊斯特_vs_台鋼天鷹_set1,16,496.347,503.251,496.847,502.751
2025-10-04_G4_臺北伊斯特_vs_台鋼天鷹_set1,17,521.256,535.734,521.756,535.234
2025-10-04_G4_臺北伊斯特_vs_台鋼天鷹_set1,18,554.522,561.259,555.022,560.759
2025-10-04_G4_臺北伊斯特_vs_台鋼天鷹_set1,19,589.474,596.311,589.974,595.811
2025-10-04_G4_臺北伊斯特_vs_台鋼天鷹_set1,20,619.57,631.146,620.07,630.646
2025-10-04_G4_臺北伊斯特_vs_台鋼天鷹_set1,21,659.11,662.994,659.61,662.494
2025-10-04_G4_臺北伊斯特_vs_台鋼天鷹_set1,22,676.944,684.349,677.444,683.849
2025-10-04_G4_臺北伊斯特_vs_台鋼天鷹_set1,23,705.506,712.277,706.006,711.777
2025-10-04_G4_臺北伊斯特_vs_台鋼天鷹_set1,24,733.334,756.121,733.834,755.621
2025-10-04_G4_臺北伊斯特_vs_台鋼天鷹_set1,25,780.381,784.299,780.881,783.799
2025-10-04_G4_臺北伊斯特_vs_台鋼天鷹_set1,26,798.933,812.844,799.433,812.344
2025-10-04_G4_臺北伊斯特_vs_台鋼天鷹_set1,27,827.728,834.899,828.228,834.399
2025-10-04_G4_臺北伊斯特_vs_台鋼天鷹_set1,28,849.667,853.952,850.167,853.452
2025-10-04_G4_臺北伊斯特_vs_台鋼天鷹_set1,29,931.365,935.249,931.865,934.749
2025-10-04_G4_臺北伊斯特_vs_台鋼天鷹_set1,30,950.601,954.986,951.101,954.486
2025-10-04_G4_臺北伊斯特_vs_台鋼天鷹_set1,31,992.493,1000.515,992.993,1000.015
2025-10-04_G4_臺北伊斯特_vs_台鋼天鷹_set1,32,1016.617,1027.925,1017.117,1027.425
2025-10-04_G4_臺北伊斯特_vs_台鋼天鷹_set1,33,1057.825,1065.029,1058.325,1064.529
2025-10-04_G4_臺北伊斯特_vs_台鋼天鷹_set1,34,1085.553,1093.558,1086.053,1093.058
2025-10-04_G4_臺北伊斯特_vs_台鋼天鷹_set1,35,1134.318,1144.759,1134.818,1144.259
2025-10-04_G4_臺北伊斯特_vs_台鋼天鷹_set1,36,1159.627,1166.714,1160.127,1166.214
2025-10-04_G4_臺北伊斯特_vs_台鋼天鷹_set1,37,1187.721,1198.663,1188.221,1198.163
2025-10-04_G4_臺北伊斯特_vs_台鋼天鷹_set1,38,1226.627,1230.528,1227.127,1230.028
2025-10-04_G4_臺北伊斯特_vs_台鋼天鷹_set1,39,1248.849,1255.586,1249.349,1255.086
2025-10-04_G4_臺北伊斯特_vs_台鋼天鷹_set1,40,1279.747,1297.812,1280.247,1297.312
2025-10-04_G4_臺北伊斯特_vs_台鋼天鷹_set1,41,1320.721,1324.789,1321.221,1324.289
2025-10-04_G4_臺北伊斯特_vs_台鋼天鷹_set1,42,1363.063,1369.734,1363.563,1369.234
2025-10-04_G4_臺北伊斯特_vs_台鋼天鷹_set1,43,1390.941,1407.788,1391.441,1407.288
2025-10-04_G4_臺北伊斯特_vs_台鋼天鷹_set1,44,1423.524,1430.728,1424.024,1430.228
2025-10-04_G4_臺北伊斯特_vs_台鋼天鷹_set1,45,1506.34,1512.443,1506.84,1511.943
2025-10-04_G4_臺北伊斯特_vs_台鋼天鷹_set1,46,1536.954,1541.539,1537.454,1541.039
2025-10-04_G4_臺北伊斯特_vs_台鋼天鷹_set1,47,1614.881,1619.149,1615.381,1618.649
2025-10-05_G5_臺北伊斯特_vs_桃園雲豹飛將_set1,1,1.086,11.593,1.586,11.093
2025-10-05_G5_臺北伊斯特_vs_桃園雲豹飛將_set1,2,30.882,38.337,31.382,37.837
2025-10-05_G5_臺北伊斯特_vs_桃園雲豹飛將_set1,3,59.978,67.549,60.478,67.049
2025-10-05_G5_臺北伊斯特_vs_桃園雲豹飛將_set1,4,88.056,99.548,88.556,99.048
2025-10-05_G5_臺北伊斯特_vs_桃園雲豹飛將_set1,5,119.554,130.479,120.054,129.979
2025-10-05_G5_臺北伊斯特_vs_桃園雲豹飛將_set1,6,151.62,157.739,152.12,157.239
2025-10-05_G5_臺北伊斯特_vs_桃園雲豹飛將_set1,7,186.438,193.408,186.938,192.908
2025-10-05_G5_臺北伊斯特_vs_桃園雲豹飛將_set1,8,212.714,228.41,213.214,227.91
2025-10-05_G5_臺北伊斯特_vs_桃園雲豹飛將_set1,9,252.237,258.674,252.737,258.174
2025-10-05_G5_臺北伊斯特_vs_桃園雲豹飛將_set1,10,277.128,285.701,277.628,285.201
2025-10-05_G5_臺北伊斯特_vs_桃園雲豹飛將_set1,11,316.401,323.655,316.901,323.155
2025-10-05_G5_臺北伊斯特_vs_桃園雲豹飛將_set1,12,345.747,353.668,346.247,353.168
2025-10-05_G5_臺北伊斯特_vs_桃園雲豹飛將_set1,13,373.525,377.843,374.025,377.343
2025-10-05_G5_臺北伊斯特_vs_桃園雲豹飛將_set1,14,394.345,401.7,394.845,401.2
2025-10-05_G5_臺北伊斯特_vs_桃園雲豹飛將_set1,15,423.575,431.546,424.075,431.046
2025-10-05_G5_臺北伊斯特_vs_桃園雲豹飛將_set1,16,465.617,479.208,466.117,478.01
2025-10-05_G5_臺北伊斯特_vs_桃園雲豹飛將_set1,17,501.336,505.57,501.836,505.07
2025-10-05_G5_臺北伊斯特_vs_桃園雲豹飛將_set1,18,576.694,618.7,577.194,618.2
2025-10-05_G5_臺北伊斯特_vs_桃園雲豹飛將_set1,19,862.28,875.156,862.78,874.656
2025-10-05_G5_臺北伊斯特_vs_桃園雲豹飛將_set1,20,894.045,908.122,894.545,907.622
2025-10-05_G5_臺北伊斯特_vs_桃園雲豹飛將_set1,21,936.187,943.274,936.687,942.774
2025-10-05_G5_臺北伊斯特_vs_桃園雲豹飛將_set1,22,971.472,980.228,971.972,979.728
2025-10-05_G5_臺北伊斯特_vs_桃園雲豹飛將_set1,23,1000.051,1008.706,1000.551,1008.206
2025-10-05_G5_臺北伊斯特_vs_桃園雲豹飛將_set1,24,1029.814,1033.748,1030.314,1033.248
2025-10-05_G5_臺北伊斯特_vs_桃園雲豹飛將_set1,25,1056.34,1063.978,1056.84,1063.478
2025-10-05_G5_臺北伊斯特_vs_桃園雲豹飛將_set1,26,1083.801,1090.555,1084.301,1090.055
2025-10-05_G5_臺北伊斯特_vs_桃園雲豹飛將_set1,27,1112.663,1120.051,1113.163,1119.551
2025-10-05_G5_臺北伊斯特_vs_桃園雲豹飛將_set1,28,1143.06,1147.195,1143.56,1146.695
2025-10-05_G5_臺北伊斯特_vs_桃園雲豹飛將_set1,29,1219.036,1228.859,1219.536,1228.359
2025-10-05_G5_臺北伊斯特_vs_桃園雲豹飛將_set1,30,1257.007,1260.741,1257.507,1260.241
2025-10-05_G5_臺北伊斯特_vs_桃園雲豹飛將_set1,31,1280.047,1302.984,1280.547,1302.484
2025-10-05_G5_臺北伊斯特_vs_桃園雲豹飛將_set1,32,1329.279,1333.614,1329.779,1333.114
2025-10-05_G5_臺北伊斯特_vs_桃園雲豹飛將_set1,33,1411.195,1434.415,1411.695,1433.915
2025-10-05_G5_臺北伊斯特_vs_桃園雲豹飛將_set1,34,1466.783,1470.518,1467.283,1470.018
2025-10-05_G5_臺北伊斯特_vs_桃園雲豹飛將_set1,35,1488.739,1495.643,1489.239,1495.143
2025-10-05_G5_臺北伊斯特_vs_桃園雲豹飛將_set1,36,1568.518,1577.758,1569.018,1577.258
2025-10-05_G5_臺北伊斯特_vs_桃園雲豹飛將_set1,37,1611.228,1620.401,1611.728,1619.901
2025-10-05_G5_臺北伊斯特_vs_桃園雲豹飛將_set1,38,1754.504,1760.958,1755.004,1760.458
2025-10-05_G5_臺北伊斯特_vs_桃園雲豹飛將_set1,39,1780.43,1788.502,1780.93,1788.002
2025-10-05_G5_臺北伊斯特_vs_桃園雲豹飛將_set1,40,1809.526,1816.747,1810.026,1816.247
2025-10-05_G5_臺北伊斯特_vs_桃園雲豹飛將_set1,41,1841.224,1848.562,1841.724,1848.062
2025-10-05_G5_臺北伊斯特_vs_桃園雲豹飛將_set1,42,1870.47,1882.229,1870.97,1881.729
2025-10-05_G5_臺北伊斯特_vs_桃園雲豹飛將_set1,43,1952.836,1967.214,1953.336,1966.714
2025-10-05_G5_臺北伊斯特_vs_桃園雲豹飛將_set1,44,1991.641,2000.397,1992.141,1999.897
2025-10-05_G5_臺北伊斯特_vs_桃園雲豹飛將_set1,45,2068.284,2076.406,2068.784,2075.906
2025-10-05_G5_臺北伊斯特_vs_桃園雲豹飛將_set1,46,2112.929,2130.727,2113.429,2130.227
2025-10-05_G5_臺北伊斯特_vs_桃園雲豹飛將_set1,47,2156.239,2161.308,2156.739,2160.808
2025-10-11_G7_臺北伊斯特_vs_台鋼天鷹_set1,1,2.02,8.64,2.52,8.14
2025-10-11_G7_臺北伊斯特_vs_台鋼天鷹_set1,2,30.365,47.112,30.865,46.612
2025-10-11_G7_臺北伊斯特_vs_台鋼天鷹_set1,3,68.837,76.158,69.337,75.658
2025-10-11_G7_臺北伊斯特_vs_台鋼天鷹_set1,4,96.982,107.623,97.482,107.123
2025-10-11_G7_臺北伊斯特_vs_台鋼天鷹_set1,5,127.796,143.325,128.296,142.825
2025-10-11_G7_臺北伊斯特_vs_台鋼天鷹_set1,6,281.066,291.423,281.566,290.923
2025-10-11_G7_臺北伊斯特_vs_台鋼天鷹_set1,7,317.535,324.756,318.035,324.256
2025-10-11_G7_臺北伊斯特_vs_台鋼天鷹_set1,8,343.945,350.499,344.445,349.999
2025-10-11_G7_臺北伊斯特_vs_台鋼天鷹_set1,9,384.552,395.06,385.052,394.56
2025-10-11_G7_臺北伊斯特_vs_台鋼天鷹_set1,10,427.579,431.797,428.079,431.297
2025-10-11_G7_臺北伊斯特_vs_台鋼天鷹_set1,11,456.875,464.93,457.375,464.43
2025-10-11_G7_臺北伊斯特_vs_台鋼天鷹_set1,12,493.294,508.957,493.794,508.457
2025-10-11_G7_臺北伊斯特_vs_台鋼天鷹_set1,13,526.644,537.552,527.144,537.052
2025-10-11_G7_臺北伊斯特_vs_台鋼天鷹_set1,14,558.359,565.664,558.859,565.164
2025-10-11_G7_臺北伊斯特_vs_台鋼天鷹_set1,15,591.259,599.197,591.759,598.697
2025-10-11_G7_臺北伊斯特_vs_台鋼天鷹_set1,16,622.69,628.626,623.19,628.126
2025-10-11_G7_臺北伊斯特_vs_台鋼天鷹_set1,17,653.404,660.792,653.904,660.292
2025-10-11_G7_臺北伊斯特_vs_台鋼天鷹_set1,18,739.574,751.049,740.074,750.549
2025-10-11_G7_臺北伊斯特_vs_台鋼天鷹_set1,19,775.076,785.216,775.576,784.716
2025-10-11_G7_臺北伊斯特_vs_台鋼天鷹_set1,20,822.073,826.057,822.573,825.557
2025-10-11_G7_臺北伊斯特_vs_台鋼天鷹_set1,21,852.52,869.901,853.02,869.401
2025-10-11_G7_臺北伊斯特_vs_台鋼天鷹_set1,22,904.739,916.414,905.239,915.914
2025-10-11_G7_臺北伊斯特_vs_台鋼天鷹_set1,23,942.009,953.151,942.509,952.651
2025-10-11_G7_臺北伊斯特_vs_台鋼天鷹_set1,24,997.581,1004.102,998.081,1003.602
2025-10-11_G7_臺北伊斯特_vs_台鋼天鷹_set1,25,1022.623,1033.381,1023.123,1032.881
2025-10-11_G7_臺北伊斯特_vs_台鋼天鷹_set1,26,1058.893,1065.813,1059.393,1065.313
2025-10-11_G7_臺北伊斯特_vs_台鋼天鷹_set1,27,1088.205,1094.525,1088.705,1094.025
2025-10-11_G7_臺北伊斯特_vs_台鋼天鷹_set1,28,1127.628,1138.569,1128.128,1138.069
2025-10-11_G7_臺北伊斯特_vs_台鋼天鷹_set1,29,1167.801,1200.164,1168.301,1199.664
2025-10-11_G7_臺北伊斯特_vs_台鋼天鷹_set1,30,1227.061,1237.718,1227.561,1237.218
2025-10-11_G7_臺北伊斯特_vs_台鋼天鷹_set1,31,1316.083,1342.373,1316.583,1341.873
2025-10-11_G7_臺北伊斯特_vs_台鋼天鷹_set1,32,1368.185,1374.338,1368.685,1373.838
2025-10-11_G7_臺北伊斯特_vs_台鋼天鷹_set1,33,1400.501,1408.823,1401.001,1408.323
2025-10-11_G7_臺北伊斯特_vs_台鋼天鷹_set1,34,1434.868,1438.786,1435.368,1438.286
2025-10-11_G7_臺北伊斯特_vs_台鋼天鷹_set1,35,1474.374,1481.545,1474.874,1481.045
2025-10-11_G7_臺北伊斯特_vs_台鋼天鷹_set1,36,1501.201,1507.771,1501.701,1507.271
2025-10-11_G7_臺北伊斯特_vs_台鋼天鷹_set1,37,1534.885,1541.155,1535.385,1540.655
2025-10-11_G7_臺北伊斯特_vs_台鋼天鷹_set1,38,1565.532,1573.904,1566.032,1573.404
2025-10-11_G7_臺北伊斯特_vs_台鋼天鷹_set1,39,1610.894,1646.26,1611.394,1645.76
2025-10-11_G7_臺北伊斯特_vs_台鋼天鷹_set1,40,2071.204,2075.155,2071.704,2074.655
2025-10-11_G7_臺北伊斯特_vs_台鋼天鷹_set1,41,2094.093,2100.58,2094.593,2100.08
2025-10-11_G7_臺北伊斯特_vs_台鋼天鷹_set1,42,2123.723,2127.457,2124.223,2126.957
2025-10-11_G7_臺北伊斯特_vs_台鋼天鷹_set1,43,2144.11,2152.682,2144.61,2152.182
2025-10-11_G8_臺中連莊_vs_桃園雲豹飛將_set1,1,5.3,8.09,5.3,7.59
2025-10-11_G8_臺中連莊_vs_桃園雲豹飛將_set1,2,29.131,35.934,29.631,35.434
2025-10-11_G8_臺中連莊_vs_桃園雲豹飛將_set1,3,61.83,68.167,62.33,67.667
2025-10-11_G8_臺中連莊_vs_桃園雲豹飛將_set1,4,88.557,99.231,89.057,98.731
2025-10-11_G8_臺中連莊_vs_桃園雲豹飛將_set1,5,122.691,129.244,123.191,128.744
2025-10-11_G8_臺中連莊_vs_桃園雲豹飛將_set1,6,152.854,160.008,153.354,159.508
2025-10-11_G8_臺中連莊_vs_桃園雲豹飛將_set1,7,181.75,192.858,182.25,192.358
2025-10-11_G8_臺中連莊_vs_桃園雲豹飛將_set1,8,265.433,272.137,265.933,271.637
2025-10-11_G8_臺中連莊_vs_桃園雲豹飛將_set1,9,297.132,303.669,297.632,303.169
2025-10-11_G8_臺中連莊_vs_桃園雲豹飛將_set1,10,325.06,328.76,325.56,328.26
2025-10-11_G8_臺中連莊_vs_桃園雲豹飛將_set1,11,355.39,362.144,355.89,361.644
2025-10-11_G8_臺中連莊_vs_桃園雲豹飛將_set1,12,382.767,390.439,383.267,389.939
2025-10-11_G8_臺中連莊_vs_桃園雲豹飛將_set1,13,414.716,421.736,415.216,421.236
2025-10-11_G8_臺中連莊_vs_桃園雲豹飛將_set1,14,446.748,454.085,447.248,453.585
2025-10-11_G8_臺中連莊_vs_桃園雲豹飛將_set1,15,491.493,498.964,491.993,498.464
2025-10-11_G8_臺中連莊_vs_桃園雲豹飛將_set1,16,522.59,531.396,523.09,530.896
2025-10-11_G8_臺中連莊_vs_桃園雲豹飛將_set1,17,553.988,562.127,554.488,561.627
2025-10-11_G8_臺中連莊_vs_桃園雲豹飛將_set1,18,585.954,592.924,586.454,592.424
2025-10-11_G8_臺中連莊_vs_桃園雲豹飛將_set1,19,616.05,630.011,616.55,629.511
2025-10-11_G8_臺中連莊_vs_桃園雲豹飛將_set1,20,654.472,662.293,654.972,661.793
2025-10-11_G8_臺中連莊_vs_桃園雲豹飛將_set1,21,683.317,690.688,683.817,690.188
2025-10-11_G8_臺中連莊_vs_桃園雲豹飛將_set1,22,713.081,720.051,713.581,719.551
2025-10-11_G8_臺中連莊_vs_桃園雲豹飛將_set1,23,742.844,749.714,743.344,749.214
2025-10-11_G8_臺中連莊_vs_桃園雲豹飛將_set1,24,773.207,776.691,773.707,776.191
2025-10-11_G8_臺中連莊_vs_桃園雲豹飛將_set1,25,797.231,808.957,797.731,808.457
2025-10-11_G8_臺中連莊_vs_桃園雲豹飛將_set1,26,926.0,932.83,926.46,932.33
2025-10-11_G8_臺中連莊_vs_桃園雲豹飛將_set1,27,947.248,953.751,947.748,953.251
2025-10-11_G8_臺中連莊_vs_桃園雲豹飛將_set1,28,1031.432,1039.404,1031.932,1038.904
2025-10-11_G8_臺中連莊_vs_桃園雲豹飛將_set1,29,1060.728,1075.823,1061.228,1075.323
2025-10-11_G8_臺中連莊_vs_桃園雲豹飛將_set1,30,1099.9,1107.104,1100.4,1106.604
2025-10-11_G8_臺中連莊_vs_桃園雲豹飛將_set1,31,1126.994,1135.5,1127.494,1135.0
2025-10-11_G8_臺中連莊_vs_桃園雲豹飛將_set1,32,1158.926,1167.165,1159.426,1166.665
2025-10-11_G8_臺中連莊_vs_桃園雲豹飛將_set1,33,1191.392,1198.212,1191.892,1197.712
2025-10-11_G8_臺中連莊_vs_桃園雲豹飛將_set1,34,1224.191,1235.166,1224.691,1234.666
2025-10-11_G8_臺中連莊_vs_桃園雲豹飛將_set1,35,1265.399,1271.769,1265.899,1271.269
2025-10-11_G8_臺中連莊_vs_桃園雲豹飛將_set1,36,1292.459,1299.296,1292.959,1298.796
2025-10-11_G8_臺中連莊_vs_桃園雲豹飛將_set1,37,1322.556,1329.493,1323.056,1328.993
2025-10-11_G8_臺中連莊_vs_桃園雲豹飛將_set1,38,1351.819,1359.19,1352.319,1358.69
2025-10-11_G8_臺中連莊_vs_桃園雲豹飛將_set1,39,1379.346,1393.841,1379.846,1393.341
2025-10-11_G8_臺中連莊_vs_桃園雲豹飛將_set1,40,1602.869,1606.737,1603.369,1606.237
2025-10-11_G8_臺中連莊_vs_桃園雲豹飛將_set1,41,1624.257,1630.694,1624.757,1630.194
2025-10-11_G8_臺中連莊_vs_桃園雲豹飛將_set1,42,1664.831,1671.502,1665.331,1671.002
2025-10-11_G8_臺中連莊_vs_桃園雲豹飛將_set1,43,1698.415,1707.02,1698.915,1706.52
2025-10-11_G8_臺中連莊_vs_桃園雲豹飛將_set1,44,1727.928,1743.39,1728.428,1742.89
2025-10-11_G8_臺中連莊_vs_桃園雲豹飛將_set1,45,1821.254,1828.075,1821.754,1827.575
2025-10-11_G8_臺中連莊_vs_桃園雲豹飛將_set1,46,1847.547,1854.268,1848.047,1853.768
2025-10-11_G8_臺中連莊_vs_桃園雲豹飛將_set1,47,2079.546,2084.765,2080.046,2084.265
2025-10-11_G8_臺中連莊_vs_桃園雲豹飛將_set1,48,2170.67,2178.258,2171.17,2177.758
2025-10-11_G8_臺中連莊_vs_桃園雲豹飛將_set1,49,2200.733,2207.354,2201.233,2206.854
2025-10-11_G8_臺中連莊_vs_桃園雲豹飛將_set1,50,2229.229,2239.769,2229.729,2239.269
2025-10-12_G10_臺北伊斯特_vs_桃園雲豹飛將_set1,1,0.585,7.79,1.085,7.29
2025-10-12_G10_臺北伊斯特_vs_桃園雲豹飛將_set1,2,28.063,36.568,28.563,36.068
2025-10-12_G10_臺北伊斯特_vs_桃園雲豹飛將_set1,3,59.144,66.548,59.644,66.048
2025-10-12_G10_臺北伊斯特_vs_桃園雲豹飛將_set1,4,88.74,95.911,89.24,95.411
2025-10-12_G10_臺北伊斯特_vs_桃園雲豹飛將_set1,5,117.936,121.804,118.436,121.304
2025-10-12_G10_臺北伊斯特_vs_桃園雲豹飛將_set1,6,147.766,158.44,148.266,157.94
2025-10-12_G10_臺北伊斯特_vs_桃園雲豹飛將_set1,7,178.096,182.197,178.596,181.697
2025-10-12_G10_臺北伊斯特_vs_桃園雲豹飛將_set1,8,202.187,215.297,202.687,214.797
2025-10-12_G10_臺北伊斯特_vs_桃園雲豹飛將_set1,9,260.145,283.632,260.645,283.132
2025-10-12_G10_臺北伊斯特_vs_桃園雲豹飛將_set1,10,305.357,309.358,305.857,308.858
2025-10-12_G10_臺北伊斯特_vs_桃園雲豹飛將_set1,11,331.883,338.02,332.383,337.52
2025-10-12_G10_臺北伊斯特_vs_桃園雲豹飛將_set1,12,353.138,361.76,353.638,361.26
2025-10-12_G10_臺北伊斯特_vs_桃園雲豹飛將_set1,13,389.407,404.352,389.907,403.852
2025-10-12_G10_臺北伊斯特_vs_桃園雲豹飛將_set1,14,428.83,436.251,429.33,435.751
2025-10-12_G10_臺北伊斯特_vs_桃園雲豹飛將_set1,15,456.508,463.829,457.008,463.329
2025-10-12_G10_臺北伊斯特_vs_桃園雲豹飛將_set1,16,486.137,492.974,486.637,492.474
2025-10-12_G10_臺北伊斯特_vs_桃園雲豹飛將_set1,17,516.935,524.806,517.435,524.306
2025-10-12_G10_臺北伊斯特_vs_桃園雲豹飛將_set1,18,548.866,560.108,549.366,559.608
2025-10-12_G10_臺北伊斯特_vs_桃園雲豹飛將_set1,19,583.368,598.546,583.868,598.046
2025-10-12_G10_臺北伊斯特_vs_桃園雲豹飛將_set1,20,623.308,631.946,623.808,631.446
2025-10-12_G10_臺北伊斯特_vs_桃園雲豹飛將_set1,21,708.376,716.281,708.876,715.781
2025-10-12_G10_臺北伊斯特_vs_桃園雲豹飛將_set1,22,736.02,743.158,736.52,742.658
2025-10-12_G10_臺北伊斯特_vs_桃園雲豹飛將_set1,23,764.031,778.326,764.531,777.826
2025-10-12_G10_臺北伊斯特_vs_桃園雲豹飛將_set1,24,795.88,800.515,796.38,800.015
2025-10-12_G10_臺北伊斯特_vs_桃園雲豹飛將_set1,25,818.97,825.657,819.47,825.157
2025-10-12_G10_臺北伊斯特_vs_桃園雲豹飛將_set1,26,884.252,892.407,884.752,891.907
2025-10-12_G10_臺北伊斯特_vs_桃園雲豹飛將_set1,27,910.912,917.599,911.412,917.099
2025-10-12_G10_臺北伊斯特_vs_桃園雲豹飛將_set1,28,938.673,942.206,939.173,941.706
2025-10-12_G10_臺北伊斯特_vs_桃園雲豹飛將_set1,29,962.596,966.648,963.096,966.148
2025-10-12_G10_臺北伊斯特_vs_桃園雲豹飛將_set1,30,983.818,989.637,984.318,989.137
2025-10-12_G10_臺北伊斯特_vs_桃園雲豹飛將_set1,31,1009.727,1019.967,1010.227,1019.467
2025-10-12_G10_臺北伊斯特_vs_桃園雲豹飛將_set1,32,1037.121,1044.392,1037.621,1043.892
2025-10-12_G10_臺北伊斯特_vs_桃園雲豹飛將_set1,33,1105.022,1109.107,1105.522,1108.607
2025-10-12_G10_臺北伊斯特_vs_桃園雲豹飛將_set1,34,1177.528,1184.932,1178.028,1184.432
2025-10-12_G10_臺北伊斯特_vs_桃園雲豹飛將_set1,35,1210.444,1217.531,1210.944,1217.031
2025-10-12_G10_臺北伊斯特_vs_桃園雲豹飛將_set1,36,1238.105,1245.91,1238.605,1245.41
2025-10-12_G10_臺北伊斯特_vs_桃園雲豹飛將_set1,37,1300.901,1306.27,1301.401,1305.77
2025-10-12_G10_臺北伊斯特_vs_桃園雲豹飛將_set1,38,1376.343,1391.038,1376.843,1390.538
2025-10-12_G10_臺北伊斯特_vs_桃園雲豹飛將_set1,39,1425.542,1434.665,1426.042,1434.165
2025-10-12_G10_臺北伊斯特_vs_桃園雲豹飛將_set1,40,1470.337,1485.299,1470.837,1484.799
2025-10-12_G10_臺北伊斯特_vs_桃園雲豹飛將_set1,41,1516.033,1526.74,1516.533,1526.24
2025-10-12_G10_臺北伊斯特_vs_桃園雲豹飛將_set1,42,1545.929,1552.783,1546.429,1552.283
2025-10-12_G10_臺北伊斯特_vs_桃園雲豹飛將_set1,43,1578.946,1587.534,1579.446,1587.034
2025-10-12_G9_臺中連莊_vs_台鋼天鷹_set1,1,1.837,9.808,2.337,9.308
2025-10-12_G9_臺中連莊_vs_台鋼天鷹_set1,2,28.83,33.065,29.33,32.565
2025-10-12_G9_臺中連莊_vs_台鋼天鷹_set1,3,54.056,59.708,54.556,59.208
2025-10-12_G9_臺中連莊_vs_台鋼天鷹_set1,4,88.924,107.206,89.424,106.706
2025-10-12_G9_臺中連莊_vs_台鋼天鷹_set1,5,127.929,135.334,128.429,134.834
2025-10-12_G9_臺中連莊_vs_台鋼天鷹_set1,6,153.488,160.993,153.988,160.493
2025-10-12_G9_臺中連莊_vs_台鋼天鷹_set1,7,177.179,184.449,177.679,183.949
2025-10-12_G9_臺中連莊_vs_台鋼天鷹_set1,8,205.307,209.141,205.807,208.641
2025-10-12_G9_臺中連莊_vs_台鋼天鷹_set1,9,222.073,232.731,222.573,232.231
2025-10-12_G9_臺中連莊_vs_台鋼天鷹_set1,10,253.605,259.992,254.105,259.492
2025-10-12_G9_臺中連莊_vs_台鋼天鷹_set1,11,275.276,280.679,275.776,280.179
2025-10-12_G9_臺中連莊_vs_台鋼天鷹_set1,12,296.898,300.866,297.398,300.366
2025-10-12_G9_臺中連莊_vs_台鋼天鷹_set1,13,320.021,324.389,320.521,323.889
2025-10-12_G9_臺中連莊_vs_台鋼天鷹_set1,14,340.341,350.649,340.841,350.149
2025-10-12_G9_臺中連莊_vs_台鋼天鷹_set1,15,375.243,382.147,375.743,381.647
2025-10-12_G9_臺中連莊_vs_台鋼天鷹_set1,16,401.97,409.574,402.47,409.074
2025-10-12_G9_臺中連莊_vs_台鋼天鷹_set1,17,429.247,443.375,429.747,442.875
2025-10-12_G9_臺中連莊_vs_台鋼天鷹_set1,18,462.197,469.518,462.697,469.018
2025-10-12_G9_臺中連莊_vs_台鋼天鷹_set1,19,489.29,496.328,489.79,495.828
2025-10-12_G9_臺中連莊_vs_台鋼天鷹_set1,20,520.738,540.272,521.238,539.772
2025-10-12_G9_臺中連莊_vs_台鋼天鷹_set1,21,562.53,569.434,563.03,568.934
2025-10-12_G9_臺中連莊_vs_台鋼天鷹_set1,22,588.79,598.663,589.29,598.163
2025-10-12_G9_臺中連莊_vs_台鋼天鷹_set1,23,624.492,637.085,624.992,636.585
2025-10-12_G9_臺中連莊_vs_台鋼天鷹_set1,24,657.058,675.907,657.558,675.407
2025-10-12_G9_臺中連莊_vs_台鋼天鷹_set1,25,744.679,759.891,745.179,759.391
2025-10-12_G9_臺中連莊_vs_台鋼天鷹_set1,26,784.502,802.967,785.002,802.467
2025-10-12_G9_臺中連莊_vs_台鋼天鷹_set1,27,881.716,888.253,882.216,887.753
2025-10-12_G9_臺中連莊_vs_台鋼天鷹_set1,28,968.836,984.499,969.336,983.999
2025-10-12_G9_臺中連莊_vs_台鋼天鷹_set1,29,1063.564,1075.006,1064.064,1074.506
2025-10-12_G9_臺中連莊_vs_台鋼天鷹_set1,30,1095.796,1099.464,1096.296,1098.964
2025-10-12_G9_臺中連莊_vs_台鋼天鷹_set1,31,1117.001,1124.155,1117.501,1123.655
2025-10-12_G9_臺中連莊_vs_台鋼天鷹_set1,32,1144.245,1152.049,1144.745,1151.549
2025-10-12_G9_臺中連莊_vs_台鋼天鷹_set1,33,1170.938,1177.608,1171.438,1177.108
2025-10-12_G9_臺中連莊_vs_台鋼天鷹_set1,34,1252.286,1261.359,1252.786,1260.859
2025-10-12_G9_臺中連莊_vs_台鋼天鷹_set1,35,1280.18,1287.618,1280.68,1287.118
2025-10-12_G9_臺中連莊_vs_台鋼天鷹_set1,36,1306.473,1312.977,1306.973,1312.477
2025-10-12_G9_臺中連莊_vs_台鋼天鷹_set1,37,1333.851,1344.208,1334.351,1343.708
2025-10-12_G9_臺中連莊_vs_台鋼天鷹_set1,38,1367.534,1373.738,1368.034,1373.238
2025-10-12_G9_臺中連莊_vs_台鋼天鷹_set1,39,1393.36,1402.049,1393.86,1401.549
2025-10-12_G9_臺中連莊_vs_台鋼天鷹_set1,40,1425.159,1441.939,1425.659,1441.439
2025-10-12_G9_臺中連莊_vs_台鋼天鷹_set1,41,1518.585,1531.729,1519.085,1531.229
2025-10-12_G9_臺中連莊_vs_台鋼天鷹_set1,42,1577.544,1583.914,1578.044,1583.414
2025-10-12_G9_臺中連莊_vs_台鋼天鷹_set1,43,1604.171,1613.611,1604.671,1613.111
2025-10-12_G9_臺中連莊_vs_台鋼天鷹_set1,44,1638.005,1645.659,1638.505,1645.159
2025-10-12_G9_臺中連莊_vs_台鋼天鷹_set1,45,1671.772,1679.777,1672.272,1679.277
2025-10-12_G9_臺中連莊_vs_台鋼天鷹_set1,46,1701.401,1708.272,1701.901,1707.772
2025-10-12_G9_臺中連莊_vs_台鋼天鷹_set1,47,1738.371,1752.366,1738.871,1751.866
2025-10-12_G9_臺中連莊_vs_台鋼天鷹_set1,48,1791.625,1795.759,1792.125,1795.259
2025-10-25_G11_臺北伊斯特_vs_桃園雲豹飛將_set1,1,24.726,34.9,25.226,34.4
2025-10-25_G11_臺北伊斯特_vs_桃園雲豹飛將_set1,2,67.436,76.809,67.936,76.309
2025-10-25_G11_臺北伊斯特_vs_桃園雲豹飛將_set1,3,107.809,112.294,108.309,111.794
2025-10-25_G11_臺北伊斯特_vs_桃園雲豹飛將_set1,4,134.236,140.772,134.736,140.272
2025-10-25_G11_臺北伊斯特_vs_桃園雲豹飛將_set1,5,156.725,161.026,157.225,160.526
2025-10-25_G11_臺北伊斯特_vs_桃園雲豹飛將_set1,6,180.982,191.056,181.482,190.556
2025-10-25_G11_臺北伊斯特_vs_桃園雲豹飛將_set1,7,219.02,223.605,219.52,223.105
2025-10-25_G11_臺北伊斯特_vs_桃園雲豹飛將_set1,8,241.409,249.298,241.909,248.798
2025-10-25_G11_臺北伊斯特_vs_桃園雲豹飛將_set1,9,267.035,280.145,267.535,279.645
2025-10-25_G11_臺北伊斯特_vs_桃園雲豹飛將_set1,10,299.718,308.006,300.218,307.506
2025-10-25_G11_臺北伊斯特_vs_桃園雲豹飛將_set1,11,331.166,342.641,331.666,342.141
2025-10-25_G11_臺北伊斯特_vs_桃園雲豹飛將_set1,12,366.968,377.576,367.468,377.076
2025-10-25_G11_臺北伊斯特_vs_桃園雲豹飛將_set1,13,398.399,402.401,398.899,401.901
2025-10-25_G11_臺北伊斯特_vs_桃園雲豹飛將_set1,14,420.688,426.324,421.188,425.824
2025-10-25_G11_臺北伊斯特_vs_桃園雲豹飛將_set1,15,447.282,454.669,447.782,454.169
2025-10-25_G11_臺北伊斯特_vs_桃園雲豹飛將_set1,16,472.073,488.403,472.606,487.903
2025-10-25_G11_臺北伊斯特_vs_桃園雲豹飛將_set1,17,513.781,521.77,514.281,521.27
2025-10-25_G11_臺北伊斯特_vs_桃園雲豹飛將_set1,18,541.876,554.202,542.376,553.702
2025-10-25_G11_臺北伊斯特_vs_桃園雲豹飛將_set1,19,573.641,580.095,574.141,579.595
2025-10-25_G11_臺北伊斯特_vs_桃園雲豹飛將_set1,20,597.799,612.294,598.299,611.794
2025-10-25_G11_臺北伊斯特_vs_桃園雲豹飛將_set1,21,640.842,650.715,641.342,650.215
2025-10-25_G11_臺北伊斯特_vs_桃園雲豹飛將_set1,22,669.404,676.574,669.904,676.074
2025-10-25_G11_臺北伊斯特_vs_桃園雲豹飛將_set1,23,697.065,703.618,697.565,703.118
2025-10-25_G11_臺北伊斯特_vs_桃園雲豹飛將_set1,24,722.99,742.907,723.49,742.407
2025-10-25_G11_臺北伊斯特_vs_桃園雲豹飛將_set1,25,766.701,774.255,767.201,773.755
2025-10-25_G11_臺北伊斯特_vs_桃園雲豹飛將_set1,26,848.583,856.0,849.083,855.537
2025-10-25_G11_臺北伊斯特_vs_桃園雲豹飛將_set1,27,887.688,908.64,888.188,908.14
2025-10-25_G11_臺北伊斯特_vs_桃園雲豹飛將_set1,28,935.102,939.07,935.602,938.57
2025-10-25_G11_臺北伊斯特_vs_桃園雲豹飛將_set1,29,959.627,970.234,960.127,969.734
2025-10-25_G11_臺北伊斯特_vs_桃園雲豹飛將_set1,30,1006.173,1015.496,1006.673,1014.996
2025-10-25_G11_臺北伊斯特_vs_桃園雲豹飛將_set1,31,1037.037,1051.432,1037.537,1050.932
2025-10-25_G11_臺北伊斯特_vs_桃園雲豹飛將_set1,32,1072.623,1079.477,1073.123,1078.977
2025-10-25_G11_臺北伊斯特_vs_桃園雲豹飛將_set1,33,1099.834,1113.594,1100.334,1113.094
2025-10-25_G11_臺北伊斯特_vs_桃園雲豹飛將_set1,34,1137.454,1143.708,1137.954,1143.208
2025-10-25_G11_臺北伊斯特_vs_桃園雲豹飛將_set1,35,1161.896,1165.78,1162.396,1165.28
2025-10-25_G11_臺北伊斯特_vs_桃園雲豹飛將_set1,36,1187.721,1191.856,1188.221,1191.356
2025-10-25_G11_臺北伊斯特_vs_桃園雲豹飛將_set1,37,1212.146,1229.81,1212.646,1229.31
2025-10-25_G11_臺北伊斯特_vs_桃園雲豹飛將_set1,38,1250.484,1262.46,1250.984,1261.96
2025-10-25_G11_臺北伊斯特_vs_桃園雲豹飛將_set1,39,1283.968,1290.688,1284.468,1290.188
2025-10-25_G11_臺北伊斯特_vs_桃園雲豹飛將_set1,40,1312.613,1320.217,1313.113,1319.717
2025-10-25_G11_臺北伊斯特_vs_桃園雲豹飛將_set1,41,1344.178,1350.448,1344.678,1349.948
2025-10-25_G11_臺北伊斯特_vs_桃園雲豹飛將_set1,42,1375.726,1387.218,1376.226,1386.718
2025-10-25_G11_臺北伊斯特_vs_桃園雲豹飛將_set1,43,1418.435,1427.491,1418.935,1426.991
2025-10-25_G11_臺北伊斯特_vs_桃園雲豹飛將_set1,44,1452.686,1467.548,1453.186,1467.048
2025-10-25_G11_臺北伊斯特_vs_桃園雲豹飛將_set1,45,1491.492,1495.276,1491.992,1494.776
2025-10-25_G12_台鋼天鷹_vs_臺中連莊_set1,1,0.836,7.439,1.336,6.939
2025-10-25_G12_台鋼天鷹_vs_臺中連莊_set1,2,35.837,39.571,36.337,39.071
2025-10-25_G12_台鋼天鷹_vs_臺中連莊_set1,3,65.067,72.004,65.567,71.504
2025-10-25_G12_台鋼天鷹_vs_臺中連莊_set1,4,91.893,99.531,92.393,99.031
2025-10-25_G12_台鋼天鷹_vs_臺中連莊_set1,5,132.334,141.974,132.834,141.474
2025-10-25_G12_台鋼天鷹_vs_臺中連莊_set1,6,170.172,174.306,170.672,173.806
2025-10-25_G12_台鋼天鷹_vs_臺中連莊_set1,7,192.761,198.363,193.261,197.863
2025-10-25_G12_台鋼天鷹_vs_臺中連莊_set1,8,221.823,234.533,222.323,234.033
2025-10-25_G12_台鋼天鷹_vs_臺中連莊_set1,9,283.451,300.499,283.951,299.999
2025-10-25_G12_台鋼天鷹_vs_臺中連莊_set1,10,328.73,335.2,329.23,334.7
2025-10-25_G12_台鋼天鷹_vs_臺中連莊_set1,11,367.836,378.21,368.336,377.71
2025-10-25_G12_台鋼天鷹_vs_臺中連莊_set1,12,403.772,407.773,404.272,407.273
2025-10-25_G12_台鋼天鷹_vs_臺中連莊_set1,13,427.495,436.134,427.995,435.634
2025-10-25_G12_台鋼天鷹_vs_臺中連莊_set1,14,462.73,469.768,463.23,469.268
2025-10-25_G12_台鋼天鷹_vs_臺中連莊_set1,15,494.395,505.504,494.895,505.004
2025-10-25_G12_台鋼天鷹_vs_臺中連莊_set1,16,526.16,533.665,526.66,533.165
2025-10-25_G12_台鋼天鷹_vs_臺中連莊_set1,17,554.389,558.29,554.889,557.79
2025-10-25_G12_台鋼天鷹_vs_臺中連莊_set1,18,574.509,581.746,575.009,581.246
2025-10-25_G12_台鋼天鷹_vs_臺中連莊_set1,19,613.581,620.986,614.081,620.486
2025-10-25_G12_台鋼天鷹_vs_臺中連莊_set1,20,641.309,644.976,641.809,644.476
2025-10-25_G12_台鋼天鷹_vs_臺中連莊_set1,21,668.169,675.507,668.669,675.007
2025-10-25_G12_台鋼天鷹_vs_臺中連莊_set1,22,795.163,802.4,795.663,801.9
2025-10-25_G12_台鋼天鷹_vs_臺中連莊_set1,23,824.458,843.975,824.958,843.475
2025-10-25_G12_台鋼天鷹_vs_臺中連莊_set1,24,931.098,939.437,931.598,938.937
2025-10-25_G12_台鋼天鷹_vs_臺中連莊_set1,25,958.96,970.368,959.46,969.868
2025-10-25_G12_台鋼天鷹_vs_臺中連莊_set1,26,996.597,1008.106,997.097,1007.606
2025-10-25_G12_台鋼天鷹_vs_臺中連莊_set1,27,1032.933,1039.404,1033.433,1038.904
2025-10-25_G12_台鋼天鷹_vs_臺中連莊_set1,28,1127.328,1134.165,1127.828,1133.665
2025-10-25_G12_台鋼天鷹_vs_臺中連莊_set1,29,1164.031,1179.944,1164.531,1179.444
2025-10-25_G12_台鋼天鷹_vs_臺中連莊_set1,30,1290.291,1298.229,1290.791,1297.729
2025-10-25_G12_台鋼天鷹_vs_臺中連莊_set1,31,1383.15,1393.124,1383.65,1392.624
2025-10-25_G12_台鋼天鷹_vs_臺中連莊_set1,32,1421.789,1435.065,1422.289,1434.565
2025-10-25_G12_台鋼天鷹_vs_臺中連莊_set1,36,1463.5,1471.107,1463.697,1470.301
2025-10-25_G12_台鋼天鷹_vs_臺中連莊_set1,33,1496.196,1504.401,1496.696,1503.901
2025-10-25_G12_台鋼天鷹_vs_臺中連莊_set1,34,1559.293,1568.699,1559.793,1568.199
2025-10-25_G12_台鋼天鷹_vs_臺中連莊_set1,35,1595.829,1599.63,1596.329,1599.13
2025-10-26_G13_台鋼天鷹_vs_桃園雲豹飛將_set1,1,4.556,19.868,5.056,19.368
2025-10-26_G13_台鋼天鷹_vs_桃園雲豹飛將_set1,2,36.388,51.683,36.888,51.183
2025-10-26_G13_台鋼天鷹_vs_桃園雲豹飛將_set1,3,77.412,81.713,77.912,81.213
2025-10-26_G13_台鋼天鷹_vs_桃園雲豹飛將_set1,4,97.933,112.111,98.433,111.611
2025-10-26_G13_台鋼天鷹_vs_桃園雲豹飛將_set1,5,131.032,141.94,131.532,141.44
2025-10-26_G13_台鋼天鷹_vs_桃園雲豹飛將_set1,6,164.466,172.504,164.966,172.004
2025-10-26_G13_台鋼天鷹_vs_桃園雲豹飛將_set1,7,191.493,197.329,191.993,196.829
2025-10-26_G13_台鋼天鷹_vs_桃園雲豹飛將_set1,8,219.588,232.698,220.088,232.198
2025-10-26_G13_台鋼天鷹_vs_桃園雲豹飛將_set1,9,255.49,261.994,255.99,261.494
2025-10-26_G13_台鋼天鷹_vs_桃園雲豹飛將_set1,10,279.864,288.32,280.364,287.82
2025-10-26_G13_台鋼天鷹_vs_桃園雲豹飛將_set1,11,310.261,316.848,310.761,316.348
2025-10-26_G13_台鋼天鷹_vs_桃園雲豹飛將_set1,12,340.608,351.583,341.108,351.083
2025-10-26_G13_台鋼天鷹_vs_桃園雲豹飛將_set1,13,376.01,379.778,376.51,379.278
2025-10-26_G13_台鋼天鷹_vs_桃園雲豹飛將_set1,14,401.369,407.339,401.869,406.839
2025-10-26_G13_台鋼天鷹_vs_桃園雲豹飛將_set1,15,430.231,434.332,430.731,433.832
2025-10-26_G13_台鋼天鷹_vs_桃園雲豹飛將_set1,16,449.934,457.789,450.434,457.289
2025-10-26_G13_台鋼天鷹_vs_桃園雲豹飛將_set1,17,473.892,481.062,474.392,480.562
2025-10-26_G13_台鋼天鷹_vs_桃園雲豹飛將_set1,18,500.768,520.435,501.268,519.935
2025-10-26_G13_台鋼天鷹_vs_桃園雲豹飛將_set1,19,541.843,548.947,542.343,548.447
2025-10-26_G13_台鋼天鷹_vs_桃園雲豹飛將_set1,20,569.203,573.004,569.703,572.504
2025-10-26_G13_台鋼天鷹_vs_桃園雲豹飛將_set1,21,593.027,599.23,593.527,598.73
2025-10-26_G13_台鋼天鷹_vs_桃園雲豹飛將_set1,22,622.59,629.761,623.09,629.261
2025-10-26_G13_台鋼天鷹_vs_桃園雲豹飛將_set1,23,729.497,736.668,729.997,736.168
2025-10-26_G13_台鋼天鷹_vs_桃園雲豹飛將_set1,24,758.576,766.131,759.076,765.631
2025-10-26_G13_台鋼天鷹_vs_桃園雲豹飛將_set1,25,846.08,855.453,846.58,854.953
2025-10-26_G13_台鋼天鷹_vs_桃園雲豹飛將_set1,26,877.778,889.237,878.278,888.737
2025-10-26_G13_台鋼天鷹_vs_桃園雲豹飛將_set1,27,911.429,918.383,911.929,917.883
2025-10-26_G13_台鋼天鷹_vs_桃園雲豹飛將_set1,28,939.04,948.63,939.54,948.13
2025-10-26_G13_台鋼天鷹_vs_桃園雲豹飛將_set1,29,971.956,979.977,972.456,979.477
2025-10-26_G13_台鋼天鷹_vs_桃園雲豹飛將_set1,30,999.066,1005.703,999.566,1005.203
2025-10-26_G13_台鋼天鷹_vs_桃園雲豹飛將_set1,31,1027.395,1031.229,1027.895,1030.729
2025-10-26_G13_台鋼天鷹_vs_桃園雲豹飛將_set1,32,1051.385,1058.589,1051.885,1058.089
2025-10-26_G13_台鋼天鷹_vs_桃園雲豹飛將_set1,33,1080.481,1084.048,1080.981,1083.548
2025-10-26_G13_台鋼天鷹_vs_桃園雲豹飛將_set1,34,1105.806,1109.49,1106.306,1108.99
2025-10-26_G13_台鋼天鷹_vs_桃園雲豹飛將_set1,35,1130.231,1144.325,1130.731,1143.825
2025-10-26_G13_台鋼天鷹_vs_桃園雲豹飛將_set1,36,1165.733,1176.541,1166.233,1176.041
2025-10-26_G13_台鋼天鷹_vs_桃園雲豹飛將_set1,37,1269.203,1275.573,1269.703,1275.073
2025-10-26_G13_台鋼天鷹_vs_桃園雲豹飛將_set1,38,1299.249,1305.836,1299.749,1305.336
2025-10-26_G13_台鋼天鷹_vs_桃園雲豹飛將_set1,39,1378.045,1386.967,1378.545,1386.467
2025-10-26_G13_台鋼天鷹_vs_桃園雲豹飛將_set1,40,1405.522,1412.126,1406.022,1411.626
2025-10-26_G13_台鋼天鷹_vs_桃園雲豹飛將_set1,41,1429.696,1440.321,1430.196,1439.821
2025-10-26_G13_台鋼天鷹_vs_桃園雲豹飛將_set1,42,1478.512,1489.954,1479.012,1489.454
2025-10-26_G13_台鋼天鷹_vs_桃園雲豹飛將_set1,43,1554.354,1566.38,1554.854,1565.88
2025-10-26_G13_台鋼天鷹_vs_桃園雲豹飛將_set1,44,1595.862,1611.225,1596.362,1610.725
2025-10-26_G13_台鋼天鷹_vs_桃園雲豹飛將_set1,45,1698.598,1705.969,1699.098,1705.469
2025-10-26_G13_台鋼天鷹_vs_桃園雲豹飛將_set1,46,1730.564,1738.635,1731.064,1738.135
2025-10-26_G13_台鋼天鷹_vs_桃園雲豹飛將_set1,47,1777.794,1790.37,1778.294,1789.87
2025-10-26_G13_台鋼天鷹_vs_桃園雲豹飛將_set1,48,1856.94,1864.494,1857.44,1863.994
2025-10-26_G14_臺北伊斯特_vs_臺中連莊_set1,1,5.757,10.109,6.257,9.609
2025-10-26_G14_臺北伊斯特_vs_臺中連莊_set1,2,28.964,41.974,29.464,41.474
2025-10-26_G14_臺北伊斯特_vs_臺中連莊_set1,3,62.397,70.018,62.897,69.518
2025-10-26_G14_臺北伊斯特_vs_臺中連莊_set1,4,93.028,97.062,93.528,96.562
2025-10-26_G14_臺北伊斯特_vs_臺中連莊_set1,5,123.975,130.229,124.475,129.729
2025-10-26_G14_臺北伊斯特_vs_臺中連莊_set1,6,152.037,158.841,152.537,158.341
2025-10-26_G14_臺北伊斯特_vs_臺中連莊_set1,7,177.295,185.784,177.795,185.284
2025-10-26_G14_臺北伊斯特_vs_臺中連莊_set1,8,204.189,212.711,204.689,212.211
2025-10-26_G14_臺北伊斯特_vs_臺中連莊_set1,9,232.801,236.802,233.301,236.302
2025-10-26_G14_臺北伊斯特_vs_臺中連莊_set1,10,257.225,264.196,257.725,263.696
2025-10-26_G14_臺北伊斯特_vs_臺中連莊_set1,11,287.138,293.342,287.638,292.842
2025-10-26_G14_臺北伊斯特_vs_臺中連莊_set1,12,331.883,343.258,332.383,342.758
2025-10-26_G14_臺北伊斯特_vs_臺中連莊_set1,13,391.626,402.818,392.126,402.318
2025-10-26_G14_臺北伊斯特_vs_臺中連莊_set1,14,422.557,429.194,423.057,428.694
2025-10-26_G14_臺北伊斯特_vs_臺中連莊_set1,15,453.471,460.392,453.971,459.892
2025-10-26_G14_臺北伊斯特_vs_臺中連莊_set1,16,477.462,486.935,477.962,486.435
2025-10-26_G14_臺北伊斯特_vs_臺中連莊_set1,17,511.813,518.9,512.313,518.4
2025-10-26_G14_臺北伊斯特_vs_臺中連莊_set1,18,540.959,548.78,541.459,548.28
2025-10-26_G14_臺北伊斯特_vs_臺中連莊_set1,19,565.9,572.52,566.4,572.02
2025-10-26_G14_臺北伊斯特_vs_臺中連莊_set1,20,647.115,655.537,647.615,655.037
2025-10-26_G14_臺北伊斯特_vs_臺中連莊_set1,21,674.876,684.666,675.376,684.166
2025-10-26_G14_臺北伊斯特_vs_臺中連莊_set1,22,705.106,712.894,705.606,712.394
2025-10-26_G14_臺北伊斯特_vs_臺中連莊_set1,23,737.338,748.48,737.838,747.98
2025-10-26_G14_臺北伊斯特_vs_臺中連莊_set1,24,766.884,782.847,767.384,782.314
2025-10-26_G14_臺北伊斯特_vs_臺中連莊_set1,25,801.853,806.171,802.353,805.671
2025-10-26_G14_臺北伊斯特_vs_臺中連莊_set1,26,824.926,829.077,825.526,828.593
2025-10-26_G14_臺北伊斯特_vs_臺中連莊_set1,27,850.568,883.531,851.068,883.031
2025-10-26_G14_臺北伊斯特_vs_臺中連莊_set1,28,1004.438,1012.677,1004.938,1012.177
2025-10-26_G14_臺北伊斯特_vs_臺中連莊_set1,29,1033.117,1040.671,1033.617,1040.171
2025-10-26_G14_臺北伊斯特_vs_臺中連莊_set1,30,1067.351,1098.346,1067.851,1097.846
2025-10-26_G14_臺北伊斯特_vs_臺中連莊_set1,31,1123.307,1131.279,1123.807,1130.779
2025-10-26_G14_臺北伊斯特_vs_臺中連莊_set1,32,1152.703,1160.191,1153.203,1159.691
2025-10-26_G14_臺北伊斯特_vs_臺中連莊_set1,33,1259.893,1263.694,1260.393,1263.194
2025-10-26_G14_臺北伊斯特_vs_臺中連莊_set1,34,1278.662,1285.599,1279.162,1285.099
2025-10-26_G14_臺北伊斯特_vs_臺中連莊_set1,35,1302.319,1306.771,1302.819,1306.271
2025-10-26_G14_臺北伊斯特_vs_臺中連莊_set1,36,1323.307,1330.461,1323.807,1329.961
2025-10-26_G14_臺北伊斯特_vs_臺中連莊_set1,37,1355.305,1364.3,1355.805,1362.11
2025-10-26_G14_臺北伊斯特_vs_臺中連莊_set1,38,1467.417,1473.437,1467.917,1472.937
2025-10-26_G14_臺北伊斯特_vs_臺中連莊_set1,39,1492.392,1499.647,1492.892,1499.147
2025-10-26_G14_臺北伊斯特_vs_臺中連莊_set1,40,1520.27,1530.077,1520.77,1529.577
2025-10-26_G14_臺北伊斯特_vs_臺中連莊_set1,41,1560.377,1564.478,1560.877,1563.978
2025-10-26_G14_臺北伊斯特_vs_臺中連莊_set1,42,1637.671,1644.708,1638.171,1644.208
2025-10-26_G14_臺北伊斯特_vs_臺中連莊_set1,43,1667.634,1672.069,1668.134,1671.569
2025-10-26_G14_臺北伊斯特_vs_臺中連莊_set1,44,1689.706,1694.224,1690.206,1693.724
2025-10-26_G14_臺北伊斯特_vs_臺中連莊_set1,45,1711.812,1730.36,1712.312,1729.86
2025-10-26_G14_臺北伊斯特_vs_臺中連莊_set1,46,1754.554,1758.906,1755.054,1758.406
2025-10-26_G14_臺北伊斯特_vs_臺中連莊_set1,47,1779.079,1785.983,1779.579,1785.483
2025-11-01_G15_臺中連莊_vs_臺北伊斯特_set1,1,1.036,12.928,1.536,12.428
2025-11-01_G15_臺中連莊_vs_臺北伊斯特_set1,2,35.337,42.024,35.837,41.524
2025-11-01_G15_臺中連莊_vs_臺北伊斯特_set1,3,62.03,89.121,62.53,88.621
2025-11-01_G15_臺中連莊_vs_臺北伊斯特_set1,4,109.778,113.712,110.278,113.212
2025-11-01_G15_臺中連莊_vs_臺北伊斯特_set1,5,132.4,140.239,132.9,139.739
2025-11-01_G15_臺中連莊_vs_臺北伊斯特_set1,6,160.762,167.065,161.262,166.565
2025-11-01_G15_臺中連莊_vs_臺北伊斯特_set1,7,187.255,194.459,187.755,193.959
2025-11-01_G15_臺中連莊_vs_臺北伊斯特_set1,8,212.581,241.506,213.081,241.006
2025-11-01_G15_臺中連莊_vs_臺北伊斯特_set1,9,262.964,279.261,263.464,278.761
2025-11-01_G15_臺中連莊_vs_臺北伊斯特_set1,10,300.819,310.792,301.319,310.292
2025-11-01_G15_臺中連莊_vs_臺北伊斯特_set1,11,470.004,478.493,470.504,477.993
2025-11-01_G15_臺中連莊_vs_臺北伊斯特_set1,12,500.318,504.369,500.818,503.869
2025-11-01_G15_臺中連莊_vs_臺北伊斯特_set1,13,520.522,526.725,521.022,526.225
2025-11-01_G15_臺中連莊_vs_臺北伊斯特_set1,14,542.443,560.892,542.943,560.392
2025-11-01_G15_臺中連莊_vs_臺北伊斯特_set1,15,584.652,591.523,585.152,591.023
2025-11-01_G15_臺中連莊_vs_臺北伊斯特_set1,16,610.278,618.733,610.778,618.233
2025-11-01_G15_臺中連莊_vs_臺北伊斯特_set1,17,637.639,649.18,638.139,648.68
2025-11-01_G15_臺中連莊_vs_臺北伊斯特_set1,18,670.772,679.361,671.272,678.861
2025-11-01_G15_臺中連莊_vs_臺北伊斯特_set1,19,701.536,708.556,702.036,708.056
2025-11-01_G15_臺中連莊_vs_臺北伊斯特_set1,20,729.447,736.267,729.947,735.767
2025-11-01_G15_臺中連莊_vs_臺北伊斯特_set1,21,752.587,759.274,753.087,758.774
2025-11-01_G15_臺中連莊_vs_臺北伊斯特_set1,22,782.65,793.725,783.15,793.225
2025-11-01_G15_臺中連莊_vs_臺北伊斯特_set1,23,810.912,818.016,811.412,817.516
2025-11-01_G15_臺中連莊_vs_臺北伊斯特_set1,24,838.472,845.827,838.972,845.327
2025-11-01_G15_臺中連莊_vs_臺北伊斯特_set1,25,866.267,877.775,866.767,877.275
2025-11-01_G15_臺中連莊_vs_臺北伊斯特_set1,26,898.266,903.034,898.766,902.534
2025-11-01_G15_臺中連莊_vs_臺北伊斯特_set1,27,978.212,983.448,978.712,982.948
2025-11-01_G15_臺中連莊_vs_臺北伊斯特_set1,28,1001.268,1005.103,1001.768,1004.603
2025-11-01_G15_臺中連莊_vs_臺北伊斯特_set1,29,1026.293,1033.915,1026.793,1033.415
2025-11-01_G15_臺中連莊_vs_臺北伊斯特_set1,30,1052.703,1060.074,1053.203,1059.574
2025-11-01_G15_臺中連莊_vs_臺北伊斯特_set1,31,1084.452,1092.306,1084.952,1091.806
2025-11-01_G15_臺中連莊_vs_臺北伊斯特_set1,32,1116.65,1123.8,1117.15,1123.104
2025-11-01_G15_臺中連莊_vs_臺北伊斯特_set1,33,1144.812,1152.149,1145.312,1151.649
2025-11-01_G15_臺中連莊_vs_臺北伊斯特_set1,34,1169.37,1179.861,1169.87,1179.361
2025-11-01_G15_臺中連莊_vs_臺北伊斯特_set1,35,1198.249,1208.289,1198.749,1207.789
2025-11-01_G15_臺中連莊_vs_臺北伊斯特_set1,36,1228.829,1238.0,1229.329,1238.236
2025-11-01_G15_臺中連莊_vs_臺北伊斯特_set1,37,1354.955,1362.326,1355.455,1361.826
2025-11-01_G15_臺中連莊_vs_臺北伊斯特_set1,38,1381.231,1389.737,1381.731,1389.237
2025-11-01_G15_臺中連莊_vs_臺北伊斯特_set1,39,1410.744,1419.083,1411.244,1418.583
2025-11-01_G15_臺中連莊_vs_臺北伊斯特_set1,40,1439.373,1445.443,1439.873,1444.943
2025-11-01_G15_臺中連莊_vs_臺北伊斯特_set1,41,1467.1,1483.681,1467.6,1483.181
2025-11-01_G15_臺中連莊_vs_臺北伊斯特_set1,42,1506.69,1516.313,1507.19,1515.813
2025-11-01_G15_臺中連莊_vs_臺北伊斯特_set1,43,1545.512,1549.28,1546.012,1548.78
2025-11-01_G15_臺中連莊_vs_臺北伊斯特_set1,44,1568.302,1585.015,1568.802,1584.515
2025-11-01_G15_臺中連莊_vs_臺北伊斯特_set1,45,1737.32,1756.236,1737.82,1755.736
2025-11-01_G15_臺中連莊_vs_臺北伊斯特_set1,46,1780.714,1790.487,1781.214,1789.987
2025-11-01_G15_臺中連莊_vs_臺北伊斯特_set1,47,1811.962,1815.779,1812.462,1815.279
2025-11-01_G15_臺中連莊_vs_臺北伊斯特_set1,48,1842.142,1861.291,1842.642,1860.791
2025-11-01_G15_臺中連莊_vs_臺北伊斯特_set1,49,1927.894,1932.095,1928.394,1931.595
2025-11-01_G15_臺中連莊_vs_臺北伊斯特_set1,50,1951.918,1959.189,1952.418,1958.689
2025-11-01_G15_臺中連莊_vs_臺北伊斯特_set1,51,1981.614,1987.284,1982.114,1986.784
2025-11-01_G15_臺中連莊_vs_臺北伊斯特_set1,52,2005.422,2013.66,2005.922,2013.16
2025-11-01_G15_臺中連莊_vs_臺北伊斯特_set1,53,2037.153,2052.265,2037.653,2051.765
2025-11-01_G15_臺中連莊_vs_臺北伊斯特_set1,54,2074.207,2088.051,2074.707,2087.551
2025-11-01_G16_桃園雲豹飛將_vs_台鋼天鷹_set1,1,2.2,8.933,2.7,8.433
2025-11-01_G16_桃園雲豹飛將_vs_台鋼天鷹_set1,2,32.5,38.667,33.0,38.167
2025-11-01_G16_桃園雲豹飛將_vs_台鋼天鷹_set1,3,56.667,62.867,57.167,62.367
2025-11-01_G16_桃園雲豹飛將_vs_台鋼天鷹_set1,4,83.5,100.433,84.0,99.933
2025-11-01_G16_桃園雲豹飛將_vs_台鋼天鷹_set1,5,118.633,126.3,119.133,125.8
2025-11-01_G16_桃園雲豹飛將_vs_台鋼天鷹_set1,6,150.067,155.2,150.567,154.7
2025-11-01_G16_桃園雲豹飛將_vs_台鋼天鷹_set1,7,173.067,181.633,173.567,181.133
2025-11-01_G16_桃園雲豹飛將_vs_台鋼天鷹_set1,8,203.467,216.167,203.967,215.667
2025-11-01_G16_桃園雲豹飛將_vs_台鋼天鷹_set1,9,240.867,244.833,241.367,244.333
2025-11-01_G16_桃園雲豹飛將_vs_台鋼天鷹_set1,10,266.033,272.167,266.533,271.667
2025-11-01_G16_桃園雲豹飛將_vs_台鋼天鷹_set1,11,289.4,296.167,289.9,295.667
2025-11-01_G16_桃園雲豹飛將_vs_台鋼天鷹_set1,12,371.333,379.6,371.833,379.1
2025-11-01_G16_桃園雲豹飛將_vs_台鋼天鷹_set1,13,395.5,404.033,396.0,402.133
2025-11-01_G16_桃園雲豹飛將_vs_台鋼天鷹_set1,14,424.333,443.7,424.833,443.2
2025-11-01_G16_桃園雲豹飛將_vs_台鋼天鷹_set1,15,466.4,470.3,466.9,469.8
2025-11-01_G16_桃園雲豹飛將_vs_台鋼天鷹_set1,16,488.0,494.333,488.5,493.833
2025-11-01_G16_桃園雲豹飛將_vs_台鋼天鷹_set1,17,512.4,516.233,512.9,515.733
2025-11-01_G16_桃園雲豹飛將_vs_台鋼天鷹_set1,18,535.3,543.1,535.8,542.6
2025-11-01_G16_桃園雲豹飛將_vs_台鋼天鷹_set1,19,569.533,573.4,570.033,572.9
2025-11-01_G16_桃園雲豹飛將_vs_台鋼天鷹_set1,20,591.333,595.2,591.833,594.7
2025-11-01_G16_桃園雲豹飛將_vs_台鋼天鷹_set1,21,615.567,628.7,616.067,628.2
2025-11-01_G16_桃園雲豹飛將_vs_台鋼天鷹_set1,22,711.7,725.267,712.2,724.767
2025-11-01_G16_桃園雲豹飛將_vs_台鋼天鷹_set1,23,747.8,757.733,748.3,757.233
2025-11-01_G16_桃園雲豹飛將_vs_台鋼天鷹_set1,24,777.633,783.5,778.133,783.0
2025-11-01_G16_桃園雲豹飛將_vs_台鋼天鷹_set1,25,810.333,817.067,810.833,816.567
2025-11-01_G16_桃園雲豹飛將_vs_台鋼天鷹_set1,26,839.833,846.667,840.333,846.167
2025-11-01_G16_桃園雲豹飛將_vs_台鋼天鷹_set1,27,878.533,885.7,879.033,885.2
2025-11-01_G16_桃園雲豹飛將_vs_台鋼天鷹_set1,28,905.267,914.433,905.767,913.933
2025-11-01_G16_桃園雲豹飛將_vs_台鋼天鷹_set1,29,937.067,949.833,937.567,949.333
2025-11-01_G16_桃園雲豹飛將_vs_台鋼天鷹_set1,30,972.333,985.1,972.833,984.6
2025-11-01_G16_桃園雲豹飛將_vs_台鋼天鷹_set1,31,1008.833,1027.1,1009.333,1026.6
2025-11-01_G16_桃園雲豹飛將_vs_台鋼天鷹_set1,32,1092.767,1113.6,1093.267,1113.1
2025-11-01_G16_桃園雲豹飛將_vs_台鋼天鷹_set1,33,1128.867,1135.967,1129.367,1135.467
2025-11-01_G16_桃園雲豹飛將_vs_台鋼天鷹_set1,34,1157.967,1173.233,1158.467,1172.733
2025-11-01_G16_桃園雲豹飛將_vs_台鋼天鷹_set1,35,1222.167,1232.267,1222.667,1231.767
2025-11-01_G16_桃園雲豹飛將_vs_台鋼天鷹_set1,36,1260.233,1266.033,1260.733,1265.533
2025-11-01_G16_桃園雲豹飛將_vs_台鋼天鷹_set1,37,1300.267,1324.8,1300.767,1324.3
2025-11-01_G16_桃園雲豹飛將_vs_台鋼天鷹_set1,38,1349.067,1355.9,1349.567,1355.4
2025-11-01_G16_桃園雲豹飛將_vs_台鋼天鷹_set1,39,1381.333,1388.3,1381.833,1387.8
2025-11-01_G16_桃園雲豹飛將_vs_台鋼天鷹_set1,40,1411.233,1422.733,1411.733,1422.233
2025-11-01_G16_桃園雲豹飛將_vs_台鋼天鷹_set1,41,1444.7,1450.7,1445.2,1450.2
2025-11-02_G17_桃園雲豹飛將_vs_臺北伊斯特_set1,1,2.854,13.462,3.354,12.962
2025-11-02_G17_桃園雲豹飛將_vs_臺北伊斯特_set1,2,33.301,41.39,33.801,40.89
2025-11-02_G17_桃園雲豹飛將_vs_臺北伊斯特_set1,3,59.628,73.739,60.128,73.239
2025-11-02_G17_桃園雲豹飛將_vs_臺北伊斯特_set1,4,91.093,101.4,91.593,100.916
2025-11-02_G17_桃園雲豹飛將_vs_臺北伊斯特_set1,5,134.302,152.818,134.802,152.318
2025-11-02_G17_桃園雲豹飛將_vs_臺北伊斯特_set1,6,170.605,178.343,171.105,177.843
2025-11-02_G17_桃園雲豹飛將_vs_臺北伊斯特_set1,7,195.197,201.9,195.697,201.4
2025-11-02_G17_桃園雲豹飛將_vs_臺北伊斯特_set1,8,225.327,232.948,225.827,232.448
2025-11-02_G17_桃園雲豹飛將_vs_臺北伊斯特_set1,9,255.89,262.227,256.39,261.727
2025-11-02_G17_桃園雲豹飛將_vs_臺北伊斯特_set1,10,282.951,289.421,283.451,288.921
2025-11-02_G17_桃園雲豹飛將_vs_臺北伊斯特_set1,11,309.21,313.578,309.71,313.078
2025-11-02_G17_桃園雲豹飛將_vs_臺北伊斯特_set1,12,330.715,337.769,331.215,337.269
2025-11-02_G17_桃園雲豹飛將_vs_臺北伊斯特_set1,13,353.521,362.894,354.021,362.394
2025-11-02_G17_桃園雲豹飛將_vs_臺北伊斯特_set1,14,511.112,517.282,511.612,516.782
2025-11-02_G17_桃園雲豹飛將_vs_臺北伊斯特_set1,15,539.474,554.185,539.974,553.685
2025-11-02_G17_桃園雲豹飛將_vs_臺北伊斯特_set1,16,580.798,584.649,581.298,584.149
2025-11-02_G17_桃園雲豹飛將_vs_臺北伊斯特_set1,17,606.407,613.461,606.907,612.961
2025-11-02_G17_桃園雲豹飛將_vs_臺北伊斯特_set1,18,711.329,721.319,711.829,720.819
2025-11-02_G17_桃園雲豹飛將_vs_臺北伊斯特_set1,19,808.576,824.923,809.076,824.423
2025-11-02_G17_桃園雲豹飛將_vs_臺北伊斯特_set1,20,974.308,981.846,974.808,981.346
2025-11-02_G17_桃園雲豹飛將_vs_臺北伊斯特_set1,21,996.564,1000.832,997.064,1000.332
2025-11-02_G17_桃園雲豹飛將_vs_臺北伊斯特_set1,22,1020.755,1025.106,1021.255,1024.606
2025-11-02_G17_桃園雲豹飛將_vs_臺北伊斯特_set1,23,1039.707,1046.511,1040.207,1046.011
2025-11-02_G17_桃園雲豹飛將_vs_臺北伊斯特_set1,24,1068.702,1080.111,1069.202,1079.611
2025-11-02_G17_桃園雲豹飛將_vs_臺北伊斯特_set1,25,1098.833,1117.815,1099.333,1117.315
2025-11-02_G17_桃園雲豹飛將_vs_臺北伊斯特_set1,26,1141.442,1148.462,1141.942,1147.962
2025-11-02_G17_桃園雲豹飛將_vs_臺北伊斯特_set1,27,1170.337,1177.842,1170.837,1177.342
2025-11-02_G17_桃園雲豹飛將_vs_臺北伊斯特_set1,28,1243.36,1250.815,1243.86,1250.315
2025-11-02_G17_桃園雲豹飛將_vs_臺北伊斯特_set1,29,1271.805,1278.976,1272.305,1278.476
2025-11-02_G17_桃園雲豹飛將_vs_臺北伊斯特_set1,30,1300.601,1304.368,1301.101,1303.868
2025-11-02_G17_桃園雲豹飛將_vs_臺北伊斯特_set1,31,1323.59,1330.127,1324.09,1329.627
2025-11-02_G17_桃園雲豹飛將_vs_臺北伊斯特_set1,32,1350.451,1372.37,1350.951,1371.87
2025-11-02_G17_桃園雲豹飛將_vs_臺北伊斯特_set1,33,1393.744,1405.469,1394.244,1404.969
2025-11-02_G17_桃園雲豹飛將_vs_臺北伊斯特_set1,34,1435.402,1447.077,1435.902,1446.577
2025-11-02_G17_桃園雲豹飛將_vs_臺北伊斯特_set1,35,1466.867,1473.587,1467.367,1473.087
2025-11-02_G17_桃園雲豹飛將_vs_臺北伊斯特_set1,36,1495.028,1502.566,1495.528,1502.066
2025-11-02_G17_桃園雲豹飛將_vs_臺北伊斯特_set1,37,1522.456,1529.693,1522.956,1529.193
2025-11-02_G17_桃園雲豹飛將_vs_臺北伊斯特_set1,38,1550.951,1558.906,1551.451,1558.406
2025-11-02_G17_桃園雲豹飛將_vs_臺北伊斯特_set1,39,1575.776,1583.047,1576.276,1582.547
2025-11-02_G17_桃園雲豹飛將_vs_臺北伊斯特_set1,40,1604.304,1615.713,1604.804,1615.213
2025-11-02_G17_桃園雲豹飛將_vs_臺北伊斯特_set1,41,1638.205,1645.042,1638.705,1644.542
2025-11-02_G17_桃園雲豹飛將_vs_臺北伊斯特_set1,42,1662.863,1669.7,1663.363,1669.2
2025-11-02_G17_桃園雲豹飛將_vs_臺北伊斯特_set1,43,1688.955,1704.068,1689.455,1703.568
2025-11-02_G17_桃園雲豹飛將_vs_臺北伊斯特_set1,44,1773.306,1790.954,1773.806,1790.454
2025-11-02_G17_桃園雲豹飛將_vs_臺北伊斯特_set1,45,1827.761,1834.498,1828.261,1833.998
2025-11-02_G17_桃園雲豹飛將_vs_臺北伊斯特_set1,46,1856.356,1863.427,1856.856,1862.927
2025-11-02_G17_桃園雲豹飛將_vs_臺北伊斯特_set1,47,1882.649,1896.56,1883.149,1896.06
2025-11-02_G17_桃園雲豹飛將_vs_臺北伊斯特_set1,48,1943.643,1950.614,1944.143,1950.114
2025-11-02_G17_桃園雲豹飛將_vs_臺北伊斯特_set1,49,2049.349,2055.685,2049.849,2055.185
2025-11-02_G18_臺中連莊_vs_台鋼天鷹_set1,1,1.019,7.756,1.519,7.256
2025-11-02_G18_臺中連莊_vs_台鋼天鷹_set1,2,30.215,36.852,30.715,36.352
2025-11-02_G18_臺中連莊_vs_台鋼天鷹_set1,3,57.275,65.631,57.775,65.131
2025-11-02_G18_臺中連莊_vs_台鋼天鷹_set1,4,86.905,90.789,87.405,90.289
2025-11-02_G18_臺中連莊_vs_台鋼天鷹_set1,5,111.029,118.167,111.529,117.667
2025-11-02_G18_臺中連莊_vs_台鋼天鷹_set1,6,135.303,143.225,135.803,142.725
2025-11-02_G18_臺中連莊_vs_台鋼天鷹_set1,7,164.299,180.028,164.799,179.528
2025-11-02_G18_臺中連莊_vs_台鋼天鷹_set1,8,208.643,219.368,209.143,218.868
2025-11-02_G18_臺中連莊_vs_台鋼天鷹_set1,9,243.428,251.433,243.928,250.933
2025-11-02_G18_臺中連莊_vs_台鋼天鷹_set1,10,272.757,280.429,273.257,279.929
2025-11-02_G18_臺中連莊_vs_台鋼天鷹_set1,11,300.435,311.61,300.935,311.11
2025-11-02_G18_臺中連莊_vs_台鋼天鷹_set1,12,332.5,341.156,333.0,340.656
2025-11-02_G18_臺中連莊_vs_台鋼天鷹_set1,13,362.113,368.867,362.613,368.367
2025-11-02_G18_臺中連莊_vs_台鋼天鷹_set1,14,385.387,392.557,385.887,392.057
2025-11-02_G18_臺中連莊_vs_台鋼天鷹_set1,15,415.166,423.655,415.666,423.155
2025-11-02_G18_臺中連莊_vs_台鋼天鷹_set1,16,447.482,451.233,447.982,450.733
2025-11-02_G18_臺中連莊_vs_台鋼天鷹_set1,17,471.506,475.223,472.006,474.723
2025-11-02_G18_臺中連莊_vs_台鋼天鷹_set1,18,497.048,504.452,497.548,503.952
2025-11-02_G18_臺中連莊_vs_台鋼天鷹_set1,19,524.108,531.813,524.608,531.313
2025-11-02_G18_臺中連莊_vs_台鋼天鷹_set1,20,551.753,571.97,552.253,571.47
2025-11-02_G18_臺中連莊_vs_台鋼天鷹_set1,21,595.913,603.001,596.413,602.501
2025-11-02_G18_臺中連莊_vs_台鋼天鷹_set1,22,618.386,625.59,618.886,625.09
2025-11-02_G18_臺中連莊_vs_台鋼天鷹_set1,23,648.966,652.851,649.466,652.351
2025-11-02_G18_臺中連莊_vs_台鋼天鷹_set1,24,675.193,686.785,675.693,686.285
2025-11-02_G18_臺中連莊_vs_台鋼天鷹_set1,25,709.127,715.83,709.627,715.33
2025-11-02_G18_臺中連莊_vs_台鋼天鷹_set1,26,734.352,741.289,734.852,740.789
2025-11-02_G18_臺中連莊_vs_台鋼天鷹_set1,27,762.847,766.798,763.347,766.298
2025-11-02_G18_臺中連莊_vs_台鋼天鷹_set1,28,785.87,792.874,786.37,792.374
2025-11-02_G18_臺中連莊_vs_台鋼天鷹_set1,29,813.548,821.82,814.048,820.118
2025-11-02_G18_臺中連莊_vs_台鋼天鷹_set1,30,837.371,841.673,837.871,841.173
2025-11-02_G18_臺中連莊_vs_台鋼天鷹_set1,31,863.047,869.45,863.547,868.95
2025-11-02_G18_臺中連莊_vs_台鋼天鷹_set1,32,890.441,897.562,890.941,897.062
2025-11-02_G18_臺中連莊_vs_台鋼天鷹_set1,33,918.819,938.286,919.319,937.786
2025-11-02_G18_臺中連莊_vs_台鋼天鷹_set1,34,957.959,965.346,958.459,964.846
2025-11-02_G18_臺中連莊_vs_台鋼天鷹_set1,35,1034.368,1050.364,1034.868,1049.864
2025-11-02_G18_臺中連莊_vs_台鋼天鷹_set1,36,1185.452,1194.692,1185.952,1194.192
2025-11-02_G18_臺中連莊_vs_台鋼天鷹_set1,37,1214.615,1229.36,1215.115,1228.86
2025-11-02_G18_臺中連莊_vs_台鋼天鷹_set1,38,1251.669,1258.022,1252.169,1257.522
2025-11-02_G18_臺中連莊_vs_台鋼天鷹_set1,39,1293.077,1299.697,1293.577,1299.197
2025-11-02_G18_臺中連莊_vs_台鋼天鷹_set1,40,1321.255,1335.466,1321.755,1334.966
2025-11-02_G18_臺中連莊_vs_台鋼天鷹_set1,41,1467.651,1471.519,1468.151,1471.019
2025-11-02_G18_臺中連莊_vs_台鋼天鷹_set1,42,1495.712,1504.735,1496.212,1504.235
2025-11-02_G18_臺中連莊_vs_台鋼天鷹_set1,43,1542.726,1562.109,1543.226,1561.609
2025-11-02_G18_臺中連莊_vs_台鋼天鷹_set1,44,1584.518,1588.319,1585.018,1587.819
2025-11-02_G18_臺中連莊_vs_台鋼天鷹_set1,45,1612.529,1619.8,1613.029,1619.3
2025-11-02_G18_臺中連莊_vs_台鋼天鷹_set1,46,1684.468,1699.296,1684.968,1698.796
2025-11-08_G19_臺北伊斯特_vs_臺中連莊_set1,1,-0.399,6.422,0.101,5.922
2025-11-08_G19_臺北伊斯特_vs_臺中連莊_set1,2,27.229,33.766,27.729,33.266
2025-11-08_G19_臺北伊斯特_vs_臺中連莊_set1,3,56.742,63.562,57.242,63.062
2025-11-08_G19_臺北伊斯特_vs_臺中連莊_set1,4,81.683,94.026,82.183,93.526
2025-11-08_G19_臺北伊斯特_vs_臺中連莊_set1,5,115.951,126.492,116.451,125.992
2025-11-08_G19_臺北伊斯特_vs_臺中連莊_set1,6,143.228,151.166,143.728,150.666
2025-11-08_G19_臺北伊斯特_vs_臺中連莊_set1,7,182.851,186.685,183.351,186.185
2025-11-08_G19_臺北伊斯特_vs_臺中連莊_set1,8,205.357,212.728,205.857,212.228
2025-11-08_G19_臺北伊斯特_vs_臺中連莊_set1,9,313.348,317.282,313.848,316.782
2025-11-08_G19_臺北伊斯特_vs_臺中連莊_set1,10,333.735,340.706,334.235,340.206
2025-11-08_G19_臺北伊斯特_vs_臺中連莊_set1,11,373.808,388.22,374.308,387.72
2025-11-08_G19_臺北伊斯特_vs_臺中連莊_set1,12,411.613,425.19,412.113,424.69
2025-11-08_G19_臺北伊斯特_vs_臺中連莊_set1,13,458.126,470.135,458.626,469.635
2025-11-08_G19_臺北伊斯特_vs_臺中連莊_set1,14,486.871,495.46,487.371,494.96
2025-11-08_G19_臺北伊斯特_vs_臺中連莊_set1,15,513.748,535.834,514.248,535.334
2025-11-08_G19_臺北伊斯特_vs_臺中連莊_set1,16,561.546,569.134,562.046,568.634
2025-11-08_G19_臺北伊斯特_vs_臺中連莊_set1,17,734.001,741.956,734.501,741.456
2025-11-08_G19_臺北伊斯特_vs_臺中連莊_set1,18,761.529,767.682,762.029,767.182
2025-11-08_G19_臺北伊斯特_vs_臺中連莊_set1,19,784.719,792.907,785.219,792.407
2025-11-08_G19_臺北伊斯特_vs_臺中連莊_set1,20,819.403,827.942,819.903,827.442
2025-11-08_G19_臺北伊斯特_vs_臺中連莊_set1,21,851.402,859.991,851.902,859.491
2025-11-08_G19_臺北伊斯特_vs_臺中連莊_set1,22,877.995,887.869,878.495,887.369
2025-11-08_G19_臺北伊斯特_vs_臺中連莊_set1,23,912.78,918.416,913.28,917.916
2025-11-08_G19_臺北伊斯特_vs_臺中連莊_set1,24,938.656,945.126,939.156,944.626
2025-11-08_G19_臺北伊斯特_vs_臺中連莊_set1,25,965.666,969.617,966.166,969.117
2025-11-08_G19_臺北伊斯特_vs_臺中連莊_set1,26,985.77,995.159,986.27,994.659
2025-11-08_G19_臺北伊斯特_vs_臺中連莊_set1,27,1013.781,1021.102,1014.281,1020.602
2025-11-08_G19_臺北伊斯特_vs_臺中連莊_set1,28,1039.573,1043.825,1040.073,1043.325
2025-11-08_G19_臺北伊斯特_vs_臺中連莊_set1,29,1059.326,1067.014,1059.826,1066.514
2025-11-08_G19_臺北伊斯特_vs_臺中連莊_set1,30,1085.152,1103.651,1085.652,1103.151
2025-11-08_G19_臺北伊斯特_vs_臺中連莊_set1,31,1166.083,1179.81,1166.583,1179.31
2025-11-08_G19_臺北伊斯特_vs_臺中連莊_set1,32,1197.164,1204.018,1197.664,1203.518
2025-11-08_G19_臺北伊斯特_vs_臺中連莊_set1,33,1225.476,1237.151,1225.976,1236.651
2025-11-08_G19_臺北伊斯特_vs_臺中連莊_set1,34,1258.092,1264.895,1258.592,1264.395
2025-11-08_G19_臺北伊斯特_vs_臺中連莊_set1,35,1285.452,1292.29,1285.952,1291.79
2025-11-08_G19_臺北伊斯特_vs_臺中連莊_set1,36,1315.632,1343.974,1316.132,1343.474
2025-11-08_G19_臺北伊斯特_vs_臺中連莊_set1,37,1371.438,1378.509,1371.938,1378.009
2025-11-08_G19_臺北伊斯特_vs_臺中連莊_set1,38,1403.921,1411.058,1404.421,1410.558
2025-11-08_G19_臺北伊斯特_vs_臺中連莊_set1,39,1431.682,1438.402,1432.182,1437.902
2025-11-08_G19_臺北伊斯特_vs_臺中連莊_set1,40,1457.357,1473.154,1457.857,1472.654
2025-11-08_G19_臺北伊斯特_vs_臺中連莊_set1,41,1496.697,1500.814,1497.197,1500.314
2025-11-08_G19_臺北伊斯特_vs_臺中連莊_set1,42,1522.756,1531.145,1523.256,1530.645
2025-11-08_G19_臺北伊斯特_vs_臺中連莊_set1,43,1556.64,1563.494,1557.14,1562.994
2025-11-08_G19_臺北伊斯特_vs_臺中連莊_set1,44,1583.083,1603.801,1583.583,1603.301
2025-11-08_G19_臺北伊斯特_vs_臺中連莊_set1,45,1628.178,1655.519,1628.678,1655.019
2025-11-08_G19_臺北伊斯特_vs_臺中連莊_set1,46,1699.549,1705.085,1700.049,1704.585
2025-11-08_G19_臺北伊斯特_vs_臺中連莊_set1,47,1771.705,1777.0,1772.205,1774.772
2025-11-08_G19_臺北伊斯特_vs_臺中連莊_set1,48,1807.457,1814.728,1807.957,1814.228
2025-11-08_G20_桃園雲豹飛將_vs_台鋼天鷹_set1,1,2.371,19.018,2.871,18.518
2025-11-08_G20_桃園雲豹飛將_vs_台鋼天鷹_set1,2,39.491,47.146,39.991,46.646
2025-11-08_G20_桃園雲豹飛將_vs_台鋼天鷹_set1,3,66.418,70.836,66.918,70.336
2025-11-08_G20_桃園雲豹飛將_vs_台鋼天鷹_set1,4,86.288,102.668,86.788,102.168
2025-11-08_G20_桃園雲豹飛將_vs_台鋼天鷹_set1,5,125.961,140.572,126.461,140.072
2025-11-08_G20_桃園雲豹飛將_vs_台鋼天鷹_set1,6,161.563,165.43,162.063,164.93
2025-11-08_G20_桃園雲豹飛將_vs_台鋼天鷹_set1,7,186.955,192.958,187.455,192.458
2025-11-08_G20_桃園雲豹飛將_vs_台鋼天鷹_set1,8,217.085,224.406,217.585,223.906
2025-11-08_G20_桃園雲豹飛將_vs_台鋼天鷹_set1,9,327.262,334.316,327.762,333.816
2025-11-08_G20_桃園雲豹飛將_vs_台鋼天鷹_set1,10,354.255,365.664,354.755,365.164
2025-11-08_G20_桃園雲豹飛將_vs_台鋼天鷹_set1,11,386.855,393.859,387.355,393.359
2025-11-08_G20_桃園雲豹飛將_vs_台鋼天鷹_set1,12,416.451,431.463,416.951,430.963
2025-11-08_G20_桃園雲豹飛將_vs_台鋼天鷹_set1,13,453.054,456.888,453.554,456.388
2025-11-08_G20_桃園雲豹飛將_vs_台鋼天鷹_set1,14,479.063,500.565,479.563,500.065
2025-11-08_G20_桃園雲豹飛將_vs_台鋼天鷹_set1,15,521.122,531.062,521.622,530.562
2025-11-08_G20_桃園雲豹飛將_vs_台鋼天鷹_set1,16,549.551,564.562,550.051,564.062
2025-11-08_G20_桃園雲豹飛將_vs_台鋼天鷹_set1,17,585.637,589.354,586.137,588.854
2025-11-08_G20_桃園雲豹飛將_vs_台鋼天鷹_set1,18,658.376,665.663,658.876,665.163
2025-11-08_G20_桃園雲豹飛將_vs_台鋼天鷹_set1,19,687.321,693.925,687.821,693.425
2025-11-08_G20_桃園雲豹飛將_vs_台鋼天鷹_set1,20,720.555,726.725,721.055,726.225
2025-11-08_G20_桃園雲豹飛將_vs_台鋼天鷹_set1,21,740.892,744.826,741.392,744.326
2025-11-08_G20_桃園雲豹飛將_vs_台鋼天鷹_set1,22,764.432,772.003,764.932,771.503
2025-11-08_G20_桃園雲豹飛將_vs_台鋼天鷹_set1,23,787.889,791.923,788.389,791.423
2025-11-08_G20_桃園雲豹飛將_vs_台鋼天鷹_set1,24,811.012,821.402,811.512,820.902
2025-11-08_G20_桃園雲豹飛將_vs_台鋼天鷹_set1,25,847.548,862.06,848.048,861.56
2025-11-08_G20_桃園雲豹飛將_vs_台鋼天鷹_set1,26,889.09,896.06,889.59,895.56
2025-11-08_G20_桃園雲豹飛將_vs_台鋼天鷹_set1,27,915.166,921.703,915.666,921.203
2025-11-08_G20_桃園雲豹飛將_vs_台鋼天鷹_set1,28,942.393,950.431,942.893,949.931
2025-11-08_G20_桃園雲豹飛將_vs_台鋼天鷹_set1,29,979.18,986.985,979.68,985.734
2025-11-08_G20_桃園雲豹飛將_vs_台鋼天鷹_set1,30,1011.479,1019.65,1011.979,1019.15
2025-11-08_G20_桃園雲豹飛將_vs_台鋼天鷹_set1,31,1048.616,1056.07,1049.116,1055.57
2025-11-08_G20_桃園雲豹飛將_vs_台鋼天鷹_set1,32,1075.576,1083.431,1076.076,1082.931
2025-11-08_G20_桃園雲豹飛將_vs_台鋼天鷹_set1,33,1108.375,1128.376,1108.875,1127.876
2025-11-08_G20_桃園雲豹飛將_vs_台鋼天鷹_set1,34,1177.261,1181.479,1177.761,1180.979
2025-11-08_G20_桃園雲豹飛將_vs_台鋼天鷹_set1,35,1199.867,1219.617,1200.367,1219.117
2025-11-08_G20_桃園雲豹飛將_vs_台鋼天鷹_set1,36,1253.17,1270.801,1253.67,1270.301
2025-11-08_G20_桃園雲豹飛將_vs_台鋼天鷹_set1,37,1351.318,1356.353,1351.818,1355.853
2025-11-08_G20_桃園雲豹飛將_vs_台鋼天鷹_set1,38,1382.116,1389.353,1382.616,1388.853
2025-11-08_G20_桃園雲豹飛將_vs_台鋼天鷹_set1,39,1417.651,1424.188,1418.151,1423.688
2025-11-08_G20_桃園雲豹飛將_vs_台鋼天鷹_set1,40,1445.879,1452.95,1446.379,1452.45
2025-11-08_G20_桃園雲豹飛將_vs_台鋼天鷹_set1,41,1473.941,1488.886,1474.441,1488.386
2025-11-08_G20_桃園雲豹飛將_vs_台鋼天鷹_set1,42,1511.178,1517.431,1511.678,1516.931
2025-11-08_G20_桃園雲豹飛將_vs_台鋼天鷹_set1,43,1541.008,1547.378,1541.508,1546.878
20250413 霖度C-5,1,133.6,150.267,134.1,149.767
20250413 霖度C-5,2,162.033,174.4,162.533,173.9
20250413 霖度C-5,3,180.267,254.567,180.767,254.067
20250413 霖度C-5,4,269.5,273.9,270.0,273.4
20250413 霖度C-5,5,281.867,294.067,282.367,293.567
20250413 霖度C-5,6,300.367,304.533,300.867,304.033
20250413 霖度C-5,7,311.733,323.5,312.233,323.0
20250413 霖度C-5,8,335.667,340.467,336.167,339.967
20250413 霖度C-5,9,346.6,360.6,347.1,360.1
20250413 霖度C-5,10,365.4,386.3,365.9,385.8
20250413 霖度C-5,11,393.9,402.267,394.4,401.767
20250413 霖度C-5,12,412.167,424.2,412.667,423.7
20250413 霖度C-5,13,435.7,460.433,436.2,459.933
20250413 霖度C-5,14,467.233,478.433,467.733,477.933
20250413 霖度C-5,15,485.8,489.633,486.3,489.133
20250413 霖度C-5,16,493.167,531.6,493.667,531.1
20250413 霖度C-5,17,540.8,554.5,541.3,554.0
20250413 霖度C-5,18,568.067,573.5,568.567,573.0
20250413 霖度C-5,19,584.167,591.967,584.667,591.467
20250413 霖度C-5,20,602.3,610.733,602.8,610.233
20250413 霖度C-5,21,617.667,634.667,618.167,634.167
20250413 霖度C-5,22,646.533,651.033,647.033,650.533
20250413 霖度C-5,23,658.633,666.3,659.133,665.8
20250413 霖度C-5,24,674.967,696.667,675.467,696.167
20250413 霖度C-5,25,702.667,709.633,703.167,709.133
20250413 霖度C-5,26,712.767,722.133,713.267,721.633
20250413 霖度C-5,27,736.7,746.167,737.2,745.667
20250413 霖度C-5,28,757.367,786.433,757.867,785.933
20250413 霖度C-5,29,796.733,801.167,797.233,800.667
20250413 霖度C-5,30,810.2,819.1,810.7,818.6
20250413 霖度C-5,31,833.967,849.3,834.467,848.8
20250413 霖度C-5,32,856.667,865.233,857.167,864.733
20250413 霖度C-5,33,876.167,881.433,876.667,880.933
20250413 霖度C-5,34,888.533,902.933,889.033,902.433
20250413 霖度C-5,35,911.0,934.3,911.5,933.8
20250413 霖度C-5,36,941.333,949.4,941.833,948.9
20250413 霖度C-5,37,954.833,971.0,955.333,970.5
20250413 霖度C-5,38,985.533,989.433,986.033,988.933
20250413 霖度C-5,39,997.3,1005.633,997.8,1005.133
20250413 霖度C-5,40,1017.233,1025.233,1017.733,1024.733
20250413 霖度C-5,41,1032.467,1036.667,1032.967,1036.167
20250413 霖度C-5,42,1045.1,1053.3,1045.6,1052.8
20250413 霖度C-5,43,1060.567,1081.067,1061.067,1080.567
20250420 霖度C-1,1,79.6,87.7,80.1,87.2
20250420 霖度C-1,2,93.933,110.0,94.433,109.5
20250420 霖度C-1,3,117.533,129.067,118.033,128.567
20250420 霖度C-1,4,138.133,142.5,138.633,142.0
20250420 霖度C-1,5,154.967,166.5,155.467,166.0
20250420 霖度C-1,6,179.6,187.167,180.1,186.667
20250420 霖度C-1,7,194.967,207.6,195.467,207.1
20250420 霖度C-1,8,219.067,230.233,219.567,229.733
20250420 霖度C-1,9,242.967,254.533,243.467,254.033
20250420 霖度C-1,10,263.767,272.933,264.267,272.433
20250420 霖度C-1,11,282.367,286.3,282.867,285.8
20250420 霖度C-1,12,292.9,311.633,293.4,311.133
20250420 霖度C-1,13,319.467,323.7,319.967,323.2
20250420 霖度C-1,14,329.0,337.3,329.5,336.8
20250420 霖度C-1,15,343.2,347.833,343.7,347.333
20250420 霖度C-1,16,353.067,361.633,353.567,361.133
20250420 霖度C-1,17,367.767,388.4,368.267,387.9
20250420 霖度C-1,18,398.033,409.2,398.533,408.7
20250420 霖度C-1,19,417.4,424.767,417.9,424.267
20250420 霖度C-1,20,436.7,446.367,437.2,445.867
20250420 霖度C-1,21,457.367,494.967,457.867,494.467
20250420 霖度C-1,22,513.1,533.433,513.6,532.933
20250420 霖度C-1,23,545.333,552.333,545.833,551.833
20250420 霖度C-1,24,562.5,593.467,563.0,592.967
20250420 霖度C-1,25,604.933,613.7,605.433,613.2
20250420 霖度C-1,26,630.3,639.733,630.8,639.233
20250420 霖度C-1,27,648.5,657.3,649.0,656.8
20250420 霖度C-1,28,665.2,682.8,665.7,682.3
20250420 霖度C-1,29,690.267,707.3,690.767,706.8
20250420 霖度C-1,30,716.933,721.533,717.433,721.033
20250420 霖度C-1,31,730.067,737.0,730.567,736.5
20250420 霖度C-1,32,743.333,750.867,743.833,750.367
20250420 霖度C-1,33,759.467,771.633,759.967,771.133
20250420 霖度C-1,34,784.2,796.133,784.7,795.633
20250420 霖度C-1,35,804.9,812.767,805.4,812.267
20250420 霖度C-1,36,818.6,830.167,819.1,829.667
20250420 霖度C-1,37,838.133,850.167,838.633,849.667
20250420 霖度C-1,38,857.433,863.467,857.933,862.967
20250420 霖度C-1,39,869.467,876.833,869.967,876.333
20250420 霖度C-1,40,882.767,893.667,883.267,893.167
20250420 霖度C-1,41,899.067,905.467,899.567,904.967
20250420 霖度C-1,42,912.833,920.267,913.333,919.767
20250420 霖度C-1,43,932.767,948.267,933.267,947.767
20250420 霖度C-1,44,958.767,969.867,959.267,969.367
20250420 霖度C-1,45,981.133,989.5,981.633,989.0
20250424 排島惡館-6,1,21.656,40.672,22.156,40.172
20250424 排島惡館-6,2,47.082,55.721,47.582,55.221
20250424 排島惡館-6,3,64.833,73.505,65.333,73.005
20250424 排島惡館-6,4,77.746,90.956,78.246,90.456
20250424 排島惡館-6,5,99.668,112.144,100.168,111.644
20250424 排島惡館-6,6,124.493,140.939,124.993,140.439
20250424 排島惡館-6,7,149.284,158.223,149.784,157.723
20250424 排島惡館-6,8,165.033,178.844,165.533,178.344
20250424 排島惡館-6,9,188.49,198.463,188.99,197.963
20250424 排島惡館-6,10,206.241,215.113,206.741,214.613
20250424 排島惡館-6,11,228.83,233.232,229.33,232.732
20250424 排島惡館-6,12,238.807,252.017,239.307,251.517
20250424 排島惡館-6,13,256.825,266.064,257.325,265.564
20250424 排島惡館-6,14,275.61,283.915,276.11,283.415
20250424 排島惡館-6,15,288.857,292.824,289.357,292.324
20250424 排島惡館-6,16,297.565,306.171,298.065,305.671
20250424 排島惡館-6,17,309.978,318.517,310.478,318.017
20250424 排島惡館-6,18,325.26,329.661,325.76,329.161
20250424 排島惡館-6,19,335.904,345.243,336.404,344.743
20250424 排島惡館-6,20,352.32,369.234,352.82,368.734
20250424 排島惡館-6,21,379.614,397.262,380.114,396.762
20250424 排島惡館-6,22,403.838,413.478,404.338,412.978
20250424 排島惡館-6,23,445.547,453.118,446.047,452.618
20250424 排島惡館-6,24,459.594,463.628,460.094,463.128
20250424 排島惡館-6,25,471.206,475.674,471.706,475.174
20250424 排島惡館-6,26,482.05,493.859,482.55,493.359
20250424 排島惡館-6,27,502.003,512.31,502.503,511.81
20250424 排島惡館-6,28,522.557,527.025,523.057,526.525
20250424 排島惡館-6,29,534.435,538.637,534.935,538.137
20250424 排島惡館-6,30,554.389,569.634,554.889,569.134
20250424 排島惡館-6,31,579.047,596.428,579.547,595.928
20250424 排島惡館-6,32,603.137,610.842,603.637,610.342
20250424 排島惡館-6,33,615.516,619.884,616.016,619.384
20250424 排島惡館-6,34,627.095,644.576,627.595,644.076
20250424 排島惡館-6,35,660.161,669.067,660.661,668.567
20250424 排島惡館-6,36,682.583,691.256,683.083,690.756
20250424 排島惡館-6,37,704.872,713.745,705.372,713.245
20250424 排島惡館-6,38,720.321,731.429,720.821,730.929
20250424 排島惡館-6,39,739.907,748.813,740.407,748.313
20250424 排島惡館-6,40,757.725,787.485,758.225,786.985
20250424 排島惡館-6,41,803.604,823.354,804.104,822.854
20250424 排島惡館-6,42,835.803,845.443,836.303,844.943
20250424 排島惡館-6,43,855.823,865.864,856.323,865.364
20250424 排島惡館-7,1,125.861,141.44,126.361,140.94
20250424 排島惡館-7,2,149.818,154.786,150.318,154.286
20250424 排島惡館-7,3,161.029,166.532,161.529,166.032
20250424 排島惡館-7,4,172.908,181.113,173.408,180.613
20250424 排島惡館-7,5,183.952,189.955,184.452,189.455
20250424 排島惡館-7,6,195.73,216.682,196.23,216.182
20250424 排島惡館-7,7,223.692,246.311,224.192,245.811
20250424 排島惡館-7,8,254.189,266.064,254.689,265.564
20250424 排島惡館-7,9,274.676,288.387,275.176,287.887
20250424 排島惡館-7,10,295.463,303.769,295.963,303.269
20250424 排島惡館-7,11,314.649,323.255,315.149,322.755
20250424 排島惡館-7,12,335.603,352.517,336.103,352.017
20250424 排島惡館-7,13,361.029,365.564,361.529,365.064
20250424 排島惡館-7,14,373.608,385.45,374.108,384.95
20250424 排島惡館-7,15,393.828,402.0,394.328,401.5
20250424 排島惡館-7,16,406.775,415.147,407.275,414.647
20250424 排島惡館-7,17,419.387,428.727,419.887,428.227
20250424 排島惡館-7,18,438.239,444.576,438.739,444.076
20250424 排島惡館-7,19,451.586,465.931,452.086,465.431
20250424 排島惡館-7,20,472.474,478.41,472.974,477.91
20250424 排島惡館-7,21,484.185,505.07,484.685,504.57
20250424 排島惡館-7,22,512.514,521.086,513.014,520.586
20250424 排島惡館-7,23,532.834,543.308,533.334,542.808
20250424 排島惡館-7,24,551.052,564.763,551.552,564.263
20250424 排島惡館-7,25,572.507,584.616,573.007,584.116
20250424 排島惡館-7,26,589.157,593.625,589.657,593.125
20250424 排島惡館-7,27,600.702,613.044,601.202,612.544
20250424 排島惡館-7,28,619.22,627.726,619.72,627.226
20250424 排島惡館-7,29,630.999,635.834,631.499,635.334
20250424 排島惡館-7,30,645.046,657.122,645.546,656.622
20250424 排島惡館-7,31,664.265,672.837,664.732,672.337
20250424 排島惡館-7,32,680.948,690.855,681.448,690.355
20250424 排島惡館-7,33,699.967,704.502,700.467,704.002
20250424 排島惡館-7,34,712.547,733.431,713.047,732.931
20250424 排島惡館-7,35,744.512,759.057,745.012,758.557
20250424 排島惡館-7,36,766.501,773.838,767.001,773.338
20250424 排島惡館-8,1,93.795,116.215,94.295,115.715
20250424 排島惡館-8,2,123.058,131.897,123.558,131.397
20250424 排島惡館-8,3,142.244,148.847,142.744,148.347
20250424 排島惡館-8,4,160.495,173.372,160.995,172.872
20250424 排島惡館-8,5,179.781,193.325,180.281,192.825
20250424 排島惡館-8,6,202.237,214.179,202.737,213.679
20250424 排島惡館-8,7,222.924,238.904,223.424,238.404
20250424 排島惡館-8,8,249.684,262.094,250.184,261.594
20250424 排島惡館-8,9,270.672,283.682,271.172,283.182
20250424 排島惡館-8,10,296.364,304.469,296.864,303.969
20250424 排島惡館-8,11,310.779,318.25,311.279,317.75
20250424 排島惡館-8,12,326.227,335.567,326.727,335.067
20250424 排島惡館-8,13,344.412,353.752,344.912,353.252
20250424 排島惡館-8,14,366.067,370.502,366.567,370.002
20250424 排島惡館-8,15,377.145,386.618,377.645,386.118
20250424 排島惡館-8,16,391.493,399.698,391.993,399.198
20250424 排島惡館-8,17,405.34,420.619,405.84,420.119
20250424 排島惡館-8,18,426.161,453.285,426.661,452.785
20250424 排島惡館-8,19,461.663,470.101,462.163,469.601
20250424 排島惡館-8,20,477.078,489.354,477.578,488.854
20250424 排島惡館-8,21,498.566,507.105,499.066,506.605
20250424 排島惡館-8,22,512.447,537.202,512.947,536.702
20250424 排島惡館-8,23,547.181,552.617,547.681,552.117
20250424 排島惡館-8,24,557.058,564.896,557.558,564.396
20250424 排島惡館-8,25,568.77,599.431,569.27,598.931
20250424 排島惡館-8,26,609.677,625.39,610.177,624.89
20250424 排島惡館-8,27,632.033,636.735,632.533,636.235
20250424 排島惡館-8,28,643.711,656.087,644.211,655.587
20250424 排島惡館-8,29,663.831,671.903,664.331,671.403
20250424 排島惡館-8,30,680.882,690.422,681.382,689.922
20250424 排島惡館-8,31,699.2,707.605,699.7,707.105
20250424 排島惡館-8,32,715.216,719.384,715.716,718.884
20250424 排島惡館-8,33,730.565,748.513,731.065,748.013
20250424 排島惡館-8,34,759.961,764.162,760.461,763.662
20250424 排島惡館-8,35,773.708,777.942,774.208,777.442
20250424 排島惡館-8,36,784.118,793.191,784.618,792.691
20250424 排島惡館-8,37,804.806,813.244,805.306,812.744
20250424 排島惡館-8,38,824.492,829.561,824.992,829.061
20250424 排島惡館-8,39,839.04,847.011,839.54,846.511
20250424 排島惡館-8,40,856.023,864.329,856.523,863.829
20250424 排島惡館-8,41,877.378,890.288,877.878,889.788
20250424 排島惡館-8,42,901.636,909.641,902.136,909.141
20250424 排島惡館-8,43,918.319,927.091,918.819,926.591
20250424 排島惡館-8,44,931.299,951.282,931.799,950.782
20250424 排島惡館-8,45,956.757,972.87,957.257,972.37
20250424 排島惡館-8,46,981.082,995.66,981.582,995.16
20250424 排島惡館-8,47,1001.135,1005.837,1001.635,1005.337
20250424 排島惡館-8,48,1020.287,1028.893,1020.787,1028.393
20250504 大統OB-成功大學vs台北大學B-第二局,1,17.667,38.0,18.167,37.5
20250504 大統OB-成功大學vs台北大學B-第二局,2,52.067,59.733,52.567,59.233
20250504 大統OB-成功大學vs台北大學B-第二局,3,70.167,78.4,70.667,77.9
20250504 大統OB-成功大學vs台北大學B-第二局,4,89.867,104.0,90.367,102.433
20250504 大統OB-成功大學vs台北大學B-第二局,5,115.333,127.1,115.833,126.6
20250504 大統OB-成功大學vs台北大學B-第二局,6,149.833,156.533,150.333,156.033
20250504 大統OB-成功大學vs台北大學B-第二局,7,167.5,177.0,168.0,176.5
20250504 大統OB-成功大學vs台北大學B-第二局,8,187.033,191.833,187.533,191.333
20250504 大統OB-成功大學vs台北大學B-第二局,9,201.267,216.733,201.767,216.233
20250504 大統OB-成功大學vs台北大學B-第二局,10,230.133,246.5,230.633,246.0
20250504 大統OB-成功大學vs台北大學B-第二局,11,259.633,271.5,260.133,271.0
20250504 大統OB-成功大學vs台北大學B-第二局,12,286.6,294.833,287.1,294.333
20250504 大統OB-成功大學vs台北大學B-第二局,13,344.9,350.967,345.4,350.467
20250504 大統OB-成功大學vs台北大學B-第二局,14,358.8,371.4,359.3,370.9
20250504 大統OB-成功大學vs台北大學B-第二局,15,381.6,389.7,382.1,389.2
20250504 大統OB-成功大學vs台北大學B-第二局,16,405.033,444.7,405.533,444.2
20250504 大統OB-成功大學vs台北大學B-第二局,17,458.567,471.267,459.067,470.767
20250504 大統OB-成功大學vs台北大學B-第二局,18,484.5,499.033,485.0,498.533
20250504 大統OB-成功大學vs台北大學B-第二局,19,509.933,521.633,510.433,521.133
20250504 大統OB-成功大學vs台北大學B-第二局,20,539.167,547.233,539.667,546.733
20250504 大統OB-成功大學vs台北大學B-第二局,21,569.533,577.333,570.033,576.833
20250504 大統OB-成功大學vs台北大學B-第二局,22,584.667,593.5,585.167,593.0
20250504 大統OB-成功大學vs台北大學B-第二局,23,603.2,622.367,603.7,621.867
20250504 大統OB-成功大學vs台北大學B-第二局,24,639.833,650.833,640.333,650.333
20250504 大統OB-成功大學vs台北大學B-第二局,25,661.2,668.8,661.7,668.3
20250504 大統OB-成功大學vs台北大學B-第二局,26,681.4,693.233,681.9,692.733
20250504 大統OB-成功大學vs台北大學B-第二局,27,703.967,708.262798,704.467,707.767
20250504 大統OB-成功大學vs台北大學B-第二局,28,720.733,728.467,721.233,727.967
20250504 大統OB-成功大學vs台北大學B-第二局,29,741.833,746.3,742.333,745.8
20250504 大統OB-成功大學vs台北大學B-第二局,30,760.3,772.033,760.8,771.533
20250504 大統OB-成功大學vs台北大學B-第二局,31,782.0,799.033,782.5,798.533
20250504 大統OB-成功大學vs台北大學B-第二局,32,810.067,816.767,810.567,816.267
20250504 大統OB-成功大學vs台北大學B-第二局,33,826.533,831.0,827.033,830.5
20250504 大統OB-成功大學vs台北大學B-第二局,34,841.6,853.267,842.1,852.767
20250504 大統OB-成功大學vs台北大學B-第二局,35,867.9,880.0,868.4,879.5
20250504 大統OB-成功大學vs台北大學B-第二局,36,892.2,908.367,892.7,907.867
20250504 大統OB-成功大學vs台北大學B-第二局,37,932.533,944.933,933.033,944.433
20250504 大統OB-成功大學vs台北大學B-第二局,38,954.033,966.5,954.533,966.0
20250621 排島本館-2,1,55.724,64.029,56.224,63.529
20250621 排島本館-2,2,73.408,105.871,73.908,105.371
20250621 排島本館-2,3,115.183,119.985,115.683,119.485
20250621 排島本館-2,4,127.963,132.698,128.463,132.198
20250621 排島本館-2,5,135.871,140.405,136.371,139.905
20250621 排島本館-2,6,146.815,151.35,147.315,150.85
20250621 排島本館-2,7,156.825,165.998,157.325,165.498
20250621 排島本館-2,8,177.746,185.751,178.246,185.251
20250621 排島本館-2,9,194.062,198.363,194.562,197.863
20250621 排島本館-2,10,207.475,211.877,207.975,211.377
20250621 排島本館-2,11,221.59,226.058,222.09,225.558
20250621 排島本館-2,12,236.504,244.309,237.004,243.809
20250621 排島本館-2,13,249.618,275.674,250.118,275.174
20250621 排島本館-2,14,284.819,296.662,285.319,296.162
20250621 排島本館-2,15,301.536,320.686,302.036,320.186
20250621 排島本館-2,16,330.532,340.872,331.032,340.372
20250621 排島本館-2,17,347.015,351.917,347.515,351.417
20250621 排島本館-2,18,357.492,361.593,357.992,361.093
20250621 排島本館-2,19,368.87,378.71,369.37,378.21
20250621 排島本館-2,20,385.854,393.825,386.354,393.325
20250621 排島本館-2,21,399.167,411.276,399.667,410.776
20250621 排島本館-2,22,419.287,427.692,419.787,427.192
20250621 排島本館-2,23,434.936,440.539,435.436,440.039
20250621 排島本館-2,24,449.284,465.464,449.784,464.964
20250621 排島本館-2,25,470.538,475.04,471.038,474.54
20250621 排島本館-2,26,484.752,493.325,485.252,492.825
20250621 排島本館-2,27,500.235,508.039,500.735,507.539
20250621 排島本館-2,28,512.881,517.682,513.381,517.182
20250621 排島本館-2,29,522.757,527.492,523.257,526.992
20250621 排島本館-2,30,532.066,539.905,532.566,539.405
20250621 排島本館-2,31,551.486,568.767,551.986,568.267
20250621 排島本館-2,32,578.046,589.554,578.546,589.054
20250621 排島本館-2,33,596.998,604.903,597.498,604.403
20250621 排島本館-2,34,611.913,615.847,612.413,615.347
20250621 排島本館-2,35,622.457,630.829,622.957,630.329
20250621 排島本館-2,36,638.94,649.848,639.44,649.348
20250628-霖度C-1,1,34.002,46.211,34.502,45.711
20250628-霖度C-1,2,51.953,81.079,52.453,80.579
20250628-霖度C-1,3,89.558,94.026,90.058,93.526
20250628-霖度C-1,4,97.666,102.167,98.166,101.667
20250628-霖度C-1,5,107.442,115.981,107.942,115.481
20250628-霖度C-1,6,124.893,133.432,125.393,132.932
20250628-霖度C-1,7,139.141,150.816,139.641,150.316
20250628-霖度C-1,8,160.729,167.399,161.229,166.899
20250628-霖度C-1,9,174.242,178.243,174.742,177.743
20250628-霖度C-1,10,184.152,199.765,184.652,199.265
20250628-霖度C-1,11,206.641,216.782,207.141,216.282
20250628-霖度C-1,12,222.791,226.992,223.291,226.492
20250628-霖度C-1,13,235.503,240.172,236.003,239.672
20250628-霖度C-1,14,245.013,249.448,245.513,248.948
20250628-霖度C-1,15,257.993,270.302,258.493,269.802
20250628-霖度C-1,16,278.813,286.818,279.313,286.318
20250628-霖度C-1,17,294.696,317.482,295.196,316.982
20250628-霖度C-1,18,324.059,335.534,324.559,335.034
20250628-霖度C-1,19,341.443,364.129,341.943,363.629
20250628-霖度C-1,20,376.611,385.183,377.111,384.683
20250628-霖度C-1,21,393.161,404.469,393.661,403.969
20250628-霖度C-1,22,423.391,443.975,423.891,443.475
20250628-霖度C-1,23,449.918,457.889,450.418,457.389
20250628-霖度C-1,24,466.334,475.106,466.834,474.606
20250628-霖度C-1,25,484.018,488.186,484.518,487.686
20250628-霖度C-1,26,495.697,517.482,496.197,516.982
20250628-霖度C-1,27,522.991,531.696,523.491,531.196
20250628-霖度C-1,28,537.872,557.489,538.372,556.989
20250628-霖度C-1,29,571.272,580.011,571.772,579.511
20250628-霖度C-1,30,587.956,592.49,588.456,591.99
20250628-霖度C-1,31,604.372,609.274,604.872,608.774
20250628-霖度C-1,32,614.549,653.885,615.049,653.385
20250628-霖度C-1,33,662.764,671.002,663.264,670.502
20250628-霖度C-1,34,679.08,699.998,679.58,699.498
20250628-霖度C-1,35,705.54,711.843,706.04,711.343
20250628-霖度C-1,36,716.184,734.099,716.684,733.599
20250628-霖度C-1,37,742.076,746.611,742.576,746.111
20250628-霖度C-1,38,752.72,764.696,753.22,764.196
20250628-霖度C-1,39,773.875,779.277,774.375,778.777
20250628-霖度C-1,40,785.553,794.058,786.053,793.558
20250628-霖度C-1,41,801.602,815.046,802.102,814.546
20250628-霖度C-1,42,824.392,832.864,824.892,832.364
20250628-霖度C-1,43,837.038,843.474,837.538,842.974
20250628-霖度C-1,44,851.085,859.457,851.585,858.957
20250628-霖度C-1,45,868.536,880.144,869.036,879.644
20250628-霖度C-1,46,887.054,895.326,887.554,894.826
20250628-霖度C-1,47,900.534,911.609,901.034,911.109
20250628-霖度C-1,48,917.051,926.224,917.551,925.724
20250918-排島本館-5,1,33.133,41.667,33.633,41.167
20250918-排島本館-5,2,59.433,88.567,59.933,88.067
20250918-排島本館-5,3,94.9,128.933,95.4,128.433
20250918-排島本館-5,4,139.433,143.967,139.933,143.467
20250918-排島本館-5,5,152.767,157.1,153.267,156.6
20250918-排島本館-5,6,162.3,171.833,162.8,171.333
20250918-排島本館-5,7,179.767,194.033,180.267,193.533
20250918-排島本館-5,8,202.567,211.7,203.067,211.2
20250918-排島本館-5,9,219.733,225.2,220.233,224.7
20250918-排島本館-5,10,237.533,249.5,238.033,249.0
20250918-排島本館-5,11,271.067,288.3,271.567,287.8
20250918-排島本館-5,12,298.767,310.033,299.267,309.533
20250918-排島本館-5,13,319.767,335.6,320.267,335.1
20250918-排島本館-5,14,345.233,350.167,345.733,349.667
20250918-排島本館-5,15,352.9,357.367,353.4,356.867
20250918-排島本館-5,16,363.967,375.933,364.467,375.433
20250918-排島本館-5,17,381.1,410.067,381.6,409.567
20250918-排島本館-5,18,418.367,422.833,418.867,422.333
20250918-排島本館-5,19,430.2,437.767,430.7,437.267
20250918-排島本館-5,20,448.167,485.933,448.667,485.433
20250918-排島本館-5,21,498.633,507.067,499.133,506.567
20250918-排島本館-5,22,512.067,516.0,512.567,515.5
20250918-排島本館-5,23,524.8,529.033,525.3,528.533
20250918-排島本館-5,24,538.767,547.767,539.267,547.267
20250918-排島本館-5,25,558.8,567.3,559.3,566.8
20250918-排島本館-5,26,576.133,589.0,576.633,588.5
20250918-排島本館-5,27,598.0,622.9,598.5,622.4
20250918-排島本館-5,28,631.0,648.167,631.5,647.667
20250918-排島本館-5,29,655.267,666.067,655.767,665.567
20250918-排島本館-5,30,674.667,687.133,675.167,686.633
20250918-排島本館-5,31,693.133,697.667,693.633,697.167
20250918-排島本館-5,32,703.9,720.9,704.4,720.4
20250918-排島本館-5,33,725.733,743.467,726.233,742.967
20250918-排島本館-5,34,754.667,764.4,755.167,763.9
20250918-排島本館-5,35,771.2,808.767,771.7,808.267
20250918-排島本館-5,36,814.367,836.767,814.867,836.267
20250918-排島本館-5,37,845.233,853.167,845.733,852.667
20250918-排島本館-5,38,858.333,870.133,858.833,869.633
20250918-排島本館-5,39,878.4,886.367,878.9,885.867
20250918-排島本館-5,40,899.033,904.567,899.533,904.067
20250918-排島本館-5,41,910.567,918.9,911.067,918.4
20250918-排島本館-5,42,926.367,942.3,926.867,941.8
20250918-排島本館-5,43,950.7,966.9,951.2,966.4
20250918-排島本館-5,44,974.867,983.567,975.367,983.067
20250918-排島本館-5,45,991.967,996.667,992.467,996.167
20251109-排島本館-03,1,77.345,82.981,77.845,82.481
20251109-排島本館-03,2,86.655,91.056,87.155,90.556
20251109-排島本館-03,3,93.862,107.539,94.362,107.039
20251109-排島本館-03,4,115.784,125.791,116.284,125.291
20251109-排島本館-03,5,132.634,141.94,133.134,141.44
20251109-排島本館-03,6,150.919,165.03,151.419,164.53
20251109-排島本館-03,7,172.841,182.514,173.341,182.014
20251109-排島本館-03,8,193.061,201.833,193.561,201.333
20251109-排島本館-03,9,208.977,241.406,209.477,240.906
20251109-排島本館-03,10,250.885,270.869,251.385,270.369
20251109-排島本館-03,11,278.947,290.589,279.447,290.089
20251109-排島本館-03,12,301.67,310.275,302.17,309.775
20251109-排島本館-03,13,318.586,322.688,319.086,322.188
20251109-排島本館-03,14,332.467,347.446,332.967,346.946
20251109-排島本館-03,15,356.758,362.194,357.258,361.694
20251109-排島本館-03,16,367.602,376.141,368.102,375.641
20251109-排島本館-03,17,384.119,388.487,384.619,387.987
20251109-排島本館-03,18,394.562,404.336,395.062,403.836
20251109-排島本館-03,19,413.314,421.553,413.814,421.053
20251109-排島本館-03,20,431.099,439.738,431.599,439.238
20251109-排島本館-03,21,450.151,455.487,450.651,454.987
20251109-排島本館-03,22,459.527,471.636,460.027,471.136
20251109-排島本館-03,23,477.579,486.585,478.079,486.085
20251109-排島本館-03,24,496.397,504.269,496.897,503.769
20251109-排島本館-03,25,515.483,519.918,515.983,519.418
20251109-排島本館-03,26,526.261,547.579,526.761,547.079
20251109-排島本館-03,27,557.859,576.975,558.359,576.475
20251109-排島本館-03,28,587.889,595.627,588.389,595.127
20251109-排島本館-03,29,605.773,613.545,606.273,613.045
20251109-排島本館-03,30,623.057,631.196,623.557,630.696
20251109-排島本館-03,31,635.47,668.6,635.97,668.1
20251109-排島本館-03,32,678.98,691.69,679.48,691.19
20251109-排島本館-03,33,696.964,705.07,697.464,704.57
20251109-排島本館-03,34,711.312,717.882,711.812,717.382
20251109-排島本館-03,35,723.357,731.996,723.857,731.496
20251109-排島本館-03,36,737.271,748.379,737.771,747.879
20251109-排島本館-03,37,754.489,764.763,754.989,764.263
20251109-排島本館-03,38,772.006,779.844,772.506,779.344
20251109-排島本館-03,39,787.421,800.698,787.921,800.198
20251109-排島本館-03,40,810.144,819.584,810.644,819.084
20251109-排島本館-03,41,833.067,841.005,833.567,840.505
20251109-排島本館-03,42,880.214,891.322,880.714,890.822
20251109-排島本館-03,43,901.469,906.971,901.969,906.471
20251109-排島本館-03,44,912.913,934.032,913.413,933.532
20251109-排島本館-03,45,938.172,956.788,938.672,956.288
20251109-排島本館-03,46,963.03,976.274,963.53,975.774
20251109-排島本館-03,47,982.683,1000.465,983.183,999.965
20251109-排島本館-03,48,1007.274,1024.255,1007.774,1023.755
20251227-排島本館-3,1,17.119,25.624,17.585,25.124
20251227-排島本館-3,2,31.433,47.346,31.933,46.846
20251227-排島本館-3,3,54.389,63.529,54.889,63.029
20251227-排島本館-3,4,71.106,80.546,71.606,80.046
20251227-排島本館-3,5,93.762,101.633,94.262,101.133
20251227-排島本館-3,6,106.908,146.712,107.408,146.212
20251227-排島本館-3,7,154.556,162.094,155.056,161.594
20251227-排島本館-3,8,166.801,174.907,167.301,174.407
20251227-排島本館-3,9,181.216,187.753,181.716,187.253
20251227-排島本館-3,10,191.66,200.198,192.16,199.698
20251227-排島本館-3,11,207.576,216.348,208.076,215.848
20251227-排島本館-3,12,225.994,234.199,226.494,233.699
20251227-排島本館-3,13,239.474,251.817,239.974,251.317
20251227-排島本館-3,14,260.895,269.468,261.395,268.968
20251227-排島本館-3,15,274.643,279.278,275.143,278.778
20251227-排島本館-3,16,289.19,293.925,289.69,293.425
20251227-排島本館-3,17,302.17,313.812,302.67,313.312
20251227-排島本館-3,18,324.492,341.44,324.992,340.94
20251227-排島本館-3,19,351.886,360.092,352.386,359.592
20251227-排島本館-3,20,369.771,376.375,370.271,375.875
20251227-排島本館-3,21,385.086,389.154,385.586,388.654
20251227-排島本館-3,22,395.196,403.668,395.696,403.168
20251227-排島本館-3,23,410.011,414.279,410.511,413.779
20251227-排島本館-3,24,421.189,425.423,421.689,424.923
20251227-排島本館-3,25,430.265,454.352,430.765,453.852
20251227-排島本館-3,26,469.804,478.443,470.304,477.943
20251227-排島本館-3,27,482.984,491.156,483.484,490.656
20251227-排島本館-3,28,497.332,512.644,497.832,512.144
20251227-排島本館-3,29,520.088,550.515,520.588,550.015
20251227-排島本館-3,30,557.892,566.264,558.392,565.764
20251227-排島本館-3,31,572.54,580.578,573.04,580.078
20251227-排島本館-3,32,589.724,597.529,590.224,597.029
20251227-排島本館-3,33,604.439,608.74,604.939,608.24
20251227-排島本館-3,34,614.415,622.387,614.915,621.887
20251227-排島本館-3,35,626.06,655.92,626.56,655.42
20251227-排島本館-3,36,666.334,688.987,666.834,688.487
20251227-排島本館-3,37,699.3,704.002,699.8,703.502
20251227-排島本館-3,38,709.277,716.381,709.777,715.881
20251227-排島本館-3,39,731.299,739.204,731.799,738.704
20251227-排島本館-3,40,749.684,767.632,750.184,767.132
20251227-排島本館-3,41,777.745,783.414,778.245,782.914
20251227-排島本館-3,42,795.797,828.359,796.297,827.859
20251227-排島本館-3,43,840.508,844.842,841.008,844.342
20251227-排島本館-3,44,849.851,862.994,850.351,862.494
20251227-排島本館-3,45,871.639,876.908,872.139,876.408
20251227-排島本館-6,1,100.769,108.607,101.269,108.107
20251227-排島本館-6,2,129.03,143.509,129.53,143.009
20251227-排島本館-6,3,151.553,155.687,152.053,155.187
20251227-排島本館-6,4,160.295,164.763,160.795,164.263
20251227-排島本館-6,5,171.273,179.811,171.773,179.311
20251227-排島本館-6,6,185.987,211.743,186.487,211.243
20251227-排島本館-6,7,218.52,226.692,219.02,226.192
20251227-排島本館-6,8,238.707,258.023,239.207,257.523
20251227-排島本館-6,9,262.998,298.397,263.498,297.897
20251227-排島本館-6,10,311.379,319.885,311.879,319.385
20251227-排島本館-6,11,324.726,334.733,325.226,334.233
20251227-排島本館-6,12,340.542,361.66,341.042,361.16
20251227-排島本館-6,13,368.403,372.337,368.903,371.837
20251227-排島本館-6,14,381.382,391.256,381.882,390.756
20251227-排島本館-6,15,397.365,421.386,397.865,420.886
20251227-排島本館-6,16,425.96,430.162,426.46,429.662
20251227-排島本館-6,17,436.104,444.242,436.604,443.742
20251227-排島本館-6,18,451.953,459.891,452.453,459.391
20251227-排島本館-6,19,464.232,472.304,464.732,473.238
20251227-排島本館-6,20,479.747,492.624,480.247,492.124
20251227-排島本館-6,21,499.601,508.273,500.101,507.773
20251227-排島本館-6,22,512.547,522.787,513.047,522.287
20251227-排島本館-6,23,528.897,540.639,529.397,540.139
20251227-排島本館-6,24,549.183,554.92,549.683,554.42
20251227-排島本館-6,25,567.669,573.338,568.169,572.838
20251227-排島本館-6,26,583.651,596.528,584.151,596.028
20251227-排島本館-6,27,602.904,632.23,603.404,631.73
20251227-排島本館-6,28,646.481,683.048,646.981,682.548
20251227-排島本館-6,45,693.1,697.562,693.594,697.062
20251227-排島本館-6,29,704.205,716.681,704.705,716.181
20251227-排島本館-6,30,781.816,801.232,782.316,800.732
20251227-排島本館-6,31,818.152,826.424,818.652,825.924
20251227-排島本館-6,32,834.769,843.141,835.269,842.641
20251227-排島本館-6,33,851.118,868.132,851.618,867.632
20251227-排島本館-6,34,874.842,883.081,875.342,882.581
20251227-排島本館-6,35,886.888,898.463,887.388,897.963
20251227-排島本館-6,36,904.572,913.611,905.072,913.111
20251227-排島本館-6,37,920.988,929.193,921.488,928.693
20251227-排島本館-6,38,937.538,953.284,938.038,952.784
20251227-排島本館-6,39,958.893,971.102,959.393,970.602
20251227-排島本館-6,40,976.377,988.353,976.877,987.853
20251227-排島本館-6,41,994.662,1010.274,995.162,1009.774
20251227-排島本館-6,42,1017.351,1038.736,1017.851,1038.236
20251227-排島本館-6,43,1046.213,1052.617,1046.713,1052.117
20251227-排島本館-6,44,1060.594,1065.563,1061.094,1065.063
20260108-排排棧-01,1,121.556,126.725,122.056,126.225
20260108-排排棧-01,2,136.404,141.139,136.904,140.639
20260108-排排棧-01,3,146.615,165.197,147.115,164.697
20260108-排排棧-01,4,172.007,182.714,172.507,182.214
20260108-排排棧-01,5,189.057,194.56,189.524,194.06
20260108-排排棧-01,6,200.135,204.269,200.635,203.769
20260108-排排棧-01,7,208.543,228.627,209.043,228.127
20260108-排排棧-01,8,236.705,261.36,237.205,260.86
20260108-排排棧-01,9,267.402,309.941,267.902,309.441
20260108-排排棧-01,10,317.319,335.967,317.819,335.467
20260108-排排棧-01,11,341.176,362.327,341.676,361.827
20260108-排排棧-01,12,369.704,374.306,370.204,373.806
20260108-排排棧-01,13,378.747,387.686,379.247,387.186
20260108-排排棧-01,14,390.759,409.608,391.259,409.108
20260108-排排棧-01,15,415.85,423.388,416.35,422.888
20260108-排排棧-01,16,428.096,437.369,428.596,436.869
20260108-排排棧-01,17,445.647,452.083,446.147,451.583
20260108-排排棧-01,18,457.959,462.861,458.459,462.361
20260108-排排棧-01,19,470.605,475.006,471.105,474.506
20260108-排排棧-01,20,481.483,489.821,481.983,489.321
20260108-排排棧-01,21,496.531,504.836,497.031,504.336
20260108-排排棧-01,22,515.316,519.518,515.816,519.018
20260108-排排棧-01,23,527.295,535.333,527.795,534.833
20260108-排排棧-01,24,545.78,574.205,546.28,573.705
20260108-排排棧-01,25,584.852,591.056,585.352,590.556
20260108-排排棧-01,26,601.069,612.344,601.569,611.844
20260108-排排棧-01,27,623.591,628.793,624.091,628.293
20260108-排排棧-01,28,640.375,668.266,640.875,667.766
20260108-排排棧-01,29,679.58,693.324,680.08,692.824
20260108-排排棧-01,30,700.668,705.136,701.168,704.636
20260108-排排棧-01,31,710.144,726.424,710.644,727.192
20260108-排排棧-01,32,734.202,751.416,734.702,750.916
20260108-排排棧-01,33,756.524,761.993,757.024,761.493
20260108-排排棧-01,34,768.136,788.787,768.602,788.287
20260108-排排棧-01,35,796.664,808.84,797.164,808.34
20260108-排排棧-01,36,824.025,849.38,824.525,848.88
20260108-排排棧-01,37,855.389,872.103,855.889,871.603
20260108-排排棧-01,38,883.951,901.165,884.451,900.665
20260321-排島本館-01,1,-0.099,28.927,0.401,28.427
20260321-排島本館-01,2,55.724,64.029,56.224,63.529
20260321-排島本館-01,3,81.883,94.56,82.383,94.06
20260321-排島本館-01,4,105.006,113.045,105.506,112.545
20260321-排島本館-01,5,116.418,129.161,116.918,128.661
20260321-排島本館-01,6,133.735,138.47,134.235,137.97
20260321-排島本館-01,7,142.777,164.196,143.277,163.696
20260321-排島本館-01,8,169.704,183.715,170.204,183.215
20260321-排島本館-01,9,187.255,195.46,187.755,194.96
20260321-排島本館-01,10,211.613,227.96,212.113,227.46
20260321-排島本館-01,11,232.0,263.195,232.5,262.695
20260321-排島本館-01,12,268.303,277.943,268.769,277.443
20260321-排島本館-01,13,282.45,292.024,282.95,291.524
20260321-排島本館-01,14,295.23,310.909,295.73,310.409
20260321-排島本館-01,15,314.983,323.522,315.483,323.022
20260321-排島本館-01,16,333.668,347.145,334.168,346.645
20260321-排島本館-01,17,352.987,365.731,353.487,365.231
20260321-排島本館-01,18,374.909,383.115,375.409,382.615
20260321-排島本館-01,19,393.194,401.433,393.694,400.933
20260321-排島本館-01,20,421.222,448.48,421.722,447.98
20260321-排島本館-01,21,457.826,471.803,458.326,471.303
20260321-排島本館-01,22,479.447,491.089,479.947,490.589
20260321-排島本館-01,23,498.199,512.978,498.699,512.478
20260321-排島本館-01,24,524.726,536.234,525.226,535.734
20260321-排島本館-01,25,559.427,586.685,559.927,586.185
20260321-排島本館-01,26,594.495,599.998,594.995,599.498
20260321-排島本館-01,27,606.808,615.58,607.308,615.08
20260321-排島本館-01,28,625.56,630.362,626.06,629.862
20260321-排島本館-01,29,635.837,648.446,636.337,647.946
20260321-排島本館-01,30,652.82,665.13,653.32,664.63
20260321-排島本館-01,31,673.007,685.55,673.507,685.05
20260321-排島本館-01,32,703.571,711.876,704.071,711.376
20260321-排島本館-01,33,716.184,720.752,716.684,720.252
20260321-排島本館-01,34,727.128,731.463,727.628,730.963
20260321-排島本館-01,35,750.518,758.59,751.018,758.09
20260321-排島本館-01,36,764.098,776.608,764.598,776.108
20260321-排島本館-01,37,792.527,806.171,793.027,805.671
20260321-排島本館-01,38,825.259,833.698,825.759,833.198
20260321-排島本館-01,39,838.339,844.609,838.839,844.109
20260321-排島本館-01,40,850.985,860.859,851.485,860.359
20260321-排島本館-01,41,866.267,870.568,866.767,870.068
20260321-排島本館-01,42,873.975,878.443,874.475,877.943
20260321-排島本館-01,43,886.287,894.659,886.787,894.159
20260321-排島本館-01,44,902.336,913.578,902.836,913.078
20260321-排島本館-01,45,920.655,948.079,921.155,947.579
20260403-霖度C-01_set1,1,54.589,87.753,55.089,87.253
20260403-霖度C-01_set1,2,92.194,127.092,92.694,126.592
20260403-霖度C-01_set1,3,132.634,151.283,133.134,150.783
20260403-霖度C-01_set1,4,161.363,194.159,161.863,193.659
20260403-霖度C-01_set1,5,202.437,218.584,202.937,218.084
20260403-霖度C-01_set1,6,230.832,238.07,231.332,237.57
20260403-霖度C-01_set1,7,245.714,250.215,246.214,249.715
20260403-霖度C-01_set1,8,257.492,270.435,257.992,269.935
20260403-霖度C-01_set1,9,282.05,295.427,282.55,294.927
20260403-霖度C-01_set1,10,306.474,316.181,306.974,315.681
20260403-霖度C-01_set1,11,323.158,334.866,323.658,334.366
20260403-霖度C-01_set1,12,349.617,354.052,350.117,353.552
20260403-霖度C-01_set1,13,360.195,367.933,360.695,367.433
20260403-霖度C-01_set1,14,392.494,400.532,392.994,400.032
20260403-霖度C-01_set1,15,405.84,414.012,406.34,413.512
20260403-霖度C-01_set1,16,420.155,432.097,420.655,431.597
20260403-霖度C-01_set1,17,440.341,445.21,440.841,444.71
20260403-霖度C-01_set1,18,455.423,459.658,455.923,459.158
20260403-霖度C-01_set1,19,464.599,483.748,465.099,483.248
20260403-霖度C-01_set1,20,490.525,494.993,491.025,494.493
20260403-霖度C-01_set1,21,501.102,518.083,501.602,517.583
20260403-霖度C-01_set1,22,526.0,541.506,526.46,541.006
20260403-霖度C-01_set1,23,548.249,555.854,548.749,555.354
20260403-霖度C-01_set1,24,566.668,581.58,567.168,581.08
20260403-霖度C-01_set1,25,593.561,601.533,594.061,601.033
20260403-霖度C-01_set1,26,609.143,621.953,609.643,621.453
20260403-霖度C-01_set1,27,627.595,637.369,628.095,636.869
20260403-霖度C-01_set1,28,645.78,651.483,646.28,650.983
20260403-霖度C-01_set1,29,658.026,668.466,658.526,667.966
20260403-霖度C-01_set1,30,675.877,706.905,676.377,706.405
20260403-霖度C-01_set1,31,711.679,718.917,712.179,718.417
20260403-霖度C-01_set1,32,725.059,746.644,725.559,746.144
20260403-霖度C-01_set1,33,763.698,787.418,764.198,786.918
20260403-霖度C-01_set1,34,797.732,807.972,798.232,807.472
20260403-霖度C-01_set1,35,815.383,834.699,815.883,834.199
20260403-霖度C-01_set1,36,841.108,849.614,841.608,849.114
20260403-霖度C-01_set1,37,861.929,866.231,862.429,865.731
20260403-霖度C-01_set1,38,871.405,888.453,871.905,887.953
20260403-霖度C-01_set1,39,893.761,901.065,894.261,900.565
20260403-霖度C-01_set1,40,906.107,910.842,906.607,910.342
20260403-霖度C-01_set1,41,916.784,932.764,917.284,932.264
20260403-霖度C-01_set1,42,947.114,970.668,947.614,970.168
20260403-霖度C-01_set1,43,979.18,1019.384,979.68,1018.884
20260403-霖度C-01_set1,44,1028.229,1041.706,1028.729,1041.206
20260403-霖度C-01_set1,45,1046.046,1057.688,1046.546,1057.188
20260403-霖度C-01_set1,46,1065.199,1073.805,1065.699,1073.305
20260403-霖度C-01_set1,47,1076.911,1086.851,1077.411,1086.351
20260403-霖度C-01_set1,48,1096.23,1100.465,1096.73,1099.965
20260403-霖度C-01_set1,49,1109.81,1123.054,1110.31,1122.554
20260403-霖度C-01_set1,50,1130.097,1134.899,1130.597,1134.399
20260403-霖度C-01_set1,51,1140.808,1152.35,1141.308,1151.85
20260403-霖度C-02,1,1.57,10.409,2.07,9.909
20260403-霖度C-02,2,19.054,35.167,19.554,34.667
20260403-霖度C-02,3,41.81,54.153,42.31,53.653
20260403-霖度C-02,4,59.828,69.368,60.328,68.868
20260403-霖度C-02,5,76.645,88.754,77.145,88.254
20260403-霖度C-02,6,99.801,105.337,100.301,104.837
20260403-霖度C-02,7,110.078,122.154,110.578,121.654
20260403-霖度C-02,8,130.599,135.0,131.099,134.5
20260403-霖度C-02,9,141.209,145.777,141.709,145.277
20260403-霖度C-02,10,153.255,164.129,153.755,163.629
20260403-霖度C-02,11,173.508,185.517,174.008,185.017
20260403-霖度C-02,12,192.827,215.08,193.327,214.58
20260403-霖度C-02,13,224.96,233.198,225.46,232.698
20260403-霖度C-02,14,239.574,251.283,240.074,250.783
20260403-霖度C-02,15,258.226,271.269,258.726,270.769
20260403-霖度C-02,16,278.48,315.614,278.98,315.114
20260403-霖度C-02,17,326.428,334.666,326.928,334.166
20260403-霖度C-02,18,346.815,359.358,347.315,358.858
20260403-霖度C-02,19,366.0,381.313,366.5,380.813
20260403-霖度C-02,20,386.888,395.227,387.388,394.727
20260403-霖度C-02,21,402.003,410.075,402.503,409.575
20260403-霖度C-02,22,416.584,425.557,417.084,425.057
20260403-霖度C-02,23,431.433,447.946,431.933,447.446
20260403-霖度C-02,24,454.355,459.825,454.855,459.325
20260403-霖度C-02,25,467.302,476.074,467.802,475.574
20260403-霖度C-02,26,480.215,488.954,480.715,488.454
20260403-霖度C-02,27,498.9,504.135,499.4,503.635
20260403-霖度C-02,28,515.917,528.793,516.417,528.293
20260403-霖度C-02,29,536.204,549.748,536.704,549.248
20260403-霖度C-02,30,558.092,574.239,558.592,573.739
20260403-霖度C-02,31,585.62,591.59,586.12,591.09
20260426-小窩-01,1,3.267,25.267,3.767,24.767
20260426-小窩-01,2,37.4,50.867,37.9,50.367
20260426-小窩-01,3,61.033,96.167,61.533,95.667
20260426-小窩-01,4,109.267,122.333,109.767,121.833
20260426-小窩-01,5,130.267,142.133,130.767,141.633
20260426-小窩-01,6,150.367,163.733,150.867,163.233
20260426-小窩-01,7,176.467,188.333,176.967,189.067
20260426-小窩-01,8,192.233,207.933,192.733,207.433
20260426-小窩-01,9,213.2,228.333,213.7,227.833
20260426-小窩-01,10,234.733,251.767,235.233,251.267
20260426-小窩-01,11,256.867,265.0,257.367,264.5
20260426-小窩-01,12,271.333,289.333,271.833,288.833
20260426-小窩-01,13,297.0,320.133,297.5,319.633
20260426-小窩-01,14,328.033,334.533,328.533,334.033
20260426-小窩-01,15,352.167,388.067,352.667,387.567
20260426-小窩-01,16,402.0,413.733,402.5,413.233
20260426-小窩-01,17,422.5,434.6,423.0,434.1
20260426-小窩-01,18,452.067,464.7,452.567,464.2
20260426-小窩-01,19,470.767,479.3,471.267,478.8
20260426-小窩-01,20,484.2,491.7,484.7,491.2
20260426-小窩-01,21,503.467,511.7,503.967,511.2
20260426-小窩-01,22,516.4,531.633,516.9,531.133
20260426-小窩-01,23,553.4,573.3,553.9,572.8
20260426-小窩-01,24,580.9,609.767,581.4,609.267
20260426-小窩-01,25,618.733,627.367,619.233,626.867
20260426-小窩-01,26,638.033,646.7,638.533,646.2
20260426-小窩-01,27,652.9,666.7,653.4,666.2
20260426-小窩-01,28,673.867,706.9,674.367,706.4
20260426-小窩-01,29,718.533,726.367,719.033,725.867
20260426-小窩-01,30,734.7,739.067,735.2,738.567
20260426-小窩-01,31,747.967,788.0,748.467,773.867
20260426-小窩-01,32,802.333,808.467,802.833,807.967
20260426-小窩-01,33,813.933,835.433,814.433,834.933
20260426-小窩-01,34,853.833,870.967,854.333,870.467
20260426-小窩-01,35,878.833,902.067,879.333,901.567
20260426-小窩-01,36,908.533,924.933,909.033,924.433
20260426-小窩-03,1,65.534,70.335,66.034,69.835
20260426-小窩-03,2,77.512,81.814,78.012,81.314
20260426-小窩-03,3,88.19,103.869,88.69,103.369
20260426-小窩-03,4,114.583,122.621,115.083,122.121
20260426-小窩-03,5,125.894,143.775,126.394,143.275
20260426-小窩-03,6,157.659,166.231,158.159,165.731
20260426-小窩-03,7,170.038,178.577,170.538,178.077
20260426-小窩-03,8,184.753,197.729,185.253,197.229
20260426-小窩-03,9,202.537,239.404,203.037,238.904
20260426-小窩-03,10,250.819,273.839,251.319,273.339
20260426-小窩-03,11,284.486,295.193,284.986,294.693
20260426-小窩-03,12,302.604,310.642,303.104,310.142
20260426-小窩-03,13,321.056,337.436,321.556,336.936
20260426-小窩-03,14,351.252,358.09,351.752,357.59
20260426-小窩-03,15,364.532,369.034,365.032,368.534
20260426-小窩-03,16,374.809,408.34,375.309,407.84
20260426-小窩-03,17,418.887,426.892,419.387,426.392
20260426-小窩-03,18,438.94,447.078,439.44,446.578
20260426-小窩-03,19,456.791,465.197,457.291,464.697
20260426-小窩-03,20,469.704,475.574,470.204,475.074
20260426-小窩-03,21,485.22,489.421,485.72,488.921
20260426-小窩-03,22,505.173,535.4,505.673,534.9
20260426-小窩-03,23,542.377,560.892,542.877,560.392
20260426-小窩-03,24,572.04,582.981,572.54,582.481
20260426-小窩-03,25,590.358,624.689,590.858,624.189
20260426-小窩-03,26,636.904,641.806,637.404,641.306
20260426-小窩-03,27,649.417,661.059,649.917,660.559
20260426-小窩-03,28,673.474,684.616,673.974,684.116
20260426-小窩-03,29,696.931,712.31,697.431,711.81
20260426-小窩-03,30,725.193,739.037,725.693,738.537
20260426-小窩-03,31,746.914,755.887,747.414,755.387
20260426-小窩-03,32,764.465,772.537,764.965,772.037
20260426-小窩-03,33,791.025,799.03,791.525,798.53
20260426-小窩-03,34,805.173,817.682,805.673,817.182
20260426-小窩-03,35,825.993,844.342,826.493,843.842
20260426-小窩-03,36,852.987,868.6,853.487,868.1
20260426-小窩-03,37,887.088,894.959,887.588,894.459
20260426-小窩-03,38,904.205,927.492,904.705,926.992
20260426-小窩-03,39,936.103,940.805,936.603,940.305
20260426-小窩-03,40,952.52,995.927,953.02,995.427
20260426-小窩-03,41,1007.308,1015.78,1007.808,1015.28
20260426-小窩-03,42,1022.223,1034.599,1022.723,1034.099
20260502-排島本館-01,1,115.784,125.09,116.284,124.59
20260502-排島本館-01,2,133.902,141.64,134.402,142.208
20260502-排島本館-01,3,157.325,165.097,157.825,164.597
20260502-排島本館-01,4,172.607,181.046,173.107,180.546
20260502-排島本館-01,5,199.868,205.47,200.368,204.97
20260502-排島本館-01,6,211.446,227.559,211.946,227.059
20260502-排島本館-01,7,240.141,244.776,240.641,244.276
20260502-排島本館-01,8,251.219,258.624,251.719,258.124
20260502-排島本館-01,9,275.844,283.715,276.344,283.215
20260502-排島本館-01,10,286.888,295.394,287.388,294.894
20260502-排島本館-01,11,302.57,319.051,303.07,318.551
20260502-排島本館-01,12,328.93,337.302,329.43,336.802
20260502-排島本館-01,13,340.675,344.943,341.175,344.443
20260502-排島本館-01,14,352.253,360.926,352.753,360.426
20260502-排島本館-01,15,373.742,381.947,374.242,381.447
20260502-排島本館-01,16,389.824,399.331,390.324,398.831
20260502-排島本館-01,17,413.681,421.319,414.181,420.819
20260502-排島本館-01,18,430.598,437.836,431.098,437.336
20260502-排島本館-01,19,446.247,453.151,446.747,452.651
20260502-排島本館-01,20,464.466,473.238,464.966,473.739
20260502-排島本館-01,21,484.953,500.465,485.453,499.965
20260502-排島本館-01,22,511.646,524.99,512.146,524.49
20260502-排島本館-01,23,536.137,540.171,536.637,539.671
20260502-排島本館-01,24,546.414,558.256,546.914,557.756
20260502-排島本館-01,25,567.835,574.973,568.335,574.473
20260502-排島本館-01,26,591.926,606.438,592.426,605.938
20260502-排島本館-01,27,624.392,635.4,624.892,634.9
20260502-排島本館-01,28,649.951,658.256,650.451,657.756
20260502-排島本館-01,29,669.37,687.485,669.87,686.985
20260502-排島本館-01,30,699.967,711.276,700.467,710.776
20260502-排島本館-01,31,722.79,735.366,723.29,734.866
20260502-排島本館-01,32,743.978,749.08,744.478,748.58
20260502-排島本館-01,33,755.022,763.261,755.522,762.761
20260502-排島本館-01,34,772.073,788.086,772.573,787.586
20260502-排島本館-01,35,795.53,810.074,796.03,809.574
20260502-排島本館-01,36,823.558,833.765,824.058,833.265
20260502-排島本館-01,37,844.946,853.251,845.446,852.751
20260502-排島本館-01,38,862.597,873.404,863.097,872.904
20260502-排島本館-01,39,882.683,893.157,883.183,892.657
20260502-排島本館-01,40,906.207,910.975,906.707,910.475
20260502-排島本館-01,41,918.586,926.658,919.086,926.158
20260502-排島本館-01,42,934.635,939.103,935.135,938.603
20260502-排島本館-01,43,946.58,953.318,947.08,952.818
20260502-排島本館-01,44,963.064,971.102,963.564,970.602
20260502-排島本館-01,45,980.614,987.986,981.114,987.486
20260502-排島本館-01,46,993.627,1019.217,994.127,1018.717
20260502-排島本館-02,1,87.422,101.2,87.922,100.7
20260502-排島本館-02,2,112.447,127.96,112.947,127.46
20260502-排島本館-02,3,141.009,178.01,141.509,177.51
20260502-排島本館-02,4,190.959,199.031,191.459,198.531
20260502-排島本館-02,5,208.677,222.721,209.177,222.221
20260502-排島本館-02,6,233.134,237.469,233.634,236.969
20260502-排島本館-02,7,245.413,253.6,245.913,251.984
20260502-排島本館-02,8,261.896,274.339,262.396,274.774
20260502-排島本館-02,9,285.32,289.921,285.82,289.421
20260502-排島本館-02,10,298.3,315.147,298.8,314.647
20260502-排島本館-02,11,328.963,336.368,329.463,335.868
20260502-排島本館-02,12,346.614,362.561,347.114,362.061
20260502-排島本館-02,13,376.511,384.883,377.011,384.383
20260502-排島本館-02,14,392.794,401.099,393.294,400.599
20260502-排島本館-02,15,405.54,413.512,406.04,413.012
20260502-排島本館-02,16,416.618,422.788,417.118,422.288
20260502-排島本館-02,17,435.437,442.14,435.937,441.64
20260502-排島本館-02,18,462.464,466.865,462.964,466.365
20260502-排島本館-02,19,475.21,485.35,475.71,484.85
20260502-排島本館-02,20,497.632,513.278,498.132,512.778
20260502-排島本館-02,21,522.323,534.666,522.823,534.166
20260502-排島本館-02,22,542.11,555.186,542.61,554.686
20260502-排島本館-02,23,568.836,576.675,569.336,576.175
20260502-排島本館-02,24,587.522,593.191,588.022,592.691
20260502-排島本館-02,25,599.667,613.044,600.167,612.544
20260502-排島本館-02,26,623.358,652.55,623.858,652.05
20260502-排島本館-02,27,666.834,683.948,667.334,683.448
20260502-排島本館-02,28,692.26,699.864,692.76,699.364
20260502-排島本館-02,29,705.506,721.419,706.006,721.92
20260502-排島本館-02,30,733.534,745.443,734.034,744.943
20260502-排島本館-02,31,752.954,757.722,753.454,757.222
20260502-排島本館-02,32,768.002,782.881,768.502,782.381
20260502-排島本館-02,33,801.335,815.213,801.835,814.713
20260502-排島本館-02,34,828.462,836.034,828.962,836.535
20260502-排島本館-02,35,846.581,879.811,847.081,879.311
20260502-排島本館-02,36,904.038,912.51,904.538,912.01
20260502-排島本館-02,37,923.758,931.562,924.258,931.062
20260502-排島本館-02,38,941.075,950.481,941.575,949.981
20260502-排島本館-02,39,954.622,961.259,955.122,960.759
20260502-排島本館-02,40,967.635,979.8,968.135,979.311
20260502-排島本館-02,41,990.891,998.696,991.391,998.196
20260502-排島本館-02,42,1007.575,1018.85,1008.075,1018.35
20260502-排島本館-02,43,1031.699,1039.737,1032.199,1039.237
20260502-排島本館-02,44,1069.27,1076.908,1069.77,1076.408
20260502-排島本館-02,45,1097.331,1106.504,1097.831,1106.004
20260502-排島本館-02,46,1114.915,1122.386,1115.415,1121.886
20260507 工資管友誼賽2,1,1.533,31.467,2.033,30.967
20260507 工資管友誼賽2,2,43.233,62.1,43.733,61.6
20260507 工資管友誼賽2,3,72.833,83.6,73.333,83.1
20260507 工資管友誼賽2,4,90.733,95.567,91.233,95.067
20260507 工資管友誼賽2,5,103.033,112.2,103.533,111.7
20260507 工資管友誼賽2,6,117.233,127.4,117.733,126.9
20260507 工資管友誼賽2,7,138.7,145.133,139.2,144.633
20260507 工資管友誼賽2,8,157.933,171.533,158.433,171.033
20260507 工資管友誼賽2,9,182.7,191.233,183.2,190.733
20260507 工資管友誼賽2,10,199.467,209.733,199.967,209.233
20260507 工資管友誼賽2,11,216.667,239.067,217.167,238.567
20260507 工資管友誼賽2,12,250.567,267.4,251.067,266.9
20260507 工資管友誼賽2,13,277.8,291.167,278.3,290.667
20260507 工資管友誼賽2,14,304.533,310.2,305.033,309.7
20260507 工資管友誼賽2,15,320.3,325.767,320.8,325.267
20260507 工資管友誼賽2,16,337.0,348.7,337.5,348.2
20260507 工資管友誼賽2,17,359.567,378.2,360.067,377.7
20260507 工資管友誼賽2,18,393.167,406.033,393.667,405.533
20260507 工資管友誼賽2,19,420.167,424.733,420.667,424.233
20260507 工資管友誼賽2,20,434.933,452.033,435.433,451.533
20260507 工資管友誼賽2,21,468.267,472.7,468.767,472.2
20260507 工資管友誼賽2,22,487.667,508.267,488.167,507.767
20260507 工資管友誼賽2,23,517.867,568.067,518.367,567.567
20260507 工資管友誼賽2,24,580.367,584.533,580.867,584.033
20260507 工資管友誼賽2,25,596.367,608.067,596.867,607.567
20260507 工資管友誼賽2,26,620.2,641.667,620.7,641.167
20260507 工資管友誼賽2,27,654.233,662.733,654.733,662.233
20260507 工資管友誼賽2,28,671.4,694.467,671.9,693.967
20260507 工資管友誼賽2,29,705.367,730.967,705.867,730.467
20260507 工資管友誼賽2,30,738.6,755.133,739.1,754.633
20260507 工資管友誼賽2,31,766.233,807.167,766.733,806.667
20260507 工資管友誼賽2,32,818.933,823.4,819.433,822.9
20260507 工資管友誼賽2,33,835.367,845.033,835.867,844.533
20260507 工資管友誼賽2,34,856.533,881.8,857.033,881.3
20260507 工資管友誼賽2,35,899.467,912.433,899.967,911.933
20260507 工資管友誼賽2,36,925.067,929.467,925.567,928.967
20260507 工資管友誼賽2,37,937.0,945.5,937.5,945.0
20260507 工資管友誼賽2,38,958.567,976.8,959.067,976.3
20260507 工資管友誼賽2,39,986.967,1007.333,987.467,1006.833
20260507 工資管友誼賽2,40,1016.5,1033.7,1017.0,1033.2
20260507 工資管友誼賽2,41,1042.633,1075.867,1043.133,1075.367
20260507 工資管友誼賽2,42,1091.0,1095.233,1091.5,1094.733
20260507 工資管友誼賽2,43,1106.1,1114.433,1106.6,1113.933
20260507 工資管友誼賽2,44,1122.533,1140.267,1123.033,1139.767
20260507 工資管友誼賽2,45,1154.8,1163.8,1155.3,1163.3
20260507 工資管友誼賽2,46,1184.567,1199.3,1185.067,1198.8
20260507 工資管友誼賽2,47,1214.3,1231.467,1214.8,1230.967
20260507 工資管友誼賽2,48,1244.9,1275.667,1245.4,1275.167
20260507 工資管友誼賽2,49,1297.1,1310.533,1297.6,1310.033
20260507 工資管友誼賽2,50,1324.9,1341.733,1325.4,1341.233
20260510邷力豹臨打1,1,152.587,170.369,153.087,169.869
20260510邷力豹臨打1,2,179.347,192.09,179.847,191.59
20260510邷力豹臨打1,3,204.539,218.016,205.039,217.516
20260510邷力豹臨打1,4,226.561,247.613,227.061,247.113
20260510邷力豹臨打1,5,254.889,259.324,255.389,258.824
20260510邷力豹臨打1,6,280.148,296.495,280.648,295.995
20260510邷力豹臨打1,7,304.973,322.12,305.473,321.62
20260510邷力豹臨打1,8,328.096,341.406,328.596,340.906
20260510邷力豹臨打1,9,348.55,356.521,349.05,356.021
20260510邷力豹臨打1,10,362.597,366.998,363.097,366.498
20260510邷力豹臨打1,11,382.484,399.798,382.984,399.298
20260510邷力豹臨打1,12,413.515,436.668,414.015,436.168
20260510邷力豹臨打1,13,442.577,464.362,443.077,463.862
20260510邷力豹臨打1,14,470.905,483.648,471.405,483.148
20260510邷力豹臨打1,15,495.33,507.806,495.83,507.306
20260510邷力豹臨打1,16,525.293,533.098,525.793,532.598
20260510邷力豹臨打1,17,540.808,548.98,541.308,548.48
20260510邷力豹臨打1,18,564.699,573.204,565.199,572.704
20260510邷力豹臨打1,19,590.391,604.769,590.891,604.269
20260510邷力豹臨打1,20,619.587,627.692,620.087,627.192
20260510邷力豹臨打1,21,646.914,655.186,647.414,654.686
20260510邷力豹臨打1,22,673.307,679.711,673.807,679.211
20260510邷力豹臨打1,23,699.767,709.34,700.267,708.84
20260510邷力豹臨打1,24,730.898,764.796,731.398,764.296
20260510邷力豹臨打1,25,770.238,786.084,770.738,785.584
20260510邷力豹臨打1,26,790.992,799.697,791.492,799.197
20260510邷力豹臨打1,27,806.34,821.152,806.84,820.652
20260510邷力豹臨打1,28,825.66,833.898,826.16,833.398
20260510邷力豹臨打1,29,838.472,846.411,838.972,845.911
20260510邷力豹臨打1,30,850.351,863.294,850.818,862.794
20260510邷力豹臨打1,31,880.481,885.75,880.981,885.25
20260510邷力豹臨打1,32,892.727,905.637,893.227,905.137
20260510邷力豹臨打1,33,918.052,935.4,918.552,934.9
2026⧸02⧸25 4,1,2.17,10.634,2.67,10.134
2026⧸02⧸25 4,2,16.768,24.982,17.268,24.482
2026⧸02⧸25 4,3,28.822,33.532,29.322,33.032
2026⧸02⧸25 4,4,40.125,44.293,40.625,43.793
2026⧸02⧸25 4,5,51.678,69.401,52.178,68.901
2026⧸02⧸25 4,6,78.038,95.803,78.538,95.303
2026⧸02⧸25 4,7,103.23,108.232,103.73,107.732
2026⧸02⧸25 4,8,113.615,122.746,114.115,122.246
2026⧸02⧸25 4,9,129.756,134.216,130.256,133.716
2026⧸02⧸25 4,10,145.522,150.19,146.022,149.69
2026⧸02⧸25 4,11,161.246,169.293,161.746,168.793
2026⧸02⧸25 4,12,178.013,188.979,178.513,188.479
2026⧸02⧸25 4,13,198.074,211.168,198.574,210.668
2026⧸02⧸25 4,14,221.848,230.02,222.348,229.52
2026⧸02⧸25 4,15,240.325,273.605,240.825,273.105
2026⧸02⧸25 4,16,291.376,295.752,291.876,295.252
2026⧸02⧸25 4,17,303.972,314.479,304.472,313.979
2026⧸02⧸25 4,18,322.198,332.164,322.698,331.664
2026⧸02⧸25 4,19,341.76,362.319,342.26,361.819
2026⧸02⧸25 4,20,369.579,409.366,370.079,408.866
2026⧸02⧸25 4,21,424.884,438.979,425.384,438.479
2026⧸02⧸25 4,22,443.82,452.033,444.32,451.533
2026⧸02⧸25 4,23,458.293,462.752,458.793,462.252
2026⧸02⧸25 4,24,469.22,492.657,469.72,492.157
2026⧸02⧸25 4,25,500.501,506.671,501.001,506.171
2026⧸02⧸25 4,26,512.639,526.149,513.139,525.649
2026⧸02⧸25 4,27,535.286,543.458,535.786,542.958
2026⧸02⧸25 4,28,552.971,580.62,553.471,580.12
2026⧸02⧸25 4,29,592.677,601.182,593.177,600.682
2026⧸02⧸25 4,30,607.442,615.53,607.942,615.03
2026⧸02⧸25 4,31,626.294,634.507,626.794,634.007
2026⧸02⧸25 4,32,645.521,673.838,646.021,673.338
2026⧸02⧸25 4,33,682.392,687.519,682.892,687.019
2026⧸02⧸25 4,34,695.363,700.99,695.863,700.49
2026⧸02⧸25 4,35,708.876,714.379,709.376,713.879
2026⧸02⧸25 4,36,727.186,742.49,727.686,741.99
2026⧸02⧸25 4,37,751.627,765.43,752.127,764.93
2026⧸02⧸25 4,38,778.571,786.743,779.071,786.243
2026⧸02⧸25 4,39,796.672,803.384,797.172,802.884
2026⧸02⧸25 4,40,810.603,816.689,811.103,816.189
2026⧸02⧸25 4,41,825.993,848.972,826.493,848.472
2026⧸02⧸25 4,42,862.697,874.831,863.197,874.331
2026⧸02⧸25 4,43,883.676,903.443,884.176,902.943
2026⧸02⧸25 4,44,912.079,935.016,912.579,934.516
2026⧸02⧸25 4,45,944.111,957.038,944.611,956.538
2026⧸03⧸25 3,1,2.921,18.058,3.421,17.558
2026⧸03⧸25 3,2,24.401,32.948,24.901,32.448
2026⧸03⧸25 3,3,36.705,45.21,37.205,44.71
2026⧸03⧸25 3,4,57.559,82.289,58.059,81.789
2026⧸03⧸25 3,5,89.8,98.096,90.3,97.596
2026⧸03⧸25 3,6,104.105,138.887,104.605,138.387
2026⧸03⧸25 3,7,147.899,157.739,148.399,157.239
2026⧸03⧸25 3,8,166.126,187.227,166.626,186.727
2026⧸03⧸25 3,9,196.364,204.703,196.864,204.203
2026⧸03⧸25 3,10,213.006,218.759,213.506,218.259
2026⧸03⧸25 3,11,222.974,235.192,223.474,234.692
2026⧸03⧸25 3,12,240.617,245.369,241.117,244.869
2026⧸03⧸25 3,13,253.588,282.364,254.088,281.864
2026⧸03⧸25 3,14,289.249,299.006,289.749,298.506
2026⧸03⧸25 3,15,307.434,330.245,307.934,329.745
2026⧸03⧸25 3,16,340.675,362.486,341.175,361.986
2026⧸03⧸25 3,17,369.579,387.803,370.079,387.303
2026⧸03⧸25 3,18,400.86,405.195,401.36,404.695
2026⧸03⧸25 3,19,415.458,432.764,415.958,432.264
2026⧸03⧸25 3,20,441.359,445.569,441.859,445.069
2026⧸03⧸25 3,21,459.085,465.255,459.585,464.755
2026⧸03⧸25 3,22,474.767,487.402,475.267,486.902
2026⧸03⧸25 3,23,498.833,510.842,499.333,510.342
2026⧸03⧸25 3,24,526.152,536.785,526.652,536.285
2026⧸03⧸25 3,25,541.834,558.39,542.334,557.89
2026⧸03⧸25 3,26,563.439,577.325,563.939,576.825
2026⧸03⧸25 3,27,586.421,604.519,586.921,604.019
2026⧸03⧸25 3,28,612.739,660.575,613.239,660.075
2026⧸03⧸25 3,29,669.337,674.255,669.837,673.755
2026⧸03⧸25 3,30,682.141,686.476,682.641,685.976
2026⧸03⧸25 3,31,697.99,710.917,698.49,710.417
2026⧸03⧸25 3,32,719.137,726.057,719.637,725.557
2026⧸03⧸25 3,33,732.233,736.901,732.733,736.401
2026⧸03⧸25 3,34,742.785,751.416,743.285,750.916
2026⧸03⧸25 3,35,757.049,762.969,757.549,762.469
2026⧸03⧸25 3,36,768.978,780.236,769.478,779.736
2026⧸03⧸25 3,37,785.286,798.546,785.786,798.046
2026⧸03⧸25 3,38,805.306,813.186,805.806,812.686
2026⧸03⧸25 3,39,817.276,825.949,817.776,825.449
2026⧸03⧸25 3,40,834.794,838.711,835.294,838.211
2026⧸03⧸25 3,41,845.513,853.726,846.013,853.226
2026⧸03⧸25 3,42,863.573,872.036,864.073,871.536
2026⧸03⧸25 3,43,880.256,897.145,880.756,896.645
2026⧸03⧸25 3,44,911.329,931.471,911.829,930.971
2026⧸03⧸25 3,45,946.28,958.581,946.78,958.081
37-39 Thriller! - Japan 🇯🇵 vs. Poland 🇵🇱 ｜ VNL 2025 - Full Match ｜ Week 1_set1,1,2.5,8.7,3.0,8.2
37-39 Thriller! - Japan 🇯🇵 vs. Poland 🇵🇱 ｜ VNL 2025 - Full Match ｜ Week 1_set1,2,21.86,37.62,22.36,37.12
37-39 Thriller! - Japan 🇯🇵 vs. Poland 🇵🇱 ｜ VNL 2025 - Full Match ｜ Week 1_set1,3,53.42,61.34,53.92,60.84
37-39 Thriller! - Japan 🇯🇵 vs. Poland 🇵🇱 ｜ VNL 2025 - Full Match ｜ Week 1_set1,4,77.78,83.42,78.28,82.92
37-39 Thriller! - Japan 🇯🇵 vs. Poland 🇵🇱 ｜ VNL 2025 - Full Match ｜ Week 1_set1,5,98.62,110.06,99.12,109.56
37-39 Thriller! - Japan 🇯🇵 vs. Poland 🇵🇱 ｜ VNL 2025 - Full Match ｜ Week 1_set1,6,126.62,133.22,127.12,132.72
37-39 Thriller! - Japan 🇯🇵 vs. Poland 🇵🇱 ｜ VNL 2025 - Full Match ｜ Week 1_set1,7,148.06,151.94,148.56,151.44
37-39 Thriller! - Japan 🇯🇵 vs. Poland 🇵🇱 ｜ VNL 2025 - Full Match ｜ Week 1_set1,8,167.58,173.94,168.08,173.44
37-39 Thriller! - Japan 🇯🇵 vs. Poland 🇵🇱 ｜ VNL 2025 - Full Match ｜ Week 1_set1,9,193.26,199.34,193.76,198.84
37-39 Thriller! - Japan 🇯🇵 vs. Poland 🇵🇱 ｜ VNL 2025 - Full Match ｜ Week 1_set1,10,216.78,220.62,217.28,220.12
37-39 Thriller! - Japan 🇯🇵 vs. Poland 🇵🇱 ｜ VNL 2025 - Full Match ｜ Week 1_set1,11,235.62,248.34,236.12,247.84
37-39 Thriller! - Japan 🇯🇵 vs. Poland 🇵🇱 ｜ VNL 2025 - Full Match ｜ Week 1_set1,12,263.82,268.02,264.32,267.52
37-39 Thriller! - Japan 🇯🇵 vs. Poland 🇵🇱 ｜ VNL 2025 - Full Match ｜ Week 1_set1,13,284.78,291.54,285.28,291.04
37-39 Thriller! - Japan 🇯🇵 vs. Poland 🇵🇱 ｜ VNL 2025 - Full Match ｜ Week 1_set1,14,312.3,323.94,312.8,323.44
37-39 Thriller! - Japan 🇯🇵 vs. Poland 🇵🇱 ｜ VNL 2025 - Full Match ｜ Week 1_set1,15,340.06,346.42,340.56,345.92
37-39 Thriller! - Japan 🇯🇵 vs. Poland 🇵🇱 ｜ VNL 2025 - Full Match ｜ Week 1_set1,16,362.14,366.26,362.64,365.76
37-39 Thriller! - Japan 🇯🇵 vs. Poland 🇵🇱 ｜ VNL 2025 - Full Match ｜ Week 1_set1,17,379.38,386.38,379.88,385.88
37-39 Thriller! - Japan 🇯🇵 vs. Poland 🇵🇱 ｜ VNL 2025 - Full Match ｜ Week 1_set1,18,404.34,408.02,404.84,407.52
37-39 Thriller! - Japan 🇯🇵 vs. Poland 🇵🇱 ｜ VNL 2025 - Full Match ｜ Week 1_set1,19,425.14,443.42,425.64,442.92
37-39 Thriller! - Japan 🇯🇵 vs. Poland 🇵🇱 ｜ VNL 2025 - Full Match ｜ Week 1_set1,20,467.82,471.58,468.32,471.08
37-39 Thriller! - Japan 🇯🇵 vs. Poland 🇵🇱 ｜ VNL 2025 - Full Match ｜ Week 1_set1,21,487.62,491.9,488.12,491.4
37-39 Thriller! - Japan 🇯🇵 vs. Poland 🇵🇱 ｜ VNL 2025 - Full Match ｜ Week 1_set1,22,505.54,515.86,506.04,515.36
37-39 Thriller! - Japan 🇯🇵 vs. Poland 🇵🇱 ｜ VNL 2025 - Full Match ｜ Week 1_set1,23,535.18,538.82,535.68,538.32
37-39 Thriller! - Japan 🇯🇵 vs. Poland 🇵🇱 ｜ VNL 2025 - Full Match ｜ Week 1_set1,24,555.62,563.74,556.12,563.24
37-39 Thriller! - Japan 🇯🇵 vs. Poland 🇵🇱 ｜ VNL 2025 - Full Match ｜ Week 1_set1,25,589.78,602.54,590.28,602.04
37-39 Thriller! - Japan 🇯🇵 vs. Poland 🇵🇱 ｜ VNL 2025 - Full Match ｜ Week 1_set1,26,621.74,630.38,622.24,629.88
37-39 Thriller! - Japan 🇯🇵 vs. Poland 🇵🇱 ｜ VNL 2025 - Full Match ｜ Week 1_set1,27,646.5,658.58,647.0,658.08
37-39 Thriller! - Japan 🇯🇵 vs. Poland 🇵🇱 ｜ VNL 2025 - Full Match ｜ Week 1_set1,28,673.66,677.7,674.16,677.2
37-39 Thriller! - Japan 🇯🇵 vs. Poland 🇵🇱 ｜ VNL 2025 - Full Match ｜ Week 1_set1,29,696.14,702.26,696.64,701.76
37-39 Thriller! - Japan 🇯🇵 vs. Poland 🇵🇱 ｜ VNL 2025 - Full Match ｜ Week 1_set1,30,716.5,739.46,717.0,738.96
37-39 Thriller! - Japan 🇯🇵 vs. Poland 🇵🇱 ｜ VNL 2025 - Full Match ｜ Week 1_set1,31,759.0,764.14,759.0,763.64
37-39 Thriller! - Japan 🇯🇵 vs. Poland 🇵🇱 ｜ VNL 2025 - Full Match ｜ Week 1_set1,32,777.94,781.7,778.44,781.2
37-39 Thriller! - Japan 🇯🇵 vs. Poland 🇵🇱 ｜ VNL 2025 - Full Match ｜ Week 1_set1,33,796.58,803.46,797.08,802.96
37-39 Thriller! - Japan 🇯🇵 vs. Poland 🇵🇱 ｜ VNL 2025 - Full Match ｜ Week 1_set1,34,818.46,825.62,818.96,825.12
37-39 Thriller! - Japan 🇯🇵 vs. Poland 🇵🇱 ｜ VNL 2025 - Full Match ｜ Week 1_set1,35,842.5,851.82,843.0,851.32
37-39 Thriller! - Japan 🇯🇵 vs. Poland 🇵🇱 ｜ VNL 2025 - Full Match ｜ Week 1_set1,36,868.82,878.42,869.32,877.92
37-39 Thriller! - Japan 🇯🇵 vs. Poland 🇵🇱 ｜ VNL 2025 - Full Match ｜ Week 1_set1,37,894.5,900.54,895.0,900.04
37-39 Thriller! - Japan 🇯🇵 vs. Poland 🇵🇱 ｜ VNL 2025 - Full Match ｜ Week 1_set1,38,918.9,922.42,919.4,921.92
37-39 Thriller! - Japan 🇯🇵 vs. Poland 🇵🇱 ｜ VNL 2025 - Full Match ｜ Week 1_set1,39,954.3,958.02,954.8,957.52
37-39 Thriller! - Japan 🇯🇵 vs. Poland 🇵🇱 ｜ VNL 2025 - Full Match ｜ Week 1_set1,40,972.66,976.46,973.16,975.96
37-39 Thriller! - Japan 🇯🇵 vs. Poland 🇵🇱 ｜ VNL 2025 - Full Match ｜ Week 1_set1,41,991.1,994.98,991.6,994.48
37-39 Thriller! - Japan 🇯🇵 vs. Poland 🇵🇱 ｜ VNL 2025 - Full Match ｜ Week 1_set1,42,1012.42,1023.46,1012.92,1022.96
37-39 Thriller! - Japan 🇯🇵 vs. Poland 🇵🇱 ｜ VNL 2025 - Full Match ｜ Week 1_set1,43,1041.86,1046.14,1042.36,1045.64
37-39 Thriller! - Japan 🇯🇵 vs. Poland 🇵🇱 ｜ VNL 2025 - Full Match ｜ Week 1_set1,44,1071.98,1079.94,1072.48,1079.44
37-39 Thriller! - Japan 🇯🇵 vs. Poland 🇵🇱 ｜ VNL 2025 - Full Match ｜ Week 1_set1,45,1100.18,1115.14,1100.68,1114.64
37-39 Thriller! - Japan 🇯🇵 vs. Poland 🇵🇱 ｜ VNL 2025 - Full Match ｜ Week 1_set1,46,1138.5,1161.22,1139.0,1160.72
37-39 Thriller! - Japan 🇯🇵 vs. Poland 🇵🇱 ｜ VNL 2025 - Full Match ｜ Week 1_set1,47,1187.02,1199.14,1187.52,1198.64
37-39 Thriller! - Japan 🇯🇵 vs. Poland 🇵🇱 ｜ VNL 2025 - Full Match ｜ Week 1_set1,48,1220.22,1231.26,1220.72,1230.76
37-39 Thriller! - Japan 🇯🇵 vs. Poland 🇵🇱 ｜ VNL 2025 - Full Match ｜ Week 1_set1,49,1252.78,1267.18,1253.28,1266.68
37-39 Thriller! - Japan 🇯🇵 vs. Poland 🇵🇱 ｜ VNL 2025 - Full Match ｜ Week 1_set1,50,1288.94,1292.7,1289.44,1292.2
37-39 Thriller! - Japan 🇯🇵 vs. Poland 🇵🇱 ｜ VNL 2025 - Full Match ｜ Week 1_set1,51,1312.42,1318.86,1312.92,1318.36
37-39 Thriller! - Japan 🇯🇵 vs. Poland 🇵🇱 ｜ VNL 2025 - Full Match ｜ Week 1_set1,52,1336.1,1342.98,1336.6,1342.48
37-39 Thriller! - Japan 🇯🇵 vs. Poland 🇵🇱 ｜ VNL 2025 - Full Match ｜ Week 1_set2,1,0.0,7.02,0.48,6.52
37-39 Thriller! - Japan 🇯🇵 vs. Poland 🇵🇱 ｜ VNL 2025 - Full Match ｜ Week 1_set2,2,23.38,39.02,23.88,38.52
37-39 Thriller! - Japan 🇯🇵 vs. Poland 🇵🇱 ｜ VNL 2025 - Full Match ｜ Week 1_set2,3,54.18,60.94,54.68,60.44
37-39 Thriller! - Japan 🇯🇵 vs. Poland 🇵🇱 ｜ VNL 2025 - Full Match ｜ Week 1_set2,4,81.22,87.82,81.72,87.32
37-39 Thriller! - Japan 🇯🇵 vs. Poland 🇵🇱 ｜ VNL 2025 - Full Match ｜ Week 1_set2,5,106.06,110.1,106.56,109.6
37-39 Thriller! - Japan 🇯🇵 vs. Poland 🇵🇱 ｜ VNL 2025 - Full Match ｜ Week 1_set2,6,126.46,130.18,126.96,129.68
37-39 Thriller! - Japan 🇯🇵 vs. Poland 🇵🇱 ｜ VNL 2025 - Full Match ｜ Week 1_set2,7,147.7,151.5,148.2,151.0
37-39 Thriller! - Japan 🇯🇵 vs. Poland 🇵🇱 ｜ VNL 2025 - Full Match ｜ Week 1_set2,8,167.02,173.78,167.52,173.28
37-39 Thriller! - Japan 🇯🇵 vs. Poland 🇵🇱 ｜ VNL 2025 - Full Match ｜ Week 1_set2,9,191.18,198.7,191.68,198.2
37-39 Thriller! - Japan 🇯🇵 vs. Poland 🇵🇱 ｜ VNL 2025 - Full Match ｜ Week 1_set2,10,216.26,230.14,216.76,229.64
37-39 Thriller! - Japan 🇯🇵 vs. Poland 🇵🇱 ｜ VNL 2025 - Full Match ｜ Week 1_set2,11,268.58,288.74,269.08,288.24
37-39 Thriller! - Japan 🇯🇵 vs. Poland 🇵🇱 ｜ VNL 2025 - Full Match ｜ Week 1_set2,12,307.6,309.54,307.6,309.04
37-39 Thriller! - Japan 🇯🇵 vs. Poland 🇵🇱 ｜ VNL 2025 - Full Match ｜ Week 1_set2,13,321.0,329.38,321.0,328.88
37-39 Thriller! - Japan 🇯🇵 vs. Poland 🇵🇱 ｜ VNL 2025 - Full Match ｜ Week 1_set2,14,395.54,402.06,396.04,401.56
37-39 Thriller! - Japan 🇯🇵 vs. Poland 🇵🇱 ｜ VNL 2025 - Full Match ｜ Week 1_set2,15,417.22,421.22,417.72,420.72
37-39 Thriller! - Japan 🇯🇵 vs. Poland 🇵🇱 ｜ VNL 2025 - Full Match ｜ Week 1_set2,16,434.62,451.66,435.12,451.16
37-39 Thriller! - Japan 🇯🇵 vs. Poland 🇵🇱 ｜ VNL 2025 - Full Match ｜ Week 1_set2,17,468.18,471.98,468.68,471.48
37-39 Thriller! - Japan 🇯🇵 vs. Poland 🇵🇱 ｜ VNL 2025 - Full Match ｜ Week 1_set2,18,486.66,490.1,487.16,489.6
37-39 Thriller! - Japan 🇯🇵 vs. Poland 🇵🇱 ｜ VNL 2025 - Full Match ｜ Week 1_set2,19,505.5,513.02,506.0,512.52
37-39 Thriller! - Japan 🇯🇵 vs. Poland 🇵🇱 ｜ VNL 2025 - Full Match ｜ Week 1_set2,20,532.252,535.94,532.252,535.44
37-39 Thriller! - Japan 🇯🇵 vs. Poland 🇵🇱 ｜ VNL 2025 - Full Match ｜ Week 1_set2,21,553.58,557.86,554.08,557.36
37-39 Thriller! - Japan 🇯🇵 vs. Poland 🇵🇱 ｜ VNL 2025 - Full Match ｜ Week 1_set2,22,575.18,581.98,575.68,581.48
37-39 Thriller! - Japan 🇯🇵 vs. Poland 🇵🇱 ｜ VNL 2025 - Full Match ｜ Week 1_set2,23,603.06,608.74,603.56,608.24
37-39 Thriller! - Japan 🇯🇵 vs. Poland 🇵🇱 ｜ VNL 2025 - Full Match ｜ Week 1_set2,24,628.7,643.1,629.2,642.6
37-39 Thriller! - Japan 🇯🇵 vs. Poland 🇵🇱 ｜ VNL 2025 - Full Match ｜ Week 1_set2,25,663.5,671.1,664.0,670.6
37-39 Thriller! - Japan 🇯🇵 vs. Poland 🇵🇱 ｜ VNL 2025 - Full Match ｜ Week 1_set2,26,692.58,698.62,693.08,698.12
37-39 Thriller! - Japan 🇯🇵 vs. Poland 🇵🇱 ｜ VNL 2025 - Full Match ｜ Week 1_set2,27,717.7,721.14,718.2,720.64
37-39 Thriller! - Japan 🇯🇵 vs. Poland 🇵🇱 ｜ VNL 2025 - Full Match ｜ Week 1_set2,28,737.22,743.62,737.72,743.12
37-39 Thriller! - Japan 🇯🇵 vs. Poland 🇵🇱 ｜ VNL 2025 - Full Match ｜ Week 1_set2,29,756.9,763.26,757.4,762.76
37-39 Thriller! - Japan 🇯🇵 vs. Poland 🇵🇱 ｜ VNL 2025 - Full Match ｜ Week 1_set2,30,777.82,790.7,778.32,790.2
37-39 Thriller! - Japan 🇯🇵 vs. Poland 🇵🇱 ｜ VNL 2025 - Full Match ｜ Week 1_set2,31,810.9,819.38,811.4,818.88
37-39 Thriller! - Japan 🇯🇵 vs. Poland 🇵🇱 ｜ VNL 2025 - Full Match ｜ Week 1_set2,32,834.74,841.7,835.24,841.2
37-39 Thriller! - Japan 🇯🇵 vs. Poland 🇵🇱 ｜ VNL 2025 - Full Match ｜ Week 1_set2,33,867.94,874.46,868.44,873.96
37-39 Thriller! - Japan 🇯🇵 vs. Poland 🇵🇱 ｜ VNL 2025 - Full Match ｜ Week 1_set2,34,891.58,897.54,892.08,897.04
37-39 Thriller! - Japan 🇯🇵 vs. Poland 🇵🇱 ｜ VNL 2025 - Full Match ｜ Week 1_set2,35,914.38,935.22,914.88,934.72
37-39 Thriller! - Japan 🇯🇵 vs. Poland 🇵🇱 ｜ VNL 2025 - Full Match ｜ Week 1_set2,36,951.82,958.54,952.32,958.04
37-39 Thriller! - Japan 🇯🇵 vs. Poland 🇵🇱 ｜ VNL 2025 - Full Match ｜ Week 1_set2,37,977.38,984.62,977.88,984.12
37-39 Thriller! - Japan 🇯🇵 vs. Poland 🇵🇱 ｜ VNL 2025 - Full Match ｜ Week 1_set2,38,1000.98,1004.78,1001.48,1004.28
37-39 Thriller! - Japan 🇯🇵 vs. Poland 🇵🇱 ｜ VNL 2025 - Full Match ｜ Week 1_set2,39,1031.98,1041.42,1032.48,1040.92
37-39 Thriller! - Japan 🇯🇵 vs. Poland 🇵🇱 ｜ VNL 2025 - Full Match ｜ Week 1_set2,40,1078.54,1086.94,1079.04,1086.44
37-39 Thriller! - Japan 🇯🇵 vs. Poland 🇵🇱 ｜ VNL 2025 - Full Match ｜ Week 1_set2,41,1104.86,1116.58,1105.36,1116.08
37-39 Thriller! - Japan 🇯🇵 vs. Poland 🇵🇱 ｜ VNL 2025 - Full Match ｜ Week 1_set2,42,1136.9,1143.62,1137.4,1143.12
37-39 Thriller! - Japan 🇯🇵 vs. Poland 🇵🇱 ｜ VNL 2025 - Full Match ｜ Week 1_set2,43,1174.82,1186.7,1175.32,1186.2
37-39 Thriller! - Japan 🇯🇵 vs. Poland 🇵🇱 ｜ VNL 2025 - Full Match ｜ Week 1_set2,44,1220.7,1228.14,1221.2,1227.64
37-39 Thriller! - Japan 🇯🇵 vs. Poland 🇵🇱 ｜ VNL 2025 - Full Match ｜ Week 1_set2,45,1269.7,1278.98,1270.2,1278.48
37-39 Thriller! - Japan 🇯🇵 vs. Poland 🇵🇱 ｜ VNL 2025 - Full Match ｜ Week 1_set2,46,1295.06,1301.5,1295.56,1301.0
37-39 Thriller! - Japan 🇯🇵 vs. Poland 🇵🇱 ｜ VNL 2025 - Full Match ｜ Week 1_set2,47,1325.9,1345.94,1326.4,1345.44
Algeria vs. Canada - Ranking 23-24 ｜ Boys' U19 World Champs 2025 - Full Match_set1,1,1.0,8.467,1.5,7.967
Algeria vs. Canada - Ranking 23-24 ｜ Boys' U19 World Champs 2025 - Full Match_set1,2,21.317,40.917,21.817,40.417
Algeria vs. Canada - Ranking 23-24 ｜ Boys' U19 World Champs 2025 - Full Match_set1,3,53.783,60.267,54.283,59.767
Algeria vs. Canada - Ranking 23-24 ｜ Boys' U19 World Champs 2025 - Full Match_set1,4,79.717,86.767,80.217,86.267
Algeria vs. Canada - Ranking 23-24 ｜ Boys' U19 World Champs 2025 - Full Match_set1,5,106.717,118.35,107.217,117.85
Algeria vs. Canada - Ranking 23-24 ｜ Boys' U19 World Champs 2025 - Full Match_set1,6,134.25,141.533,134.75,141.033
Algeria vs. Canada - Ranking 23-24 ｜ Boys' U19 World Champs 2025 - Full Match_set1,7,156.683,162.983,157.183,162.483
Algeria vs. Canada - Ranking 23-24 ｜ Boys' U19 World Champs 2025 - Full Match_set1,8,177.817,184.267,178.317,183.767
Algeria vs. Canada - Ranking 23-24 ｜ Boys' U19 World Champs 2025 - Full Match_set1,9,196.817,214.067,197.317,213.567
Algeria vs. Canada - Ranking 23-24 ｜ Boys' U19 World Champs 2025 - Full Match_set1,10,226.167,239.883,226.667,239.383
Algeria vs. Canada - Ranking 23-24 ｜ Boys' U19 World Champs 2025 - Full Match_set1,11,254.033,258.333,254.533,257.833
Algeria vs. Canada - Ranking 23-24 ｜ Boys' U19 World Champs 2025 - Full Match_set1,12,275.333,283.767,275.833,283.267
Algeria vs. Canada - Ranking 23-24 ｜ Boys' U19 World Champs 2025 - Full Match_set1,13,300.067,311.633,300.567,311.133
Algeria vs. Canada - Ranking 23-24 ｜ Boys' U19 World Champs 2025 - Full Match_set1,14,327.25,346.45,327.75,345.95
Algeria vs. Canada - Ranking 23-24 ｜ Boys' U19 World Champs 2025 - Full Match_set1,15,363.25,379.65,363.75,379.15
Algeria vs. Canada - Ranking 23-24 ｜ Boys' U19 World Champs 2025 - Full Match_set1,16,395.467,411.583,395.967,411.083
Algeria vs. Canada - Ranking 23-24 ｜ Boys' U19 World Champs 2025 - Full Match_set1,17,427.483,435.217,427.983,434.717
Algeria vs. Canada - Ranking 23-24 ｜ Boys' U19 World Champs 2025 - Full Match_set1,18,451.65,458.783,452.15,458.283
Algeria vs. Canada - Ranking 23-24 ｜ Boys' U19 World Champs 2025 - Full Match_set1,19,485.433,511.417,485.933,510.917
Algeria vs. Canada - Ranking 23-24 ｜ Boys' U19 World Champs 2025 - Full Match_set1,20,529.917,537.917,530.417,537.417
Algeria vs. Canada - Ranking 23-24 ｜ Boys' U19 World Champs 2025 - Full Match_set1,21,567.767,571.25,568.267,570.75
Algeria vs. Canada - Ranking 23-24 ｜ Boys' U19 World Champs 2025 - Full Match_set1,22,592.75,614.067,593.25,613.567
Algeria vs. Canada - Ranking 23-24 ｜ Boys' U19 World Champs 2025 - Full Match_set1,23,674.25,683.933,674.75,683.433
Algeria vs. Canada - Ranking 23-24 ｜ Boys' U19 World Champs 2025 - Full Match_set1,24,696.267,702.433,696.767,701.933
Algeria vs. Canada - Ranking 23-24 ｜ Boys' U19 World Champs 2025 - Full Match_set1,25,721.317,744.517,721.817,744.017
Algeria vs. Canada - Ranking 23-24 ｜ Boys' U19 World Champs 2025 - Full Match_set1,26,763.167,781.433,763.667,780.933
Algeria vs. Canada - Ranking 23-24 ｜ Boys' U19 World Champs 2025 - Full Match_set1,27,799.467,808.117,799.967,807.617
Algeria vs. Canada - Ranking 23-24 ｜ Boys' U19 World Champs 2025 - Full Match_set1,28,827.017,831.15,827.517,830.65
Algeria vs. Canada - Ranking 23-24 ｜ Boys' U19 World Champs 2025 - Full Match_set1,29,898.317,908.783,898.817,908.283
Algeria vs. Canada - Ranking 23-24 ｜ Boys' U19 World Champs 2025 - Full Match_set1,30,926.633,934.533,927.133,934.033
Algeria vs. Canada - Ranking 23-24 ｜ Boys' U19 World Champs 2025 - Full Match_set1,31,960.717,973.867,961.217,973.367
Algeria vs. Canada - Ranking 23-24 ｜ Boys' U19 World Champs 2025 - Full Match_set1,32,997.0,1012.117,997.5,1011.617
Algeria vs. Canada - Ranking 23-24 ｜ Boys' U19 World Champs 2025 - Full Match_set1,33,1060.283,1065.467,1060.783,1064.967
Algeria vs. Canada - Ranking 23-24 ｜ Boys' U19 World Champs 2025 - Full Match_set1,34,1081.483,1097.633,1081.983,1097.133
Algeria vs. Canada - Ranking 23-24 ｜ Boys' U19 World Champs 2025 - Full Match_set1,35,1112.95,1123.683,1113.45,1123.183
Algeria vs. Canada - Ranking 23-24 ｜ Boys' U19 World Champs 2025 - Full Match_set1,36,1142.017,1149.65,1142.517,1149.15
Algeria vs. Canada - Ranking 23-24 ｜ Boys' U19 World Champs 2025 - Full Match_set1,37,1166.433,1174.417,1166.933,1173.917
Algeria vs. Canada - Ranking 23-24 ｜ Boys' U19 World Champs 2025 - Full Match_set1,38,1189.617,1196.75,1190.117,1196.25
Algeria vs. Canada - Ranking 23-24 ｜ Boys' U19 World Champs 2025 - Full Match_set1,39,1214.883,1222.367,1215.383,1221.867
Algeria vs. Canada - Ranking 23-24 ｜ Boys' U19 World Champs 2025 - Full Match_set1,40,1239.783,1247.267,1240.283,1246.767
Algeria vs. Canada - Ranking 23-24 ｜ Boys' U19 World Champs 2025 - Full Match_set1,41,1264.033,1275.983,1264.533,1275.483
Algeria vs. Canada - Ranking 23-24 ｜ Boys' U19 World Champs 2025 - Full Match_set1,42,1340.533,1345.233,1341.033,1344.733
Algeria vs. Canada - Ranking 23-24 ｜ Boys' U19 World Champs 2025 - Full Match_set1,43,1373.317,1377.25,1373.817,1376.75
Algeria vs. Canada - Ranking 23-24 ｜ Boys' U19 World Champs 2025 - Full Match_set1,44,1391.5,1406.95,1392.0,1406.45
Algeria vs. Canada - Ranking 23-24 ｜ Boys' U19 World Champs 2025 - Full Match_set1,45,1419.467,1426.017,1419.967,1425.517
Algeria vs. Canada - Ranking 23-24 ｜ Boys' U19 World Champs 2025 - Full Match_set1,46,1448.333,1456.65,1448.833,1456.15
Argentina vs. Belgium - Ranking 9-10 ｜ Boys' U19 World Champs 2025 - Full Match_set1,1,4.2,10.383,4.7,9.883
Argentina vs. Belgium - Ranking 9-10 ｜ Boys' U19 World Champs 2025 - Full Match_set1,2,22.2,30.1,22.7,29.6
Argentina vs. Belgium - Ranking 9-10 ｜ Boys' U19 World Champs 2025 - Full Match_set1,3,44.783,52.2,45.283,51.7
Argentina vs. Belgium - Ranking 9-10 ｜ Boys' U19 World Champs 2025 - Full Match_set1,4,63.3,80.15,63.8,79.65
Argentina vs. Belgium - Ranking 9-10 ｜ Boys' U19 World Champs 2025 - Full Match_set1,5,97.717,106.067,98.217,105.567
Argentina vs. Belgium - Ranking 9-10 ｜ Boys' U19 World Champs 2025 - Full Match_set1,6,119.6,127.45,120.1,126.95
Argentina vs. Belgium - Ranking 9-10 ｜ Boys' U19 World Champs 2025 - Full Match_set1,7,140.083,146.433,140.583,145.933
Argentina vs. Belgium - Ranking 9-10 ｜ Boys' U19 World Champs 2025 - Full Match_set1,8,159.667,167.1,160.167,166.6
Argentina vs. Belgium - Ranking 9-10 ｜ Boys' U19 World Champs 2025 - Full Match_set1,9,181.0,188.333,181.5,187.833
Argentina vs. Belgium - Ranking 9-10 ｜ Boys' U19 World Champs 2025 - Full Match_set1,10,201.217,213.417,201.717,212.917
Argentina vs. Belgium - Ranking 9-10 ｜ Boys' U19 World Champs 2025 - Full Match_set1,11,229.483,237.983,229.983,237.483
Argentina vs. Belgium - Ranking 9-10 ｜ Boys' U19 World Champs 2025 - Full Match_set1,12,253.9,264.4,254.4,263.9
Argentina vs. Belgium - Ranking 9-10 ｜ Boys' U19 World Champs 2025 - Full Match_set1,13,282.667,290.45,283.167,289.95
Argentina vs. Belgium - Ranking 9-10 ｜ Boys' U19 World Champs 2025 - Full Match_set1,14,306.5,322.267,307.0,321.767
Argentina vs. Belgium - Ranking 9-10 ｜ Boys' U19 World Champs 2025 - Full Match_set1,15,336.95,341.017,337.45,340.517
Argentina vs. Belgium - Ranking 9-10 ｜ Boys' U19 World Champs 2025 - Full Match_set1,16,353.8,360.333,354.3,359.833
Argentina vs. Belgium - Ranking 9-10 ｜ Boys' U19 World Champs 2025 - Full Match_set1,17,374.217,378.0,374.717,377.5
Argentina vs. Belgium - Ranking 9-10 ｜ Boys' U19 World Champs 2025 - Full Match_set1,18,389.0,401.483,389.5,400.983
Argentina vs. Belgium - Ranking 9-10 ｜ Boys' U19 World Champs 2025 - Full Match_set1,19,416.25,420.5,416.75,420.0
Argentina vs. Belgium - Ranking 9-10 ｜ Boys' U19 World Champs 2025 - Full Match_set1,20,435.8,440.333,436.3,439.833
Argentina vs. Belgium - Ranking 9-10 ｜ Boys' U19 World Champs 2025 - Full Match_set1,21,454.417,460.917,454.917,460.417
Argentina vs. Belgium - Ranking 9-10 ｜ Boys' U19 World Champs 2025 - Full Match_set1,22,472.45,480.7,472.95,480.2
Argentina vs. Belgium - Ranking 9-10 ｜ Boys' U19 World Champs 2025 - Full Match_set1,23,491.9,499.65,492.4,499.15
Argentina vs. Belgium - Ranking 9-10 ｜ Boys' U19 World Champs 2025 - Full Match_set1,24,514.067,524.367,514.567,523.867
Argentina vs. Belgium - Ranking 9-10 ｜ Boys' U19 World Champs 2025 - Full Match_set1,25,537.183,545.3,537.683,544.8
Argentina vs. Belgium - Ranking 9-10 ｜ Boys' U19 World Champs 2025 - Full Match_set1,26,562.867,568.967,563.367,568.467
Argentina vs. Belgium - Ranking 9-10 ｜ Boys' U19 World Champs 2025 - Full Match_set1,27,638.2,655.667,638.7,655.167
Argentina vs. Belgium - Ranking 9-10 ｜ Boys' U19 World Champs 2025 - Full Match_set1,28,673.967,685.917,674.467,685.417
Argentina vs. Belgium - Ranking 9-10 ｜ Boys' U19 World Champs 2025 - Full Match_set1,29,705.717,717.633,706.217,717.133
Argentina vs. Belgium - Ranking 9-10 ｜ Boys' U19 World Champs 2025 - Full Match_set1,30,784.8,793.5,785.3,793.0
Argentina vs. Belgium - Ranking 9-10 ｜ Boys' U19 World Champs 2025 - Full Match_set1,31,818.517,822.25,819.017,821.75
Argentina vs. Belgium - Ranking 9-10 ｜ Boys' U19 World Champs 2025 - Full Match_set1,32,837.5,851.417,838.0,850.917
Argentina vs. Belgium - Ranking 9-10 ｜ Boys' U19 World Champs 2025 - Full Match_set1,33,866.533,876.667,867.033,876.167
Argentina vs. Belgium - Ranking 9-10 ｜ Boys' U19 World Champs 2025 - Full Match_set1,34,890.333,898.55,890.833,898.05
Argentina vs. Belgium - Ranking 9-10 ｜ Boys' U19 World Champs 2025 - Full Match_set1,35,914.383,926.517,914.883,926.017
Argentina vs. Belgium - Ranking 9-10 ｜ Boys' U19 World Champs 2025 - Full Match_set1,36,942.333,950.4,942.833,949.9
Argentina vs. Belgium - Ranking 9-10 ｜ Boys' U19 World Champs 2025 - Full Match_set1,37,978.683,987.15,979.183,986.65
Argentina vs. Belgium - Ranking 9-10 ｜ Boys' U19 World Champs 2025 - Full Match_set1,38,1003.017,1014.933,1003.517,1014.433
Argentina vs. Belgium - Ranking 9-10 ｜ Boys' U19 World Champs 2025 - Full Match_set1,39,1031.95,1039.833,1032.45,1039.333
Argentina vs. Belgium - Ranking 9-10 ｜ Boys' U19 World Champs 2025 - Full Match_set1,40,1053.683,1060.95,1054.183,1060.45
Argentina vs. Belgium - Ranking 9-10 ｜ Boys' U19 World Champs 2025 - Full Match_set1,41,1076.767,1087.3,1077.267,1086.8
Argentina vs. Belgium - Ranking 9-10 ｜ Boys' U19 World Champs 2025 - Full Match_set1,42,1102.95,1109.217,1103.45,1108.717
Argentina vs. Belgium - Ranking 9-10 ｜ Boys' U19 World Champs 2025 - Full Match_set1,43,1125.9,1135.133,1126.4,1134.633
Argentina vs. Belgium - Ranking 9-10 ｜ Boys' U19 World Champs 2025 - Full Match_set1,44,1148.583,1153.417,1149.083,1152.917
Belgium vs. Thailand - Playoffs ｜ Girls' U19 World Champs 2025 - Full Match_set1,1,4.1,11.767,4.6,11.267
Belgium vs. Thailand - Playoffs ｜ Girls' U19 World Champs 2025 - Full Match_set1,2,27.35,35.283,27.85,34.783
Belgium vs. Thailand - Playoffs ｜ Girls' U19 World Champs 2025 - Full Match_set1,3,51.2,59.15,51.7,58.65
Belgium vs. Thailand - Playoffs ｜ Girls' U19 World Champs 2025 - Full Match_set1,4,73.633,77.967,74.133,77.467
Belgium vs. Thailand - Playoffs ｜ Girls' U19 World Champs 2025 - Full Match_set1,5,95.85,123.783,96.35,123.283
Belgium vs. Thailand - Playoffs ｜ Girls' U19 World Champs 2025 - Full Match_set1,6,143.767,150.217,144.267,149.717
Belgium vs. Thailand - Playoffs ｜ Girls' U19 World Champs 2025 - Full Match_set1,7,165.933,174.483,166.433,173.983
Belgium vs. Thailand - Playoffs ｜ Girls' U19 World Champs 2025 - Full Match_set1,8,188.883,203.383,189.383,202.883
Belgium vs. Thailand - Playoffs ｜ Girls' U19 World Champs 2025 - Full Match_set1,9,218.583,225.967,219.083,225.467
Belgium vs. Thailand - Playoffs ｜ Girls' U19 World Champs 2025 - Full Match_set1,10,241.833,256.583,242.333,256.083
Belgium vs. Thailand - Playoffs ｜ Girls' U19 World Champs 2025 - Full Match_set1,11,282.017,286.433,282.517,285.933
Belgium vs. Thailand - Playoffs ｜ Girls' U19 World Champs 2025 - Full Match_set1,12,299.033,308.05,299.533,307.55
Belgium vs. Thailand - Playoffs ｜ Girls' U19 World Champs 2025 - Full Match_set1,13,326.567,341.017,327.067,340.517
Belgium vs. Thailand - Playoffs ｜ Girls' U19 World Champs 2025 - Full Match_set1,14,357.533,365.433,358.033,364.933
Belgium vs. Thailand - Playoffs ｜ Girls' U19 World Champs 2025 - Full Match_set1,15,383.25,390.967,383.75,390.467
Belgium vs. Thailand - Playoffs ｜ Girls' U19 World Champs 2025 - Full Match_set1,16,405.567,412.667,406.067,412.167
Belgium vs. Thailand - Playoffs ｜ Girls' U19 World Champs 2025 - Full Match_set1,17,426.367,434.95,426.867,434.45
Belgium vs. Thailand - Playoffs ｜ Girls' U19 World Champs 2025 - Full Match_set1,18,449.167,464.4,449.667,463.9
Belgium vs. Thailand - Playoffs ｜ Girls' U19 World Champs 2025 - Full Match_set1,19,480.133,494.15,480.633,493.65
Belgium vs. Thailand - Playoffs ｜ Girls' U19 World Champs 2025 - Full Match_set1,20,558.75,564.45,559.25,563.95
Belgium vs. Thailand - Playoffs ｜ Girls' U19 World Champs 2025 - Full Match_set1,21,578.783,586.517,579.283,586.017
Belgium vs. Thailand - Playoffs ｜ Girls' U19 World Champs 2025 - Full Match_set1,22,601.25,618.95,601.75,618.45
Belgium vs. Thailand - Playoffs ｜ Girls' U19 World Champs 2025 - Full Match_set1,23,650.233,658.183,650.733,657.683
Belgium vs. Thailand - Playoffs ｜ Girls' U19 World Champs 2025 - Full Match_set1,24,675.483,687.017,675.983,686.517
Belgium vs. Thailand - Playoffs ｜ Girls' U19 World Champs 2025 - Full Match_set1,25,703.367,711.417,703.867,710.917
Belgium vs. Thailand - Playoffs ｜ Girls' U19 World Champs 2025 - Full Match_set1,26,728.333,734.833,728.833,734.333
Belgium vs. Thailand - Playoffs ｜ Girls' U19 World Champs 2025 - Full Match_set1,27,749.617,758.033,750.117,757.533
Belgium vs. Thailand - Playoffs ｜ Girls' U19 World Champs 2025 - Full Match_set1,28,772.033,781.317,772.533,780.817
Belgium vs. Thailand - Playoffs ｜ Girls' U19 World Champs 2025 - Full Match_set1,29,795.617,799.417,796.117,798.917
Belgium vs. Thailand - Playoffs ｜ Girls' U19 World Champs 2025 - Full Match_set1,30,811.883,820.683,812.383,820.183
Belgium vs. Thailand - Playoffs ｜ Girls' U19 World Champs 2025 - Full Match_set1,31,907.033,932.183,907.533,931.683
Belgium vs. Thailand - Playoffs ｜ Girls' U19 World Champs 2025 - Full Match_set1,32,950.733,963.683,951.233,963.183
Belgium vs. Thailand - Playoffs ｜ Girls' U19 World Champs 2025 - Full Match_set1,33,983.883,1014.083,984.383,1013.583
Belgium vs. Thailand - Playoffs ｜ Girls' U19 World Champs 2025 - Full Match_set1,34,1034.067,1038.183,1034.567,1037.683
Belgium vs. Thailand - Playoffs ｜ Girls' U19 World Champs 2025 - Full Match_set1,35,1054.483,1058.6,1054.983,1058.1
Belgium vs. Thailand - Playoffs ｜ Girls' U19 World Champs 2025 - Full Match_set1,36,1073.283,1077.55,1073.783,1077.05
Belgium vs. Thailand - Playoffs ｜ Girls' U19 World Champs 2025 - Full Match_set1,37,1133.267,1147.033,1133.767,1146.533
Belgium vs. Thailand - Playoffs ｜ Girls' U19 World Champs 2025 - Full Match_set1,38,1173.417,1185.833,1173.917,1185.333
Belgium vs. Thailand - Playoffs ｜ Girls' U19 World Champs 2025 - Full Match_set1,39,1201.533,1209.3,1202.033,1208.8
Belgium vs. Thailand - Playoffs ｜ Girls' U19 World Champs 2025 - Full Match_set1,40,1227.967,1234.367,1228.467,1233.867
Belgium vs. Thailand - Playoffs ｜ Girls' U19 World Champs 2025 - Full Match_set1,41,1335.583,1343.617,1336.083,1343.117
Belgium vs. Thailand - Playoffs ｜ Girls' U19 World Champs 2025 - Full Match_set1,42,1362.867,1369.333,1363.367,1368.833
Belgium vs. Thailand - Playoffs ｜ Girls' U19 World Champs 2025 - Full Match_set1,43,1384.05,1393.217,1384.55,1392.717
Belgium vs. Thailand - Playoffs ｜ Girls' U19 World Champs 2025 - Full Match_set1,44,1410.917,1419.1,1411.417,1418.6
Belgium vs. Thailand - Playoffs ｜ Girls' U19 World Champs 2025 - Full Match_set1,45,1434.35,1449.083,1434.85,1448.583
Brazil vs. Belgium - Classification 13-16 ｜ Boys' U19 World Champs 2025 - Full Match_set1,1,10.317,14.1,10.817,13.6
Brazil vs. Belgium - Classification 13-16 ｜ Boys' U19 World Champs 2025 - Full Match_set1,2,28.633,35.783,29.133,35.283
Brazil vs. Belgium - Classification 13-16 ｜ Boys' U19 World Champs 2025 - Full Match_set1,3,53.483,60.817,53.983,60.317
Brazil vs. Belgium - Classification 13-16 ｜ Boys' U19 World Champs 2025 - Full Match_set1,4,76.067,82.8,76.567,82.3
Brazil vs. Belgium - Classification 13-16 ｜ Boys' U19 World Champs 2025 - Full Match_set1,5,98.717,107.5,99.217,107.0
Brazil vs. Belgium - Classification 13-16 ｜ Boys' U19 World Champs 2025 - Full Match_set1,6,122.333,137.7,122.833,137.2
Brazil vs. Belgium - Classification 13-16 ｜ Boys' U19 World Champs 2025 - Full Match_set1,7,151.7,159.717,152.2,159.217
Brazil vs. Belgium - Classification 13-16 ｜ Boys' U19 World Champs 2025 - Full Match_set1,8,172.333,179.7,172.833,179.2
Brazil vs. Belgium - Classification 13-16 ｜ Boys' U19 World Champs 2025 - Full Match_set1,9,197.867,201.467,198.367,200.967
Brazil vs. Belgium - Classification 13-16 ｜ Boys' U19 World Champs 2025 - Full Match_set1,10,216.0,223.5,216.5,223.0
Brazil vs. Belgium - Classification 13-16 ｜ Boys' U19 World Champs 2025 - Full Match_set1,11,238.483,249.317,238.983,248.817
Brazil vs. Belgium - Classification 13-16 ｜ Boys' U19 World Champs 2025 - Full Match_set1,12,262.517,278.783,263.017,278.283
Brazil vs. Belgium - Classification 13-16 ｜ Boys' U19 World Champs 2025 - Full Match_set1,13,295.35,303.8,295.85,303.3
Brazil vs. Belgium - Classification 13-16 ｜ Boys' U19 World Champs 2025 - Full Match_set1,14,319.117,339.383,319.617,338.883
Brazil vs. Belgium - Classification 13-16 ｜ Boys' U19 World Champs 2025 - Full Match_set1,15,353.15,364.433,353.65,363.933
Brazil vs. Belgium - Classification 13-16 ｜ Boys' U19 World Champs 2025 - Full Match_set1,16,378.6,382.317,379.1,381.817
Brazil vs. Belgium - Classification 13-16 ｜ Boys' U19 World Champs 2025 - Full Match_set1,17,398.933,409.9,399.433,409.4
Brazil vs. Belgium - Classification 13-16 ｜ Boys' U19 World Champs 2025 - Full Match_set1,18,431.267,435.5,431.767,435.0
Brazil vs. Belgium - Classification 13-16 ｜ Boys' U19 World Champs 2025 - Full Match_set1,19,448.567,454.967,449.067,454.467
Brazil vs. Belgium - Classification 13-16 ｜ Boys' U19 World Champs 2025 - Full Match_set1,20,467.133,475.533,467.633,475.033
Brazil vs. Belgium - Classification 13-16 ｜ Boys' U19 World Champs 2025 - Full Match_set1,21,489.55,495.617,490.05,495.117
Brazil vs. Belgium - Classification 13-16 ｜ Boys' U19 World Champs 2025 - Full Match_set1,22,512.5,517.067,513.0,516.567
Brazil vs. Belgium - Classification 13-16 ｜ Boys' U19 World Champs 2025 - Full Match_set1,23,527.083,534.967,527.583,534.467
Brazil vs. Belgium - Classification 13-16 ｜ Boys' U19 World Champs 2025 - Full Match_set1,24,547.0,558.083,547.5,557.583
Brazil vs. Belgium - Classification 13-16 ｜ Boys' U19 World Champs 2025 - Full Match_set1,25,575.283,587.4,575.783,586.9
Brazil vs. Belgium - Classification 13-16 ｜ Boys' U19 World Champs 2025 - Full Match_set1,26,603.583,607.033,604.083,606.533
Brazil vs. Belgium - Classification 13-16 ｜ Boys' U19 World Champs 2025 - Full Match_set1,27,619.717,626.4,620.217,625.9
Brazil vs. Belgium - Classification 13-16 ｜ Boys' U19 World Champs 2025 - Full Match_set1,28,641.167,648.383,641.667,647.883
Brazil vs. Belgium - Classification 13-16 ｜ Boys' U19 World Champs 2025 - Full Match_set1,29,661.517,675.967,662.017,675.467
Brazil vs. Belgium - Classification 13-16 ｜ Boys' U19 World Champs 2025 - Full Match_set1,30,702.267,719.6,702.767,719.1
Brazil vs. Belgium - Classification 13-16 ｜ Boys' U19 World Champs 2025 - Full Match_set1,31,730.583,737.717,731.083,737.217
Brazil vs. Belgium - Classification 13-16 ｜ Boys' U19 World Champs 2025 - Full Match_set1,32,756.067,764.1,756.567,763.6
Brazil vs. Belgium - Classification 13-16 ｜ Boys' U19 World Champs 2025 - Full Match_set1,33,780.3,784.617,780.8,784.117
Brazil vs. Belgium - Classification 13-16 ｜ Boys' U19 World Champs 2025 - Full Match_set1,34,797.417,805.167,797.917,804.667
Brazil vs. Belgium - Classification 13-16 ｜ Boys' U19 World Champs 2025 - Full Match_set1,35,819.433,826.35,819.933,825.85
Brazil vs. Belgium - Classification 13-16 ｜ Boys' U19 World Champs 2025 - Full Match_set1,36,841.517,849.6,842.017,849.1
Brazil vs. Belgium - Classification 13-16 ｜ Boys' U19 World Champs 2025 - Full Match_set1,37,862.917,867.15,863.417,866.65
Brazil vs. Belgium - Classification 13-16 ｜ Boys' U19 World Champs 2025 - Full Match_set1,38,1073.717,1089.783,1074.217,1089.283
Brazil vs. Belgium - Classification 13-16 ｜ Boys' U19 World Champs 2025 - Full Match_set1,39,1158.95,1166.6,1159.45,1166.1
Brazil vs. Belgium - Classification 13-16 ｜ Boys' U19 World Champs 2025 - Full Match_set1,40,1183.1,1190.383,1183.6,1189.883
Brazil vs. Belgium - Classification 13-16 ｜ Boys' U19 World Champs 2025 - Full Match_set1,41,1224.4,1240.167,1224.9,1239.667
Brazil vs. Belgium - Classification 13-16 ｜ Boys' U19 World Champs 2025 - Full Match_set1,42,1306.95,1313.75,1307.45,1313.25
Brazil vs. Belgium - Classification 13-16 ｜ Boys' U19 World Champs 2025 - Full Match_set1,43,1328.383,1347.267,1328.883,1346.767
Brazil vs. Belgium - Classification 13-16 ｜ Boys' U19 World Champs 2025 - Full Match_set1,44,1367.05,1374.467,1367.55,1373.967
Brazil vs. Belgium - Classification 13-16 ｜ Boys' U19 World Champs 2025 - Full Match_set1,45,1392.4,1413.667,1392.9,1413.167
Brazil 🇧🇷 vs. Cuba 🇨🇺 ｜ VNL 2025 - Full Match ｜ Week 1_set1,1,6.8,10.22,7.3,9.72
Brazil 🇧🇷 vs. Cuba 🇨🇺 ｜ VNL 2025 - Full Match ｜ Week 1_set1,2,22.5,29.18,23.0,28.68
Brazil 🇧🇷 vs. Cuba 🇨🇺 ｜ VNL 2025 - Full Match ｜ Week 1_set1,3,59.18,66.04,59.68,65.54
Brazil 🇧🇷 vs. Cuba 🇨🇺 ｜ VNL 2025 - Full Match ｜ Week 1_set1,4,90.22,101.38,90.72,100.88
Brazil 🇧🇷 vs. Cuba 🇨🇺 ｜ VNL 2025 - Full Match ｜ Week 1_set1,5,116.56,119.94,117.06,119.44
Brazil 🇧🇷 vs. Cuba 🇨🇺 ｜ VNL 2025 - Full Match ｜ Week 1_set1,6,136.72,145.78,137.22,145.28
Brazil 🇧🇷 vs. Cuba 🇨🇺 ｜ VNL 2025 - Full Match ｜ Week 1_set1,7,163.56,179.16,164.06,178.66
Brazil 🇧🇷 vs. Cuba 🇨🇺 ｜ VNL 2025 - Full Match ｜ Week 1_set1,8,199.12,208.74,199.62,208.24
Brazil 🇧🇷 vs. Cuba 🇨🇺 ｜ VNL 2025 - Full Match ｜ Week 1_set1,9,279.54,291.28,280.04,290.78
Brazil 🇧🇷 vs. Cuba 🇨🇺 ｜ VNL 2025 - Full Match ｜ Week 1_set1,10,311.26,319.44,311.76,318.94
Brazil 🇧🇷 vs. Cuba 🇨🇺 ｜ VNL 2025 - Full Match ｜ Week 1_set1,11,334.64,341.78,335.14,341.28
Brazil 🇧🇷 vs. Cuba 🇨🇺 ｜ VNL 2025 - Full Match ｜ Week 1_set1,12,359.34,369.38,359.84,368.88
Brazil 🇧🇷 vs. Cuba 🇨🇺 ｜ VNL 2025 - Full Match ｜ Week 1_set1,13,388.64,395.54,389.14,395.04
Brazil 🇧🇷 vs. Cuba 🇨🇺 ｜ VNL 2025 - Full Match ｜ Week 1_set1,14,412.02,418.26,412.52,417.76
Brazil 🇧🇷 vs. Cuba 🇨🇺 ｜ VNL 2025 - Full Match ｜ Week 1_set1,15,436.6,442.16,437.1,441.66
Brazil 🇧🇷 vs. Cuba 🇨🇺 ｜ VNL 2025 - Full Match ｜ Week 1_set1,16,509.32,527.28,509.82,526.78
Brazil 🇧🇷 vs. Cuba 🇨🇺 ｜ VNL 2025 - Full Match ｜ Week 1_set1,17,546.0,549.64,546.5,549.14
Brazil 🇧🇷 vs. Cuba 🇨🇺 ｜ VNL 2025 - Full Match ｜ Week 1_set1,18,568.08,574.52,568.58,574.02
Brazil 🇧🇷 vs. Cuba 🇨🇺 ｜ VNL 2025 - Full Match ｜ Week 1_set1,19,590.98,598.32,591.48,597.82
Brazil 🇧🇷 vs. Cuba 🇨🇺 ｜ VNL 2025 - Full Match ｜ Week 1_set1,20,617.9,628.14,618.4,627.64
Brazil 🇧🇷 vs. Cuba 🇨🇺 ｜ VNL 2025 - Full Match ｜ Week 1_set1,21,653.2,660.38,653.7,659.88
Brazil 🇧🇷 vs. Cuba 🇨🇺 ｜ VNL 2025 - Full Match ｜ Week 1_set1,22,681.14,688.36,681.64,687.86
Brazil 🇧🇷 vs. Cuba 🇨🇺 ｜ VNL 2025 - Full Match ｜ Week 1_set1,23,705.58,712.28,706.08,711.78
Brazil 🇧🇷 vs. Cuba 🇨🇺 ｜ VNL 2025 - Full Match ｜ Week 1_set1,24,728.32,735.7,728.82,735.2
Brazil 🇧🇷 vs. Cuba 🇨🇺 ｜ VNL 2025 - Full Match ｜ Week 1_set1,25,752.22,765.08,752.72,764.58
Brazil 🇧🇷 vs. Cuba 🇨🇺 ｜ VNL 2025 - Full Match ｜ Week 1_set1,26,785.06,788.86,785.56,788.36
Brazil 🇧🇷 vs. Cuba 🇨🇺 ｜ VNL 2025 - Full Match ｜ Week 1_set1,27,802.76,806.48,803.26,805.98
Brazil 🇧🇷 vs. Cuba 🇨🇺 ｜ VNL 2025 - Full Match ｜ Week 1_set1,28,825.62,833.36,826.12,832.86
Brazil 🇧🇷 vs. Cuba 🇨🇺 ｜ VNL 2025 - Full Match ｜ Week 1_set1,29,853.74,860.86,854.24,860.36
Brazil 🇧🇷 vs. Cuba 🇨🇺 ｜ VNL 2025 - Full Match ｜ Week 1_set1,30,879.78,886.5,880.28,886.0
Brazil 🇧🇷 vs. Cuba 🇨🇺 ｜ VNL 2025 - Full Match ｜ Week 1_set1,31,905.06,923.32,905.56,922.82
Brazil 🇧🇷 vs. Cuba 🇨🇺 ｜ VNL 2025 - Full Match ｜ Week 1_set1,32,946.54,952.94,947.04,952.44
Brazil 🇧🇷 vs. Cuba 🇨🇺 ｜ VNL 2025 - Full Match ｜ Week 1_set1,33,973.54,977.4,974.04,976.9
Brazil 🇧🇷 vs. Cuba 🇨🇺 ｜ VNL 2025 - Full Match ｜ Week 1_set1,34,992.06,1001.54,992.56,1001.04
Brazil 🇧🇷 vs. Cuba 🇨🇺 ｜ VNL 2025 - Full Match ｜ Week 1_set1,35,1067.02,1075.42,1067.52,1074.92
Brazil 🇧🇷 vs. Cuba 🇨🇺 ｜ VNL 2025 - Full Match ｜ Week 1_set1,36,1151.88,1155.64,1152.38,1155.14
Brazil 🇧🇷 vs. Cuba 🇨🇺 ｜ VNL 2025 - Full Match ｜ Week 1_set1,37,1171.44,1175.56,1171.94,1175.06
Brazil 🇧🇷 vs. Cuba 🇨🇺 ｜ VNL 2025 - Full Match ｜ Week 1_set1,38,1202.92,1210.62,1203.42,1210.12
Brazil 🇧🇷 vs. Cuba 🇨🇺 ｜ VNL 2025 - Full Match ｜ Week 1_set1,39,1238.74,1246.66,1239.24,1246.16
Brazil 🇧🇷 vs. Cuba 🇨🇺 ｜ VNL 2025 - Full Match ｜ Week 1_set1,40,1397.76,1407.9,1398.26,1407.4
Brazil 🇧🇷 vs. Cuba 🇨🇺 ｜ VNL 2025 - Full Match ｜ Week 1_set1,41,1427.14,1434.12,1427.64,1433.62
Brazil 🇧🇷 vs. Cuba 🇨🇺 ｜ VNL 2025 - Full Match ｜ Week 1_set1,42,1463.86,1467.52,1464.36,1467.02
Brazil 🇧🇷 vs. Cuba 🇨🇺 ｜ VNL 2025 - Full Match ｜ Week 1_set1,43,1488.74,1495.66,1489.24,1495.16
Brazil 🇧🇷 vs. Cuba 🇨🇺 ｜ VNL 2025 - Full Match ｜ Week 1_set1,44,1564.3,1568.04,1564.8,1567.54
Brazil 🇧🇷 vs. Cuba 🇨🇺 ｜ VNL 2025 - Full Match ｜ Week 1_set1,45,1586.32,1590.88,1586.82,1590.38
Brazil 🇧🇷 vs. Cuba 🇨🇺 ｜ VNL 2025 - Full Match ｜ Week 1_set1,46,1658.54,1666.72,1659.04,1666.22
Brazil 🇧🇷 vs. Cuba 🇨🇺 ｜ VNL 2025 - Full Match ｜ Week 1_set1,47,1696.5,1702.54,1697.0,1702.04
Brazil 🇧🇷 vs. Cuba 🇨🇺 ｜ VNL 2025 - Full Match ｜ Week 1_set1,48,1725.04,1732.94,1725.54,1732.44
Brazil 🇧🇷 vs. Cuba 🇨🇺 ｜ VNL 2025 - Full Match ｜ Week 1_set1,49,1760.06,1769.44,1760.56,1768.94
Brazil 🇧🇷 vs. Cuba 🇨🇺 ｜ VNL 2025 - Full Match ｜ Week 1_set1,50,1794.12,1800.64,1794.62,1800.14
Brazil 🇧🇷 vs. Cuba 🇨🇺 ｜ VNL 2025 - Full Match ｜ Week 1_set1,51,1826.94,1833.38,1827.44,1832.88
Brazil 🇧🇷 vs. Cuba 🇨🇺 ｜ VNL 2025 - Full Match ｜ Week 1_set1,52,1861.42,1872.42,1861.92,1871.92
Brazil 🇧🇷 vs. Cuba 🇨🇺 ｜ VNL 2025 - Full Match ｜ Week 1_set5,1,-1.22,6.1,0.0,5.6
Brazil 🇧🇷 vs. Cuba 🇨🇺 ｜ VNL 2025 - Full Match ｜ Week 1_set5,2,24.64,48.28,25.14,47.78
Brazil 🇧🇷 vs. Cuba 🇨🇺 ｜ VNL 2025 - Full Match ｜ Week 1_set5,3,73.48,77.22,73.98,76.72
Brazil 🇧🇷 vs. Cuba 🇨🇺 ｜ VNL 2025 - Full Match ｜ Week 1_set5,4,141.02,147.48,141.52,146.98
Brazil 🇧🇷 vs. Cuba 🇨🇺 ｜ VNL 2025 - Full Match ｜ Week 1_set5,5,211.44,227.16,211.94,226.66
Brazil 🇧🇷 vs. Cuba 🇨🇺 ｜ VNL 2025 - Full Match ｜ Week 1_set5,6,249.58,253.12,250.08,252.62
Brazil 🇧🇷 vs. Cuba 🇨🇺 ｜ VNL 2025 - Full Match ｜ Week 1_set5,7,269.0,276.64,269.5,276.14
Brazil 🇧🇷 vs. Cuba 🇨🇺 ｜ VNL 2025 - Full Match ｜ Week 1_set5,8,293.32,299.64,293.82,299.14
Brazil 🇧🇷 vs. Cuba 🇨🇺 ｜ VNL 2025 - Full Match ｜ Week 1_set5,9,314.5,322.48,315.0,321.98
Brazil 🇧🇷 vs. Cuba 🇨🇺 ｜ VNL 2025 - Full Match ｜ Week 1_set5,10,336.88,343.08,337.38,342.58
Brazil 🇧🇷 vs. Cuba 🇨🇺 ｜ VNL 2025 - Full Match ｜ Week 1_set5,11,358.98,369.3,359.48,368.8
Brazil 🇧🇷 vs. Cuba 🇨🇺 ｜ VNL 2025 - Full Match ｜ Week 1_set5,12,389.14,397.24,389.64,396.74
Brazil 🇧🇷 vs. Cuba 🇨🇺 ｜ VNL 2025 - Full Match ｜ Week 1_set5,13,414.14,417.82,414.64,417.32
Brazil 🇧🇷 vs. Cuba 🇨🇺 ｜ VNL 2025 - Full Match ｜ Week 1_set5,14,432.18,443.08,432.68,442.58
Brazil 🇧🇷 vs. Cuba 🇨🇺 ｜ VNL 2025 - Full Match ｜ Week 1_set5,15,460.96,472.94,461.46,472.44
Brazil 🇧🇷 vs. Cuba 🇨🇺 ｜ VNL 2025 - Full Match ｜ Week 1_set5,16,571.4,581.48,571.9,580.98
Brazil 🇧🇷 vs. Cuba 🇨🇺 ｜ VNL 2025 - Full Match ｜ Week 1_set5,17,606.32,613.34,606.82,612.84
Brazil 🇧🇷 vs. Cuba 🇨🇺 ｜ VNL 2025 - Full Match ｜ Week 1_set5,18,637.32,645.48,637.82,644.98
Brazil 🇧🇷 vs. Cuba 🇨🇺 ｜ VNL 2025 - Full Match ｜ Week 1_set5,19,667.94,671.6,668.44,671.1
Brazil 🇧🇷 vs. Cuba 🇨🇺 ｜ VNL 2025 - Full Match ｜ Week 1_set5,20,690.7,697.48,691.2,696.98
Brazil 🇧🇷 vs. Cuba 🇨🇺 ｜ VNL 2025 - Full Match ｜ Week 1_set5,21,723.8,727.6,724.3,727.1
Brazil 🇧🇷 vs. Cuba 🇨🇺 ｜ VNL 2025 - Full Match ｜ Week 1_set5,22,745.88,752.64,746.38,752.14
Brazil 🇧🇷 vs. Cuba 🇨🇺 ｜ VNL 2025 - Full Match ｜ Week 1_set5,23,775.34,794.2,775.84,793.7
Brazil 🇧🇷 vs. Cuba 🇨🇺 ｜ VNL 2025 - Full Match ｜ Week 1_set5,24,828.08,831.68,828.58,831.18
Brazil 🇧🇷 vs. Cuba 🇨🇺 ｜ VNL 2025 - Full Match ｜ Week 1_set5,25,856.84,863.88,857.34,863.38
Brazil 🇧🇷 vs. Cuba 🇨🇺 ｜ VNL 2025 - Full Match ｜ Week 1_set5,26,883.8,898.06,884.3,897.56
Brazil 🇧🇷 vs. Cuba 🇨🇺 ｜ VNL 2025 - Full Match ｜ Week 1_set5,27,975.52,986.76,976.02,986.26
Brazil 🇧🇷 vs. Cuba 🇨🇺 ｜ VNL 2025 - Full Match ｜ Week 1_set5,28,1083.16,1097.48,1083.66,1096.98
Brazil 🇧🇷 vs. Italy 🇮🇹  ｜ VNL 2025 - Full Match ｜ Week 1_set1,1,5.92,12.32,6.42,11.82
Brazil 🇧🇷 vs. Italy 🇮🇹  ｜ VNL 2025 - Full Match ｜ Week 1_set1,2,26.06,34.78,26.56,34.28
Brazil 🇧🇷 vs. Italy 🇮🇹  ｜ VNL 2025 - Full Match ｜ Week 1_set1,3,58.46,67.04,58.96,66.54
Brazil 🇧🇷 vs. Italy 🇮🇹  ｜ VNL 2025 - Full Match ｜ Week 1_set1,4,85.1,91.4,85.6,90.9
Brazil 🇧🇷 vs. Italy 🇮🇹  ｜ VNL 2025 - Full Match ｜ Week 1_set1,5,111.06,114.54,111.56,114.04
Brazil 🇧🇷 vs. Italy 🇮🇹  ｜ VNL 2025 - Full Match ｜ Week 1_set1,6,126.34,134.4,126.84,133.9
Brazil 🇧🇷 vs. Italy 🇮🇹  ｜ VNL 2025 - Full Match ｜ Week 1_set1,7,151.74,155.62,152.24,155.12
Brazil 🇧🇷 vs. Italy 🇮🇹  ｜ VNL 2025 - Full Match ｜ Week 1_set1,8,171.4,178.5,171.9,178.0
Brazil 🇧🇷 vs. Italy 🇮🇹  ｜ VNL 2025 - Full Match ｜ Week 1_set1,9,193.658,196.5,193.658,196.0
Brazil 🇧🇷 vs. Italy 🇮🇹  ｜ VNL 2025 - Full Match ｜ Week 1_set1,10,215.52,222.7,216.02,222.2
Brazil 🇧🇷 vs. Italy 🇮🇹  ｜ VNL 2025 - Full Match ｜ Week 1_set1,11,243.7,254.84,244.2,254.34
Brazil 🇧🇷 vs. Italy 🇮🇹  ｜ VNL 2025 - Full Match ｜ Week 1_set1,12,271.0,278.58,271.5,278.08
Brazil 🇧🇷 vs. Italy 🇮🇹  ｜ VNL 2025 - Full Match ｜ Week 1_set1,13,293.74,297.98,294.24,297.48
Brazil 🇧🇷 vs. Italy 🇮🇹  ｜ VNL 2025 - Full Match ｜ Week 1_set1,14,314.08,323.52,314.58,323.02
Brazil 🇧🇷 vs. Italy 🇮🇹  ｜ VNL 2025 - Full Match ｜ Week 1_set1,15,340.76,344.4,341.26,343.9
Brazil 🇧🇷 vs. Italy 🇮🇹  ｜ VNL 2025 - Full Match ｜ Week 1_set1,16,359.8,368.9,360.3,368.4
Brazil 🇧🇷 vs. Italy 🇮🇹  ｜ VNL 2025 - Full Match ｜ Week 1_set1,17,385.1,396.62,385.6,396.12
Brazil 🇧🇷 vs. Italy 🇮🇹  ｜ VNL 2025 - Full Match ｜ Week 1_set1,18,409.58,416.74,410.08,416.24
Brazil 🇧🇷 vs. Italy 🇮🇹  ｜ VNL 2025 - Full Match ｜ Week 1_set1,19,471.36,483.48,471.86,482.98
Brazil 🇧🇷 vs. Italy 🇮🇹  ｜ VNL 2025 - Full Match ｜ Week 1_set1,20,501.5,507.96,502.0,507.46
Brazil 🇧🇷 vs. Italy 🇮🇹  ｜ VNL 2025 - Full Match ｜ Week 1_set1,21,524.3,530.6,524.8,530.1
Brazil 🇧🇷 vs. Italy 🇮🇹  ｜ VNL 2025 - Full Match ｜ Week 1_set1,22,543.5,549.4,544.0,548.9
Brazil 🇧🇷 vs. Italy 🇮🇹  ｜ VNL 2025 - Full Match ｜ Week 1_set1,23,612.06,619.08,612.56,618.58
Brazil 🇧🇷 vs. Italy 🇮🇹  ｜ VNL 2025 - Full Match ｜ Week 1_set1,24,647.22,654.48,647.72,653.98
Brazil 🇧🇷 vs. Italy 🇮🇹  ｜ VNL 2025 - Full Match ｜ Week 1_set1,25,673.88,680.14,674.38,679.64
Brazil 🇧🇷 vs. Italy 🇮🇹  ｜ VNL 2025 - Full Match ｜ Week 1_set1,26,692.16,695.36,692.66,694.86
Brazil 🇧🇷 vs. Italy 🇮🇹  ｜ VNL 2025 - Full Match ｜ Week 1_set1,27,711.44,725.54,711.94,725.04
Brazil 🇧🇷 vs. Italy 🇮🇹  ｜ VNL 2025 - Full Match ｜ Week 1_set1,28,739.76,746.94,740.26,746.44
Brazil 🇧🇷 vs. Italy 🇮🇹  ｜ VNL 2025 - Full Match ｜ Week 1_set1,29,761.5,769.02,762.0,768.52
Brazil 🇧🇷 vs. Italy 🇮🇹  ｜ VNL 2025 - Full Match ｜ Week 1_set1,30,787.6,794.46,788.1,793.96
Brazil 🇧🇷 vs. Italy 🇮🇹  ｜ VNL 2025 - Full Match ｜ Week 1_set1,31,878.6,884.14,879.1,883.64
Brazil 🇧🇷 vs. Italy 🇮🇹  ｜ VNL 2025 - Full Match ｜ Week 1_set1,32,900.52,908.3,901.02,907.8
Brazil 🇧🇷 vs. Italy 🇮🇹  ｜ VNL 2025 - Full Match ｜ Week 1_set1,33,924.28,931.24,924.78,930.74
Brazil 🇧🇷 vs. Italy 🇮🇹  ｜ VNL 2025 - Full Match ｜ Week 1_set1,34,945.9,951.86,946.4,951.36
Brazil 🇧🇷 vs. Italy 🇮🇹  ｜ VNL 2025 - Full Match ｜ Week 1_set1,35,966.78,979.14,967.28,978.64
Brazil 🇧🇷 vs. Italy 🇮🇹  ｜ VNL 2025 - Full Match ｜ Week 1_set1,36,1049.88,1057.14,1050.38,1056.64
Brazil 🇧🇷 vs. Italy 🇮🇹  ｜ VNL 2025 - Full Match ｜ Week 1_set1,37,1073.4,1081.9,1073.9,1081.4
Brazil 🇧🇷 vs. Italy 🇮🇹  ｜ VNL 2025 - Full Match ｜ Week 1_set1,38,1152.7,1159.74,1153.2,1159.24
Brazil 🇧🇷 vs. Italy 🇮🇹  ｜ VNL 2025 - Full Match ｜ Week 1_set1,39,1198.02,1205.0,1198.52,1204.5
Brazil 🇧🇷 vs. Italy 🇮🇹  ｜ VNL 2025 - Full Match ｜ Week 1_set1,40,1217.68,1224.6,1218.18,1224.1
Brazil 🇧🇷 vs. Italy 🇮🇹  ｜ VNL 2025 - Full Match ｜ Week 1_set1,41,1246.7,1253.48,1247.2,1252.98
Brazil 🇧🇷 vs. Italy 🇮🇹  ｜ VNL 2025 - Full Match ｜ Week 1_set1,42,1278.96,1285.72,1279.46,1285.22
Brazil 🇧🇷 vs. Italy 🇮🇹  ｜ VNL 2025 - Full Match ｜ Week 1_set1,43,1305.12,1310.24,1305.62,1309.74
Brazil 🇧🇷 vs. Italy 🇮🇹  ｜ VNL 2025 - Full Match ｜ Week 1_set1,44,1379.64,1397.56,1380.14,1397.06
Brazil 🇧🇷 vs. Italy 🇮🇹  ｜ VNL 2025 - Full Match ｜ Week 1_set1,45,1418.92,1426.42,1419.42,1425.92
Brazil 🇧🇷 vs. Italy 🇮🇹  ｜ VNL 2025 - Full Match ｜ Week 1_set1,46,1453.42,1457.7,1453.92,1457.2
Brazil 🇧🇷 vs. Italy 🇮🇹  ｜ VNL 2025 - Full Match ｜ Week 1_set1,47,1475.58,1482.94,1476.08,1482.44
Brazil 🇧🇷 vs. Poland 🇵🇱 ｜ VNL 2025 - Full Match ｜ Week 2_set1,1,5.22,11.98,5.72,11.48
Brazil 🇧🇷 vs. Poland 🇵🇱 ｜ VNL 2025 - Full Match ｜ Week 2_set1,2,31.34,38.46,31.84,37.96
Brazil 🇧🇷 vs. Poland 🇵🇱 ｜ VNL 2025 - Full Match ｜ Week 2_set1,3,54.74,61.98,55.24,61.48
Brazil 🇧🇷 vs. Poland 🇵🇱 ｜ VNL 2025 - Full Match ｜ Week 2_set1,4,81.46,98.58,81.96,98.08
Brazil 🇧🇷 vs. Poland 🇵🇱 ｜ VNL 2025 - Full Match ｜ Week 2_set1,5,119.94,127.54,120.44,127.04
Brazil 🇧🇷 vs. Poland 🇵🇱 ｜ VNL 2025 - Full Match ｜ Week 2_set1,6,147.82,167.58,148.32,167.08
Brazil 🇧🇷 vs. Poland 🇵🇱 ｜ VNL 2025 - Full Match ｜ Week 2_set1,7,189.14,196.58,189.64,196.08
Brazil 🇧🇷 vs. Poland 🇵🇱 ｜ VNL 2025 - Full Match ｜ Week 2_set1,8,213.1,219.58,213.6,219.08
Brazil 🇧🇷 vs. Poland 🇵🇱 ｜ VNL 2025 - Full Match ｜ Week 2_set1,9,239.3,251.46,239.8,250.96
Brazil 🇧🇷 vs. Poland 🇵🇱 ｜ VNL 2025 - Full Match ｜ Week 2_set1,10,273.66,282.78,274.16,282.28
Brazil 🇧🇷 vs. Poland 🇵🇱 ｜ VNL 2025 - Full Match ｜ Week 2_set1,11,304.3,308.26,304.8,307.76
Brazil 🇧🇷 vs. Poland 🇵🇱 ｜ VNL 2025 - Full Match ｜ Week 2_set1,12,323.5,335.42,324.0,334.92
Brazil 🇧🇷 vs. Poland 🇵🇱 ｜ VNL 2025 - Full Match ｜ Week 2_set1,13,353.78,360.42,354.28,359.92
Brazil 🇧🇷 vs. Poland 🇵🇱 ｜ VNL 2025 - Full Match ｜ Week 2_set1,14,375.74,387.86,376.24,387.36
Brazil 🇧🇷 vs. Poland 🇵🇱 ｜ VNL 2025 - Full Match ｜ Week 2_set1,15,452.66,476.62,453.16,476.12
Brazil 🇧🇷 vs. Poland 🇵🇱 ｜ VNL 2025 - Full Match ｜ Week 2_set1,16,498.3,505.94,498.8,505.44
Brazil 🇧🇷 vs. Poland 🇵🇱 ｜ VNL 2025 - Full Match ｜ Week 2_set1,17,525.5,531.82,526.0,531.32
Brazil 🇧🇷 vs. Poland 🇵🇱 ｜ VNL 2025 - Full Match ｜ Week 2_set1,18,550.1,566.42,550.6,565.92
Brazil 🇧🇷 vs. Poland 🇵🇱 ｜ VNL 2025 - Full Match ｜ Week 2_set1,19,584.94,588.94,585.44,588.44
Brazil 🇧🇷 vs. Poland 🇵🇱 ｜ VNL 2025 - Full Match ｜ Week 2_set1,20,603.62,611.46,604.12,610.96
Brazil 🇧🇷 vs. Poland 🇵🇱 ｜ VNL 2025 - Full Match ｜ Week 2_set1,21,628.1,637.26,628.6,636.76
Brazil 🇧🇷 vs. Poland 🇵🇱 ｜ VNL 2025 - Full Match ｜ Week 2_set1,22,657.46,667.14,657.96,666.64
Brazil 🇧🇷 vs. Poland 🇵🇱 ｜ VNL 2025 - Full Match ｜ Week 2_set1,23,691.9,707.58,692.4,707.08
Brazil 🇧🇷 vs. Poland 🇵🇱 ｜ VNL 2025 - Full Match ｜ Week 2_set1,24,736.82,743.9,737.32,743.4
Brazil 🇧🇷 vs. Poland 🇵🇱 ｜ VNL 2025 - Full Match ｜ Week 2_set1,25,763.1,766.62,763.6,766.12
Brazil 🇧🇷 vs. Poland 🇵🇱 ｜ VNL 2025 - Full Match ｜ Week 2_set1,26,784.18,792.34,784.68,791.84
Brazil 🇧🇷 vs. Poland 🇵🇱 ｜ VNL 2025 - Full Match ｜ Week 2_set1,27,811.9,818.98,812.4,818.48
Brazil 🇧🇷 vs. Poland 🇵🇱 ｜ VNL 2025 - Full Match ｜ Week 2_set1,28,841.34,850.22,841.84,849.72
Brazil 🇧🇷 vs. Poland 🇵🇱 ｜ VNL 2025 - Full Match ｜ Week 2_set1,29,867.06,873.34,867.56,872.84
Brazil 🇧🇷 vs. Poland 🇵🇱 ｜ VNL 2025 - Full Match ｜ Week 2_set1,30,889.38,893.66,889.88,893.16
Brazil 🇧🇷 vs. Poland 🇵🇱 ｜ VNL 2025 - Full Match ｜ Week 2_set1,31,909.66,915.94,910.16,915.44
Brazil 🇧🇷 vs. Poland 🇵🇱 ｜ VNL 2025 - Full Match ｜ Week 2_set1,32,949.18,953.02,949.68,952.52
Brazil 🇧🇷 vs. Poland 🇵🇱 ｜ VNL 2025 - Full Match ｜ Week 2_set1,33,967.1,973.06,967.6,972.56
Brazil 🇧🇷 vs. Poland 🇵🇱 ｜ VNL 2025 - Full Match ｜ Week 2_set1,34,1003.74,1016.34,1004.24,1015.84
Brazil 🇧🇷 vs. Poland 🇵🇱 ｜ VNL 2025 - Full Match ｜ Week 2_set1,35,1096.58,1103.3,1097.08,1102.8
Brazil 🇧🇷 vs. Poland 🇵🇱 ｜ VNL 2025 - Full Match ｜ Week 2_set1,36,1196.62,1206.14,1197.12,1205.64
Brazil 🇧🇷 vs. Poland 🇵🇱 ｜ VNL 2025 - Full Match ｜ Week 2_set1,37,1227.42,1247.06,1227.92,1246.56
Brazil 🇧🇷 vs. Poland 🇵🇱 ｜ VNL 2025 - Full Match ｜ Week 2_set1,38,1310.3,1327.06,1310.8,1326.56
Brazil 🇧🇷 vs. Poland 🇵🇱 ｜ VNL 2025 - Full Match ｜ Week 2_set1,39,1344.82,1352.3,1345.32,1351.8
Brazil 🇧🇷 vs. Poland 🇵🇱 ｜ VNL 2025 - Full Match ｜ Week 2_set1,40,1381.18,1389.38,1381.68,1388.88
Brazil 🇧🇷 vs. Poland 🇵🇱 ｜ VNL 2025 - Full Match ｜ Week 2_set1,41,1428.18,1436.3,1428.68,1435.8
Brazil 🇧🇷 vs. Poland 🇵🇱 ｜ VNL 2025 - Full Match ｜ Week 2_set1,42,1461.5,1474.7,1462.0,1474.2
Brazil 🇧🇷 vs. Poland 🇵🇱 ｜ VNL 2025 - Full Match ｜ Week 2_set1,43,1490.38,1497.02,1490.88,1496.52
Brazil 🇧🇷 vs. Poland 🇵🇱 ｜ VNL 2025 - Full Match ｜ Week 2_set1,44,1513.38,1519.9,1513.88,1519.4
Brazil 🇧🇷 vs. Poland 🇵🇱 ｜ VNL 2025 - Full Match ｜ Week 2_set1,45,1551.86,1558.98,1552.36,1558.48
Brazil 🇧🇷 vs. Poland 🇵🇱 ｜ VNL 2025 - Full Match ｜ Week 2_set1,46,1576.66,1587.1,1577.16,1586.6
Bulgaria vs. Italy - Ranking 7-8 ｜ Boys' U19 World Champs 2025 - Full Match_set1,1,10.0,17.583,10.5,17.083
Bulgaria vs. Italy - Ranking 7-8 ｜ Boys' U19 World Champs 2025 - Full Match_set1,2,30.917,37.45,31.417,36.95
Bulgaria vs. Italy - Ranking 7-8 ｜ Boys' U19 World Champs 2025 - Full Match_set1,3,65.85,77.933,66.35,77.433
Bulgaria vs. Italy - Ranking 7-8 ｜ Boys' U19 World Champs 2025 - Full Match_set1,4,95.3,99.033,95.8,98.533
Bulgaria vs. Italy - Ranking 7-8 ｜ Boys' U19 World Champs 2025 - Full Match_set1,5,116.017,137.333,116.517,136.833
Bulgaria vs. Italy - Ranking 7-8 ｜ Boys' U19 World Champs 2025 - Full Match_set1,6,158.267,165.067,158.767,164.567
Bulgaria vs. Italy - Ranking 7-8 ｜ Boys' U19 World Champs 2025 - Full Match_set1,7,178.383,185.867,178.883,185.367
Bulgaria vs. Italy - Ranking 7-8 ｜ Boys' U19 World Champs 2025 - Full Match_set1,8,207.233,213.467,207.733,212.967
Bulgaria vs. Italy - Ranking 7-8 ｜ Boys' U19 World Champs 2025 - Full Match_set1,9,227.183,233.7,227.683,233.2
Bulgaria vs. Italy - Ranking 7-8 ｜ Boys' U19 World Champs 2025 - Full Match_set1,10,249.633,265.633,250.133,265.133
Bulgaria vs. Italy - Ranking 7-8 ｜ Boys' U19 World Champs 2025 - Full Match_set1,11,285.317,292.667,285.817,292.167
Bulgaria vs. Italy - Ranking 7-8 ｜ Boys' U19 World Champs 2025 - Full Match_set1,12,348.233,355.55,348.733,355.05
Bulgaria vs. Italy - Ranking 7-8 ｜ Boys' U19 World Champs 2025 - Full Match_set1,13,368.733,378.567,369.233,378.067
Bulgaria vs. Italy - Ranking 7-8 ｜ Boys' U19 World Champs 2025 - Full Match_set1,14,392.75,400.033,393.25,399.533
Bulgaria vs. Italy - Ranking 7-8 ｜ Boys' U19 World Champs 2025 - Full Match_set1,15,419.25,425.267,419.75,424.767
Bulgaria vs. Italy - Ranking 7-8 ｜ Boys' U19 World Champs 2025 - Full Match_set1,16,443.867,448.917,444.367,448.417
Bulgaria vs. Italy - Ranking 7-8 ｜ Boys' U19 World Champs 2025 - Full Match_set1,17,508.383,517.533,508.883,517.033
Bulgaria vs. Italy - Ranking 7-8 ｜ Boys' U19 World Champs 2025 - Full Match_set1,18,548.617,561.617,549.117,561.117
Bulgaria vs. Italy - Ranking 7-8 ｜ Boys' U19 World Champs 2025 - Full Match_set1,19,578.15,586.083,578.65,585.583
Bulgaria vs. Italy - Ranking 7-8 ｜ Boys' U19 World Champs 2025 - Full Match_set1,20,602.7,610.15,603.2,609.65
Bulgaria vs. Italy - Ranking 7-8 ｜ Boys' U19 World Champs 2025 - Full Match_set1,21,642.183,648.833,642.683,648.333
Bulgaria vs. Italy - Ranking 7-8 ｜ Boys' U19 World Champs 2025 - Full Match_set1,22,664.783,677.333,665.283,676.833
Bulgaria vs. Italy - Ranking 7-8 ｜ Boys' U19 World Champs 2025 - Full Match_set1,23,694.683,700.867,695.183,700.367
Bulgaria vs. Italy - Ranking 7-8 ｜ Boys' U19 World Champs 2025 - Full Match_set1,24,719.7,726.817,720.2,726.317
Bulgaria vs. Italy - Ranking 7-8 ｜ Boys' U19 World Champs 2025 - Full Match_set1,25,745.95,757.917,746.45,757.417
Bulgaria vs. Italy - Ranking 7-8 ｜ Boys' U19 World Champs 2025 - Full Match_set1,26,775.233,783.167,775.733,782.667
Bulgaria vs. Italy - Ranking 7-8 ｜ Boys' U19 World Champs 2025 - Full Match_set1,27,796.533,803.417,797.033,802.917
Bulgaria vs. Italy - Ranking 7-8 ｜ Boys' U19 World Champs 2025 - Full Match_set1,28,821.467,827.75,821.967,827.25
Bulgaria vs. Italy - Ranking 7-8 ｜ Boys' U19 World Champs 2025 - Full Match_set1,29,846.5,850.25,847.0,849.75
Bulgaria vs. Italy - Ranking 7-8 ｜ Boys' U19 World Champs 2025 - Full Match_set1,30,866.333,870.15,866.833,869.65
Bulgaria vs. Italy - Ranking 7-8 ｜ Boys' U19 World Champs 2025 - Full Match_set1,31,883.7,890.867,884.2,890.367
Bulgaria vs. Italy - Ranking 7-8 ｜ Boys' U19 World Champs 2025 - Full Match_set1,32,907.367,911.417,907.867,910.917
Bulgaria vs. Italy - Ranking 7-8 ｜ Boys' U19 World Champs 2025 - Full Match_set1,33,923.95,950.733,924.45,950.233
Bulgaria vs. Italy - Ranking 7-8 ｜ Boys' U19 World Champs 2025 - Full Match_set1,34,1015.617,1021.25,1016.117,1020.75
Bulgaria vs. Italy - Ranking 7-8 ｜ Boys' U19 World Champs 2025 - Full Match_set1,35,1034.883,1042.817,1035.383,1042.317
Bulgaria vs. Italy - Ranking 7-8 ｜ Boys' U19 World Champs 2025 - Full Match_set1,36,1065.833,1073.333,1066.333,1072.833
Bulgaria vs. Italy - Ranking 7-8 ｜ Boys' U19 World Champs 2025 - Full Match_set1,37,1091.783,1095.367,1092.283,1094.867
Bulgaria vs. Italy - Ranking 7-8 ｜ Boys' U19 World Champs 2025 - Full Match_set1,38,1110.367,1122.567,1110.867,1122.067
Bulgaria vs. Italy - Ranking 7-8 ｜ Boys' U19 World Champs 2025 - Full Match_set1,39,1142.083,1150.95,1142.583,1150.45
Bulgaria vs. Italy - Ranking 7-8 ｜ Boys' U19 World Champs 2025 - Full Match_set1,40,1182.8,1189.45,1183.3,1188.95
Bulgaria vs. Italy - Ranking 7-8 ｜ Boys' U19 World Champs 2025 - Full Match_set1,41,1204.817,1209.917,1205.317,1209.417
Bulgaria vs. Italy - Ranking 7-8 ｜ Boys' U19 World Champs 2025 - Full Match_set1,42,1243.55,1251.183,1244.05,1250.683
Bulgaria vs. Italy - Ranking 7-8 ｜ Boys' U19 World Champs 2025 - Full Match_set1,43,1268.367,1271.767,1268.867,1271.267
Bulgaria vs. Italy - Ranking 7-8 ｜ Boys' U19 World Champs 2025 - Full Match_set1,44,1289.117,1295.833,1289.617,1295.333
Bulgaria 🇧🇬 vs. Argentina 🇦🇷 ｜ VNL 2025 - Full Match ｜ Week 1_set1,1,2.9,6.94,3.4,6.44
Bulgaria 🇧🇬 vs. Argentina 🇦🇷 ｜ VNL 2025 - Full Match ｜ Week 1_set1,2,22.94,29.86,23.44,29.36
Bulgaria 🇧🇬 vs. Argentina 🇦🇷 ｜ VNL 2025 - Full Match ｜ Week 1_set1,3,48.62,54.22,49.12,53.72
Bulgaria 🇧🇬 vs. Argentina 🇦🇷 ｜ VNL 2025 - Full Match ｜ Week 1_set1,4,77.3,84.02,77.8,83.52
Bulgaria 🇧🇬 vs. Argentina 🇦🇷 ｜ VNL 2025 - Full Match ｜ Week 1_set1,5,110.94,118.66,111.44,118.16
Bulgaria 🇧🇬 vs. Argentina 🇦🇷 ｜ VNL 2025 - Full Match ｜ Week 1_set1,6,136.98,140.9,137.48,140.4
Bulgaria 🇧🇬 vs. Argentina 🇦🇷 ｜ VNL 2025 - Full Match ｜ Week 1_set1,7,154.46,165.66,154.96,165.16
Bulgaria 🇧🇬 vs. Argentina 🇦🇷 ｜ VNL 2025 - Full Match ｜ Week 1_set1,8,182.58,186.26,183.08,185.76
Bulgaria 🇧🇬 vs. Argentina 🇦🇷 ｜ VNL 2025 - Full Match ｜ Week 1_set1,9,202.7,213.18,203.2,212.68
Bulgaria 🇧🇬 vs. Argentina 🇦🇷 ｜ VNL 2025 - Full Match ｜ Week 1_set1,10,242.7,246.5,243.2,246.0
Bulgaria 🇧🇬 vs. Argentina 🇦🇷 ｜ VNL 2025 - Full Match ｜ Week 1_set1,11,264.5,271.22,265.0,270.72
Bulgaria 🇧🇬 vs. Argentina 🇦🇷 ｜ VNL 2025 - Full Match ｜ Week 1_set1,12,288.62,297.46,289.12,296.96
Bulgaria 🇧🇬 vs. Argentina 🇦🇷 ｜ VNL 2025 - Full Match ｜ Week 1_set1,13,312.86,326.14,313.36,325.64
Bulgaria 🇧🇬 vs. Argentina 🇦🇷 ｜ VNL 2025 - Full Match ｜ Week 1_set1,14,343.18,352.42,343.68,351.92
Bulgaria 🇧🇬 vs. Argentina 🇦🇷 ｜ VNL 2025 - Full Match ｜ Week 1_set1,15,371.5,378.06,372.0,377.56
Bulgaria 🇧🇬 vs. Argentina 🇦🇷 ｜ VNL 2025 - Full Match ｜ Week 1_set1,16,390.38,397.46,390.88,396.96
Bulgaria 🇧🇬 vs. Argentina 🇦🇷 ｜ VNL 2025 - Full Match ｜ Week 1_set1,17,488.26,514.94,488.76,514.44
Bulgaria 🇧🇬 vs. Argentina 🇦🇷 ｜ VNL 2025 - Full Match ｜ Week 1_set1,18,540.22,546.34,540.72,545.84
Bulgaria 🇧🇬 vs. Argentina 🇦🇷 ｜ VNL 2025 - Full Match ｜ Week 1_set1,19,569.54,573.42,570.04,572.92
Bulgaria 🇧🇬 vs. Argentina 🇦🇷 ｜ VNL 2025 - Full Match ｜ Week 1_set1,20,592.54,603.46,593.04,602.96
Bulgaria 🇧🇬 vs. Argentina 🇦🇷 ｜ VNL 2025 - Full Match ｜ Week 1_set1,21,624.22,627.98,624.72,627.48
Bulgaria 🇧🇬 vs. Argentina 🇦🇷 ｜ VNL 2025 - Full Match ｜ Week 1_set1,22,646.5,654.82,647.0,654.32
Bulgaria 🇧🇬 vs. Argentina 🇦🇷 ｜ VNL 2025 - Full Match ｜ Week 1_set1,23,672.531,674.4,672.4,673.88
Bulgaria 🇧🇬 vs. Argentina 🇦🇷 ｜ VNL 2025 - Full Match ｜ Week 1_set1,24,694.46,698.1,694.96,697.6
Bulgaria 🇧🇬 vs. Argentina 🇦🇷 ｜ VNL 2025 - Full Match ｜ Week 1_set1,25,713.54,724.18,714.04,723.68
Bulgaria 🇧🇬 vs. Argentina 🇦🇷 ｜ VNL 2025 - Full Match ｜ Week 1_set1,26,742.86,753.06,743.36,752.56
Bulgaria 🇧🇬 vs. Argentina 🇦🇷 ｜ VNL 2025 - Full Match ｜ Week 1_set1,27,773.62,780.54,774.12,780.04
Bulgaria 🇧🇬 vs. Argentina 🇦🇷 ｜ VNL 2025 - Full Match ｜ Week 1_set1,28,847.74,854.98,848.24,854.48
Bulgaria 🇧🇬 vs. Argentina 🇦🇷 ｜ VNL 2025 - Full Match ｜ Week 1_set1,29,879.58,883.34,880.08,882.84
Bulgaria 🇧🇬 vs. Argentina 🇦🇷 ｜ VNL 2025 - Full Match ｜ Week 1_set1,30,913.54,917.3,914.04,916.8
Bulgaria 🇧🇬 vs. Argentina 🇦🇷 ｜ VNL 2025 - Full Match ｜ Week 1_set1,31,931.78,939.02,932.28,938.52
Bulgaria 🇧🇬 vs. Argentina 🇦🇷 ｜ VNL 2025 - Full Match ｜ Week 1_set1,32,957.46,964.34,957.96,963.84
Bulgaria 🇧🇬 vs. Argentina 🇦🇷 ｜ VNL 2025 - Full Match ｜ Week 1_set1,33,983.14,990.18,983.64,989.68
Bulgaria 🇧🇬 vs. Argentina 🇦🇷 ｜ VNL 2025 - Full Match ｜ Week 1_set1,34,1064.5,1070.18,1065.0,1069.68
Bulgaria 🇧🇬 vs. Argentina 🇦🇷 ｜ VNL 2025 - Full Match ｜ Week 1_set1,35,1088.06,1106.98,1088.56,1106.48
Bulgaria 🇧🇬 vs. Argentina 🇦🇷 ｜ VNL 2025 - Full Match ｜ Week 1_set1,36,1130.3,1134.3,1130.8,1133.8
Bulgaria 🇧🇬 vs. Argentina 🇦🇷 ｜ VNL 2025 - Full Match ｜ Week 1_set1,37,1152.26,1162.34,1152.76,1161.84
Bulgaria 🇧🇬 vs. Argentina 🇦🇷 ｜ VNL 2025 - Full Match ｜ Week 1_set1,38,1181.42,1187.18,1181.92,1186.68
Bulgaria 🇧🇬 vs. Argentina 🇦🇷 ｜ VNL 2025 - Full Match ｜ Week 1_set1,39,1207.34,1211.22,1207.84,1210.72
Bulgaria 🇧🇬 vs. Argentina 🇦🇷 ｜ VNL 2025 - Full Match ｜ Week 1_set1,40,1228.66,1232.42,1229.16,1231.92
Bulgaria 🇧🇬 vs. Argentina 🇦🇷 ｜ VNL 2025 - Full Match ｜ Week 1_set1,41,1257.62,1263.86,1258.12,1263.36
Bulgaria 🇧🇬 vs. Argentina 🇦🇷 ｜ VNL 2025 - Full Match ｜ Week 1_set1,42,1303.06,1310.1,1303.56,1309.6
Bulgaria 🇧🇬 vs. Argentina 🇦🇷 ｜ VNL 2025 - Full Match ｜ Week 1_set1,43,1412.62,1420.62,1413.12,1420.12
Bulgaria 🇧🇬 vs. Argentina 🇦🇷 ｜ VNL 2025 - Full Match ｜ Week 1_set1,44,1496.86,1512.46,1497.36,1511.96
Bulgaria 🇧🇬 vs. Argentina 🇦🇷 ｜ VNL 2025 - Full Match ｜ Week 1_set1,45,1531.74,1539.94,1532.24,1539.44
Bulgaria 🇧🇬 vs. Argentina 🇦🇷 ｜ VNL 2025 - Full Match ｜ Week 1_set1,46,1612.46,1627.38,1612.96,1626.88
Bulgaria 🇧🇬 vs. Canada 🇨🇦 ｜ VNL 2025 - Full Match ｜ Week 1_set1,1,2.62,6.06,3.12,5.56
Bulgaria 🇧🇬 vs. Canada 🇨🇦 ｜ VNL 2025 - Full Match ｜ Week 1_set1,2,28.74,41.3,29.24,40.8
Bulgaria 🇧🇬 vs. Canada 🇨🇦 ｜ VNL 2025 - Full Match ｜ Week 1_set1,3,62.54,74.02,63.04,73.52
Bulgaria 🇧🇬 vs. Canada 🇨🇦 ｜ VNL 2025 - Full Match ｜ Week 1_set1,4,94.54,98.14,95.04,97.64
Bulgaria 🇧🇬 vs. Canada 🇨🇦 ｜ VNL 2025 - Full Match ｜ Week 1_set1,5,115.26,133.46,115.76,132.96
Bulgaria 🇧🇬 vs. Canada 🇨🇦 ｜ VNL 2025 - Full Match ｜ Week 1_set1,6,150.98,159.3,151.48,158.8
Bulgaria 🇧🇬 vs. Canada 🇨🇦 ｜ VNL 2025 - Full Match ｜ Week 1_set1,7,176.34,179.82,176.84,179.32
Bulgaria 🇧🇬 vs. Canada 🇨🇦 ｜ VNL 2025 - Full Match ｜ Week 1_set1,8,194.66,211.38,195.16,210.88
Bulgaria 🇧🇬 vs. Canada 🇨🇦 ｜ VNL 2025 - Full Match ｜ Week 1_set1,9,232.3,239.5,232.8,239.0
Bulgaria 🇧🇬 vs. Canada 🇨🇦 ｜ VNL 2025 - Full Match ｜ Week 1_set1,10,418.02,433.3,418.52,432.8
Bulgaria 🇧🇬 vs. Canada 🇨🇦 ｜ VNL 2025 - Full Match ｜ Week 1_set1,11,451.5,464.58,452.0,464.08
Bulgaria 🇧🇬 vs. Canada 🇨🇦 ｜ VNL 2025 - Full Match ｜ Week 1_set1,12,485.74,494.5,486.24,494.0
Bulgaria 🇧🇬 vs. Canada 🇨🇦 ｜ VNL 2025 - Full Match ｜ Week 1_set1,13,513.14,516.62,513.64,516.12
Bulgaria 🇧🇬 vs. Canada 🇨🇦 ｜ VNL 2025 - Full Match ｜ Week 1_set1,14,535.78,551.02,536.28,550.52
Bulgaria 🇧🇬 vs. Canada 🇨🇦 ｜ VNL 2025 - Full Match ｜ Week 1_set1,15,573.3,577.26,573.8,576.76
Bulgaria 🇧🇬 vs. Canada 🇨🇦 ｜ VNL 2025 - Full Match ｜ Week 1_set1,16,607.06,614.46,607.56,613.96
Bulgaria 🇧🇬 vs. Canada 🇨🇦 ｜ VNL 2025 - Full Match ｜ Week 1_set1,17,630.58,634.26,631.08,633.76
Bulgaria 🇧🇬 vs. Canada 🇨🇦 ｜ VNL 2025 - Full Match ｜ Week 1_set1,18,703.38,710.38,703.88,709.88
Bulgaria 🇧🇬 vs. Canada 🇨🇦 ｜ VNL 2025 - Full Match ｜ Week 1_set1,19,728.58,737.02,729.08,736.52
Bulgaria 🇧🇬 vs. Canada 🇨🇦 ｜ VNL 2025 - Full Match ｜ Week 1_set1,20,757.38,764.42,757.88,763.92
Bulgaria 🇧🇬 vs. Canada 🇨🇦 ｜ VNL 2025 - Full Match ｜ Week 1_set1,21,785.86,793.14,786.36,792.64
Bulgaria 🇧🇬 vs. Canada 🇨🇦 ｜ VNL 2025 - Full Match ｜ Week 1_set1,22,812.58,818.7,813.08,818.2
Bulgaria 🇧🇬 vs. Canada 🇨🇦 ｜ VNL 2025 - Full Match ｜ Week 1_set1,23,844.06,851.14,844.56,850.64
Bulgaria 🇧🇬 vs. Canada 🇨🇦 ｜ VNL 2025 - Full Match ｜ Week 1_set1,24,870.9,874.34,871.4,873.84
Bulgaria 🇧🇬 vs. Canada 🇨🇦 ｜ VNL 2025 - Full Match ｜ Week 1_set1,25,891.42,898.54,891.92,898.04
Bulgaria 🇧🇬 vs. Canada 🇨🇦 ｜ VNL 2025 - Full Match ｜ Week 1_set1,26,919.42,927.42,919.92,926.92
Bulgaria 🇧🇬 vs. Canada 🇨🇦 ｜ VNL 2025 - Full Match ｜ Week 1_set1,27,947.1,953.22,947.6,952.72
Bulgaria 🇧🇬 vs. Canada 🇨🇦 ｜ VNL 2025 - Full Match ｜ Week 1_set1,28,969.9,984.42,970.4,983.92
Bulgaria 🇧🇬 vs. Canada 🇨🇦 ｜ VNL 2025 - Full Match ｜ Week 1_set1,29,1004.02,1007.74,1004.52,1007.24
Bulgaria 🇧🇬 vs. Canada 🇨🇦 ｜ VNL 2025 - Full Match ｜ Week 1_set1,30,1023.82,1031.26,1024.32,1030.76
Bulgaria 🇧🇬 vs. Canada 🇨🇦 ｜ VNL 2025 - Full Match ｜ Week 1_set1,31,1048.18,1055.62,1048.68,1055.12
Bulgaria 🇧🇬 vs. Canada 🇨🇦 ｜ VNL 2025 - Full Match ｜ Week 1_set1,32,1074.3,1082.62,1074.8,1082.12
Bulgaria 🇧🇬 vs. Canada 🇨🇦 ｜ VNL 2025 - Full Match ｜ Week 1_set1,33,1109.54,1129.94,1110.04,1129.44
Bulgaria 🇧🇬 vs. Canada 🇨🇦 ｜ VNL 2025 - Full Match ｜ Week 1_set1,34,1149.1,1167.06,1149.6,1166.56
Bulgaria 🇧🇬 vs. Canada 🇨🇦 ｜ VNL 2025 - Full Match ｜ Week 1_set1,35,1242.78,1250.18,1243.28,1249.68
Bulgaria 🇧🇬 vs. Canada 🇨🇦 ｜ VNL 2025 - Full Match ｜ Week 1_set1,36,1273.22,1286.58,1273.72,1286.08
Bulgaria 🇧🇬 vs. Canada 🇨🇦 ｜ VNL 2025 - Full Match ｜ Week 1_set1,37,1305.22,1312.42,1305.72,1311.92
Bulgaria 🇧🇬 vs. Canada 🇨🇦 ｜ VNL 2025 - Full Match ｜ Week 1_set1,38,1332.78,1340.98,1333.28,1340.48
Bulgaria 🇧🇬 vs. Canada 🇨🇦 ｜ VNL 2025 - Full Match ｜ Week 1_set1,39,1367.18,1370.58,1367.68,1370.08
Bulgaria 🇧🇬 vs. Canada 🇨🇦 ｜ VNL 2025 - Full Match ｜ Week 1_set1,40,1388.86,1396.54,1389.4,1396.04
Bulgaria 🇧🇬 vs. Canada 🇨🇦 ｜ VNL 2025 - Full Match ｜ Week 1_set1,41,1416.38,1422.86,1416.88,1422.36
Bulgaria 🇧🇬 vs. Canada 🇨🇦 ｜ VNL 2025 - Full Match ｜ Week 1_set1,42,1440.1,1447.66,1440.6,1447.16
Bulgaria 🇧🇬 vs. Canada 🇨🇦 ｜ VNL 2025 - Full Match ｜ Week 1_set1,43,1464.54,1479.98,1465.04,1479.48
Bulgaria 🇧🇬 vs. Canada 🇨🇦 ｜ VNL 2025 - Full Match ｜ Week 1_set1,44,1552.42,1560.14,1552.92,1559.64
Bulgaria 🇧🇬 vs. Canada 🇨🇦 ｜ VNL 2025 - Full Match ｜ Week 1_set1,45,1579.94,1583.58,1580.44,1583.08
Bulgaria 🇧🇬 vs. Canada 🇨🇦 ｜ VNL 2025 - Full Match ｜ Week 1_set1,46,1652.38,1659.18,1652.92,1658.68
Bulgaria 🇧🇬 vs. Canada 🇨🇦 ｜ VNL 2025 - Full Match ｜ Week 1_set1,47,1679.66,1686.74,1680.16,1686.24
Bulgaria 🇧🇬 vs. Canada 🇨🇦 ｜ VNL 2025 - Full Match ｜ Week 1_set1,48,1718.22,1725.42,1718.72,1724.92
Bulgaria 🇧🇬 vs. Canada 🇨🇦 ｜ VNL 2025 - Full Match ｜ Week 1_set1,49,1747.66,1755.26,1748.16,1754.76
Bulgaria 🇧🇬 vs. Canada 🇨🇦 ｜ VNL 2025 - Full Match ｜ Week 1_set1,50,1855.42,1862.9,1855.92,1862.4
Bulgaria 🇧🇬 vs. Japan 🇯🇵 ｜ VNL 2025 - Full Match ｜ Week 1_set1,1,-1.26,5.7,0.0,5.2
Bulgaria 🇧🇬 vs. Japan 🇯🇵 ｜ VNL 2025 - Full Match ｜ Week 1_set1,2,25.38,43.3,25.88,42.8
Bulgaria 🇧🇬 vs. Japan 🇯🇵 ｜ VNL 2025 - Full Match ｜ Week 1_set1,3,57.62,62.3,58.12,61.8
Bulgaria 🇧🇬 vs. Japan 🇯🇵 ｜ VNL 2025 - Full Match ｜ Week 1_set1,4,73.38,84.14,73.88,83.64
Bulgaria 🇧🇬 vs. Japan 🇯🇵 ｜ VNL 2025 - Full Match ｜ Week 1_set1,5,110.5,114.22,111.0,113.72
Bulgaria 🇧🇬 vs. Japan 🇯🇵 ｜ VNL 2025 - Full Match ｜ Week 1_set1,6,132.18,135.74,132.68,135.24
Bulgaria 🇧🇬 vs. Japan 🇯🇵 ｜ VNL 2025 - Full Match ｜ Week 1_set1,7,152.9,174.26,153.4,173.76
Bulgaria 🇧🇬 vs. Japan 🇯🇵 ｜ VNL 2025 - Full Match ｜ Week 1_set1,8,192.74,206.14,193.24,205.64
Bulgaria 🇧🇬 vs. Japan 🇯🇵 ｜ VNL 2025 - Full Match ｜ Week 1_set1,9,224.3,235.86,224.8,235.36
Bulgaria 🇧🇬 vs. Japan 🇯🇵 ｜ VNL 2025 - Full Match ｜ Week 1_set1,10,255.78,263.46,256.28,262.96
Bulgaria 🇧🇬 vs. Japan 🇯🇵 ｜ VNL 2025 - Full Match ｜ Week 1_set1,11,279.5,292.34,280.0,291.84
Bulgaria 🇧🇬 vs. Japan 🇯🇵 ｜ VNL 2025 - Full Match ｜ Week 1_set1,12,308.86,316.18,309.36,315.68
Bulgaria 🇧🇬 vs. Japan 🇯🇵 ｜ VNL 2025 - Full Match ｜ Week 1_set1,13,332.18,340.06,332.68,339.56
Bulgaria 🇧🇬 vs. Japan 🇯🇵 ｜ VNL 2025 - Full Match ｜ Week 1_set1,14,364.14,372.0,364.64,369.52
Bulgaria 🇧🇬 vs. Japan 🇯🇵 ｜ VNL 2025 - Full Match ｜ Week 1_set1,15,393.5,400.42,394.0,399.92
Bulgaria 🇧🇬 vs. Japan 🇯🇵 ｜ VNL 2025 - Full Match ｜ Week 1_set1,16,419.74,427.06,420.24,426.56
Bulgaria 🇧🇬 vs. Japan 🇯🇵 ｜ VNL 2025 - Full Match ｜ Week 1_set1,17,445.42,461.46,445.92,460.96
Bulgaria 🇧🇬 vs. Japan 🇯🇵 ｜ VNL 2025 - Full Match ｜ Week 1_set1,18,488.26,491.94,488.76,491.44
Bulgaria 🇧🇬 vs. Japan 🇯🇵 ｜ VNL 2025 - Full Match ｜ Week 1_set1,19,506.54,523.78,507.04,523.28
Bulgaria 🇧🇬 vs. Japan 🇯🇵 ｜ VNL 2025 - Full Match ｜ Week 1_set1,20,637.18,644.78,637.68,644.28
Bulgaria 🇧🇬 vs. Japan 🇯🇵 ｜ VNL 2025 - Full Match ｜ Week 1_set1,21,660.58,667.74,661.08,667.24
Bulgaria 🇧🇬 vs. Japan 🇯🇵 ｜ VNL 2025 - Full Match ｜ Week 1_set1,22,687.26,693.7,687.8,693.2
Bulgaria 🇧🇬 vs. Japan 🇯🇵 ｜ VNL 2025 - Full Match ｜ Week 1_set1,23,713.42,721.26,713.92,720.76
Bulgaria 🇧🇬 vs. Japan 🇯🇵 ｜ VNL 2025 - Full Match ｜ Week 1_set1,24,740.9,744.54,741.4,744.04
Bulgaria 🇧🇬 vs. Japan 🇯🇵 ｜ VNL 2025 - Full Match ｜ Week 1_set1,25,760.94,774.54,761.44,774.04
Bulgaria 🇧🇬 vs. Japan 🇯🇵 ｜ VNL 2025 - Full Match ｜ Week 1_set1,26,792.62,799.26,793.12,799.84
Bulgaria 🇧🇬 vs. Japan 🇯🇵 ｜ VNL 2025 - Full Match ｜ Week 1_set1,27,816.7,821.18,817.2,820.68
Bulgaria 🇧🇬 vs. Japan 🇯🇵 ｜ VNL 2025 - Full Match ｜ Week 1_set1,28,835.46,842.54,835.96,842.04
Bulgaria 🇧🇬 vs. Japan 🇯🇵 ｜ VNL 2025 - Full Match ｜ Week 1_set1,29,857.9,865.22,858.4,864.72
Bulgaria 🇧🇬 vs. Japan 🇯🇵 ｜ VNL 2025 - Full Match ｜ Week 1_set1,30,883.82,887.5,884.32,887.0
Bulgaria 🇧🇬 vs. Japan 🇯🇵 ｜ VNL 2025 - Full Match ｜ Week 1_set1,31,904.94,912.54,905.44,912.04
Bulgaria 🇧🇬 vs. Japan 🇯🇵 ｜ VNL 2025 - Full Match ｜ Week 1_set1,32,930.9,938.86,931.4,938.36
Bulgaria 🇧🇬 vs. Japan 🇯🇵 ｜ VNL 2025 - Full Match ｜ Week 1_set1,33,957.38,971.94,957.88,971.44
Bulgaria 🇧🇬 vs. Japan 🇯🇵 ｜ VNL 2025 - Full Match ｜ Week 1_set1,34,992.5,999.74,993.0,999.24
Bulgaria 🇧🇬 vs. Japan 🇯🇵 ｜ VNL 2025 - Full Match ｜ Week 1_set1,35,1018.7,1022.54,1019.2,1022.04
Bulgaria 🇧🇬 vs. Japan 🇯🇵 ｜ VNL 2025 - Full Match ｜ Week 1_set1,36,1108.86,1112.26,1109.36,1111.76
Bulgaria 🇧🇬 vs. Japan 🇯🇵 ｜ VNL 2025 - Full Match ｜ Week 1_set1,37,1131.8,1138.0,1133.0,1134.36
Bulgaria 🇧🇬 vs. Japan 🇯🇵 ｜ VNL 2025 - Full Match ｜ Week 1_set1,38,1165.82,1172.14,1166.32,1171.64
Bulgaria 🇧🇬 vs. Japan 🇯🇵 ｜ VNL 2025 - Full Match ｜ Week 1_set1,39,1190.7,1202.54,1191.2,1202.04
Bulgaria 🇧🇬 vs. Japan 🇯🇵 ｜ VNL 2025 - Full Match ｜ Week 1_set1,40,1222.06,1230.06,1222.56,1229.56
Bulgaria 🇧🇬 vs. Japan 🇯🇵 ｜ VNL 2025 - Full Match ｜ Week 1_set1,41,1249.3,1255.22,1249.8,1254.72
Bulgaria 🇧🇬 vs. Japan 🇯🇵 ｜ VNL 2025 - Full Match ｜ Week 1_set1,42,1287.98,1295.14,1288.48,1294.64
Bulgaria 🇧🇬 vs. Japan 🇯🇵 ｜ VNL 2025 - Full Match ｜ Week 1_set1,43,1351.7,1363.3,1352.2,1362.8
Bulgaria 🇧🇬 vs. Japan 🇯🇵 ｜ VNL 2025 - Full Match ｜ Week 1_set1,44,1510.42,1514.46,1510.92,1513.96
Bulgaria 🇧🇬 vs. Japan 🇯🇵 ｜ VNL 2025 - Full Match ｜ Week 1_set1,45,1539.1,1543.02,1539.6,1542.52
Bulgaria 🇧🇬 vs. Japan 🇯🇵 ｜ VNL 2025 - Full Match ｜ Week 1_set1,46,1563.58,1566.98,1564.08,1566.48
Bulgaria 🇧🇬 vs. Japan 🇯🇵 ｜ VNL 2025 - Full Match ｜ Week 1_set1,47,1597.34,1600.98,1597.84,1600.48
Bulgaria 🇧🇬 vs. Japan 🇯🇵 ｜ VNL 2025 - Full Match ｜ Week 1_set1,48,1667.06,1678.38,1667.56,1677.88
Bulgaria 🇧🇬 vs. Japan 🇯🇵 ｜ VNL 2025 - Full Match ｜ Week 1_set1,49,1698.62,1705.18,1699.12,1704.68
Bulgaria 🇧🇬 vs. Japan 🇯🇵 ｜ VNL 2025 - Full Match ｜ Week 1_set1,50,1733.46,1740.02,1733.96,1739.52
Bulgaria 🇧🇬 vs. Japan 🇯🇵 ｜ VNL 2025 - Full Match ｜ Week 1_set1,51,1761.82,1769.9,1762.32,1769.4
Bulgaria 🇧🇬 vs. Japan 🇯🇵 ｜ VNL 2025 - Full Match ｜ Week 1_set1,52,1792.74,1801.7,1793.24,1801.2
Canada 🇨🇦 vs Japan 🇯🇵 ｜ VNL 2025 - Full Match ｜ Week 1_set1,1,-0.78,10.34,0.0,9.84
Canada 🇨🇦 vs Japan 🇯🇵 ｜ VNL 2025 - Full Match ｜ Week 1_set1,2,27.98,46.82,28.48,46.32
Canada 🇨🇦 vs Japan 🇯🇵 ｜ VNL 2025 - Full Match ｜ Week 1_set1,3,65.06,71.26,65.56,70.76
Canada 🇨🇦 vs Japan 🇯🇵 ｜ VNL 2025 - Full Match ｜ Week 1_set1,4,91.38,98.0,91.88,97.76
Canada 🇨🇦 vs Japan 🇯🇵 ｜ VNL 2025 - Full Match ｜ Week 1_set1,5,118.54,122.22,119.04,121.72
Canada 🇨🇦 vs Japan 🇯🇵 ｜ VNL 2025 - Full Match ｜ Week 1_set1,6,139.5,147.1,140.0,146.6
Canada 🇨🇦 vs Japan 🇯🇵 ｜ VNL 2025 - Full Match ｜ Week 1_set1,7,164.38,175.74,164.88,175.24
Canada 🇨🇦 vs Japan 🇯🇵 ｜ VNL 2025 - Full Match ｜ Week 1_set1,8,194.34,201.46,194.84,200.96
Canada 🇨🇦 vs Japan 🇯🇵 ｜ VNL 2025 - Full Match ｜ Week 1_set1,9,219.74,227.46,220.24,226.96
Canada 🇨🇦 vs Japan 🇯🇵 ｜ VNL 2025 - Full Match ｜ Week 1_set1,10,243.74,248.0,244.24,245.8
Canada 🇨🇦 vs Japan 🇯🇵 ｜ VNL 2025 - Full Match ｜ Week 1_set1,11,266.38,273.14,266.88,272.64
Canada 🇨🇦 vs Japan 🇯🇵 ｜ VNL 2025 - Full Match ｜ Week 1_set1,12,311.34,318.38,311.84,317.88
Canada 🇨🇦 vs Japan 🇯🇵 ｜ VNL 2025 - Full Match ｜ Week 1_set1,13,337.34,344.86,337.84,344.36
Canada 🇨🇦 vs Japan 🇯🇵 ｜ VNL 2025 - Full Match ｜ Week 1_set1,14,363.94,373.34,364.44,372.84
Canada 🇨🇦 vs Japan 🇯🇵 ｜ VNL 2025 - Full Match ｜ Week 1_set1,15,388.94,393.58,389.44,393.08
Canada 🇨🇦 vs Japan 🇯🇵 ｜ VNL 2025 - Full Match ｜ Week 1_set1,16,409.5,413.78,410.0,413.28
Canada 🇨🇦 vs Japan 🇯🇵 ｜ VNL 2025 - Full Match ｜ Week 1_set1,17,431.86,440.86,432.36,440.36
Canada 🇨🇦 vs Japan 🇯🇵 ｜ VNL 2025 - Full Match ｜ Week 1_set1,18,459.06,462.98,459.56,462.48
Canada 🇨🇦 vs Japan 🇯🇵 ｜ VNL 2025 - Full Match ｜ Week 1_set1,19,480.98,490.66,481.48,490.16
Canada 🇨🇦 vs Japan 🇯🇵 ｜ VNL 2025 - Full Match ｜ Week 1_set1,20,510.14,520.82,510.64,520.32
Canada 🇨🇦 vs Japan 🇯🇵 ｜ VNL 2025 - Full Match ｜ Week 1_set1,21,540.74,555.94,541.24,555.44
Canada 🇨🇦 vs Japan 🇯🇵 ｜ VNL 2025 - Full Match ｜ Week 1_set1,22,576.58,583.94,577.08,583.44
Canada 🇨🇦 vs Japan 🇯🇵 ｜ VNL 2025 - Full Match ｜ Week 1_set1,23,604.54,608.34,605.04,607.84
Canada 🇨🇦 vs Japan 🇯🇵 ｜ VNL 2025 - Full Match ｜ Week 1_set1,24,685.18,692.78,685.68,692.28
Canada 🇨🇦 vs Japan 🇯🇵 ｜ VNL 2025 - Full Match ｜ Week 1_set1,25,709.46,728.82,709.96,728.32
Canada 🇨🇦 vs Japan 🇯🇵 ｜ VNL 2025 - Full Match ｜ Week 1_set1,26,821.34,827.06,821.84,826.56
Canada 🇨🇦 vs Japan 🇯🇵 ｜ VNL 2025 - Full Match ｜ Week 1_set1,27,841.54,848.98,842.04,848.48
Canada 🇨🇦 vs Japan 🇯🇵 ｜ VNL 2025 - Full Match ｜ Week 1_set1,28,869.78,873.66,870.28,873.16
Canada 🇨🇦 vs Japan 🇯🇵 ｜ VNL 2025 - Full Match ｜ Week 1_set1,29,888.86,897.82,889.36,897.32
Canada 🇨🇦 vs Japan 🇯🇵 ｜ VNL 2025 - Full Match ｜ Week 1_set1,30,915.38,919.7,915.88,919.2
Canada 🇨🇦 vs Japan 🇯🇵 ｜ VNL 2025 - Full Match ｜ Week 1_set1,31,937.38,954.0,937.88,951.76
Canada 🇨🇦 vs Japan 🇯🇵 ｜ VNL 2025 - Full Match ｜ Week 1_set1,32,981.94,988.86,982.44,988.36
Canada 🇨🇦 vs Japan 🇯🇵 ｜ VNL 2025 - Full Match ｜ Week 1_set1,33,1005.416,1010.5,1005.416,1010.0
Canada 🇨🇦 vs Japan 🇯🇵 ｜ VNL 2025 - Full Match ｜ Week 1_set1,34,1026.7,1034.66,1027.2,1034.16
Canada 🇨🇦 vs Japan 🇯🇵 ｜ VNL 2025 - Full Match ｜ Week 1_set1,35,1053.18,1060.54,1053.68,1060.04
Canada 🇨🇦 vs Japan 🇯🇵 ｜ VNL 2025 - Full Match ｜ Week 1_set1,36,1129.7,1133.7,1130.2,1133.2
Canada 🇨🇦 vs Japan 🇯🇵 ｜ VNL 2025 - Full Match ｜ Week 1_set1,37,1150.18,1157.66,1150.68,1157.16
Canada 🇨🇦 vs Japan 🇯🇵 ｜ VNL 2025 - Full Match ｜ Week 1_set1,38,1248.86,1252.58,1249.36,1252.08
Canada 🇨🇦 vs Japan 🇯🇵 ｜ VNL 2025 - Full Match ｜ Week 1_set1,39,1275.94,1283.5,1276.44,1283.0
Canada 🇨🇦 vs Japan 🇯🇵 ｜ VNL 2025 - Full Match ｜ Week 1_set1,40,1304.06,1311.46,1304.56,1310.96
Canada 🇨🇦 vs Japan 🇯🇵 ｜ VNL 2025 - Full Match ｜ Week 1_set1,41,1331.74,1343.14,1332.24,1342.64
Canada 🇨🇦 vs Japan 🇯🇵 ｜ VNL 2025 - Full Match ｜ Week 1_set1,42,1366.42,1372.22,1366.92,1371.72
Canada 🇨🇦 vs Japan 🇯🇵 ｜ VNL 2025 - Full Match ｜ Week 1_set1,43,1444.86,1448.26,1445.36,1447.76
Canada 🇨🇦 vs Japan 🇯🇵 ｜ VNL 2025 - Full Match ｜ Week 1_set1,44,1485.5,1517.14,1486.0,1516.64
Canada 🇨🇦 vs Japan 🇯🇵 ｜ VNL 2025 - Full Match ｜ Week 1_set1,45,1856.26,1873.3,1856.76,1872.8
Canada 🇨🇦 vs Japan 🇯🇵 ｜ VNL 2025 - Full Match ｜ Week 1_set1,46,1902.9,1917.86,1903.4,1917.36
Canada 🇨🇦 vs Japan 🇯🇵 ｜ VNL 2025 - Full Match ｜ Week 1_set1,47,1955.5,1962.78,1956.0,1962.28
Canada 🇨🇦 vs Japan 🇯🇵 ｜ VNL 2025 - Full Match ｜ Week 1_set1,48,2039.78,2058.54,2040.28,2058.04
Canada 🇨🇦 vs Japan 🇯🇵 ｜ VNL 2025 - Full Match ｜ Week 1_set1,49,2078.34,2082.58,2078.84,2082.08
Canada 🇨🇦 vs Japan 🇯🇵 ｜ VNL 2025 - Full Match ｜ Week 1_set1,50,2098.02,2102.0,2098.52,2101.52
Champions crowned in Final 24⧸25 (2⧸2) ｜ Suntory Sunbirds Osaka - Stings Aichi ｜ SV League 24⧸25_set1,1,9.433,19.633,9.933,19.133
Champions crowned in Final 24⧸25 (2⧸2) ｜ Suntory Sunbirds Osaka - Stings Aichi ｜ SV League 24⧸25_set1,2,49.967,57.267,50.467,56.767
Champions crowned in Final 24⧸25 (2⧸2) ｜ Suntory Sunbirds Osaka - Stings Aichi ｜ SV League 24⧸25_set1,3,76.9,80.733,77.4,80.233
Champions crowned in Final 24⧸25 (2⧸2) ｜ Suntory Sunbirds Osaka - Stings Aichi ｜ SV League 24⧸25_set1,4,101.433,114.367,101.933,113.867
Champions crowned in Final 24⧸25 (2⧸2) ｜ Suntory Sunbirds Osaka - Stings Aichi ｜ SV League 24⧸25_set1,5,138.7,142.633,139.2,142.133
Champions crowned in Final 24⧸25 (2⧸2) ｜ Suntory Sunbirds Osaka - Stings Aichi ｜ SV League 24⧸25_set1,6,157.567,164.633,158.067,164.133
Champions crowned in Final 24⧸25 (2⧸2) ｜ Suntory Sunbirds Osaka - Stings Aichi ｜ SV League 24⧸25_set1,7,184.033,187.933,184.533,187.433
Champions crowned in Final 24⧸25 (2⧸2) ｜ Suntory Sunbirds Osaka - Stings Aichi ｜ SV League 24⧸25_set1,8,208.333,212.1,208.833,211.6
Champions crowned in Final 24⧸25 (2⧸2) ｜ Suntory Sunbirds Osaka - Stings Aichi ｜ SV League 24⧸25_set1,9,230.567,234.4,231.067,233.9
Champions crowned in Final 24⧸25 (2⧸2) ｜ Suntory Sunbirds Osaka - Stings Aichi ｜ SV League 24⧸25_set1,10,253.1,259.8,253.6,259.3
Champions crowned in Final 24⧸25 (2⧸2) ｜ Suntory Sunbirds Osaka - Stings Aichi ｜ SV League 24⧸25_set1,11,280.567,287.0,281.067,286.5
Champions crowned in Final 24⧸25 (2⧸2) ｜ Suntory Sunbirds Osaka - Stings Aichi ｜ SV League 24⧸25_set1,12,306.8,315.533,307.3,315.033
Champions crowned in Final 24⧸25 (2⧸2) ｜ Suntory Sunbirds Osaka - Stings Aichi ｜ SV League 24⧸25_set1,13,335.267,343.233,335.767,342.733
Champions crowned in Final 24⧸25 (2⧸2) ｜ Suntory Sunbirds Osaka - Stings Aichi ｜ SV League 24⧸25_set1,14,363.667,371.533,364.167,371.033
Champions crowned in Final 24⧸25 (2⧸2) ｜ Suntory Sunbirds Osaka - Stings Aichi ｜ SV League 24⧸25_set1,15,390.0,396.633,390.5,396.133
Champions crowned in Final 24⧸25 (2⧸2) ｜ Suntory Sunbirds Osaka - Stings Aichi ｜ SV League 24⧸25_set1,16,418.267,446.333,418.767,445.833
Champions crowned in Final 24⧸25 (2⧸2) ｜ Suntory Sunbirds Osaka - Stings Aichi ｜ SV League 24⧸25_set1,17,470.833,477.0,471.333,476.5
Champions crowned in Final 24⧸25 (2⧸2) ｜ Suntory Sunbirds Osaka - Stings Aichi ｜ SV League 24⧸25_set1,18,498.4,509.2,498.9,506.0
Champions crowned in Final 24⧸25 (2⧸2) ｜ Suntory Sunbirds Osaka - Stings Aichi ｜ SV League 24⧸25_set1,19,527.967,543.3,528.467,542.8
Champions crowned in Final 24⧸25 (2⧸2) ｜ Suntory Sunbirds Osaka - Stings Aichi ｜ SV League 24⧸25_set1,20,569.467,576.167,569.967,575.667
Champions crowned in Final 24⧸25 (2⧸2) ｜ Suntory Sunbirds Osaka - Stings Aichi ｜ SV League 24⧸25_set1,21,596.7,600.6,597.2,600.1
Champions crowned in Final 24⧸25 (2⧸2) ｜ Suntory Sunbirds Osaka - Stings Aichi ｜ SV League 24⧸25_set1,22,626.7,632.767,627.2,632.267
Champions crowned in Final 24⧸25 (2⧸2) ｜ Suntory Sunbirds Osaka - Stings Aichi ｜ SV League 24⧸25_set1,23,659.033,662.633,659.533,662.133
Champions crowned in Final 24⧸25 (2⧸2) ｜ Suntory Sunbirds Osaka - Stings Aichi ｜ SV League 24⧸25_set1,24,749.733,753.467,750.233,752.967
Champions crowned in Final 24⧸25 (2⧸2) ｜ Suntory Sunbirds Osaka - Stings Aichi ｜ SV League 24⧸25_set1,25,774.167,778.133,774.667,777.633
Champions crowned in Final 24⧸25 (2⧸2) ｜ Suntory Sunbirds Osaka - Stings Aichi ｜ SV League 24⧸25_set1,26,792.567,804.167,793.067,803.667
Champions crowned in Final 24⧸25 (2⧸2) ｜ Suntory Sunbirds Osaka - Stings Aichi ｜ SV League 24⧸25_set1,27,880.967,888.767,881.467,888.267
Champions crowned in Final 24⧸25 (2⧸2) ｜ Suntory Sunbirds Osaka - Stings Aichi ｜ SV League 24⧸25_set1,28,904.133,916.3,904.633,915.8
Champions crowned in Final 24⧸25 (2⧸2) ｜ Suntory Sunbirds Osaka - Stings Aichi ｜ SV League 24⧸25_set1,29,939.933,957.4,940.433,956.9
Champions crowned in Final 24⧸25 (2⧸2) ｜ Suntory Sunbirds Osaka - Stings Aichi ｜ SV League 24⧸25_set1,30,1060.967,1064.833,1061.467,1064.333
Champions crowned in Final 24⧸25 (2⧸2) ｜ Suntory Sunbirds Osaka - Stings Aichi ｜ SV League 24⧸25_set1,31,1090.3,1101.567,1090.8,1101.067
Champions crowned in Final 24⧸25 (2⧸2) ｜ Suntory Sunbirds Osaka - Stings Aichi ｜ SV League 24⧸25_set1,32,1179.833,1186.767,1180.333,1186.267
Champions crowned in Final 24⧸25 (2⧸2) ｜ Suntory Sunbirds Osaka - Stings Aichi ｜ SV League 24⧸25_set1,33,1211.2,1219.1,1211.7,1218.6
Champions crowned in Final 24⧸25 (2⧸2) ｜ Suntory Sunbirds Osaka - Stings Aichi ｜ SV League 24⧸25_set1,34,1240.867,1255.233,1241.367,1254.733
Champions crowned in Final 24⧸25 (2⧸2) ｜ Suntory Sunbirds Osaka - Stings Aichi ｜ SV League 24⧸25_set1,35,1294.667,1301.567,1295.167,1301.067
Champions crowned in Final 24⧸25 (2⧸2) ｜ Suntory Sunbirds Osaka - Stings Aichi ｜ SV League 24⧸25_set1,36,1382.2,1397.4,1382.7,1396.9
Champions crowned in Final 24⧸25 (2⧸2) ｜ Suntory Sunbirds Osaka - Stings Aichi ｜ SV League 24⧸25_set1,37,1438.767,1445.867,1439.267,1445.367
Champions crowned in Final 24⧸25 (2⧸2) ｜ Suntory Sunbirds Osaka - Stings Aichi ｜ SV League 24⧸25_set1,38,1466.667,1470.5,1467.167,1470.0
Champions crowned in Final 24⧸25 (2⧸2) ｜ Suntory Sunbirds Osaka - Stings Aichi ｜ SV League 24⧸25_set1,39,1490.467,1494.333,1490.967,1493.833
Champions crowned in Final 24⧸25 (2⧸2) ｜ Suntory Sunbirds Osaka - Stings Aichi ｜ SV League 24⧸25_set1,40,1514.9,1529.033,1515.4,1528.533
Champions crowned in Final 24⧸25 (2⧸2) ｜ Suntory Sunbirds Osaka - Stings Aichi ｜ SV League 24⧸25_set1,41,1559.433,1566.3,1559.933,1565.8
Champions crowned in Final 24⧸25 (2⧸2) ｜ Suntory Sunbirds Osaka - Stings Aichi ｜ SV League 24⧸25_set1,42,1593.567,1600.067,1594.067,1599.567
Champions crowned in Final 24⧸25 (2⧸2) ｜ Suntory Sunbirds Osaka - Stings Aichi ｜ SV League 24⧸25_set1,43,1641.067,1645.1,1641.567,1644.6
Champions crowned in Final 24⧸25 (2⧸2) ｜ Suntory Sunbirds Osaka - Stings Aichi ｜ SV League 24⧸25_set1,44,1689.067,1695.6,1689.567,1695.1
Champions crowned in Final 24⧸25 (2⧸2) ｜ Suntory Sunbirds Osaka - Stings Aichi ｜ SV League 24⧸25_set1,45,1714.6,1723.167,1715.1,1722.667
Champions crowned in Final 24⧸25 (2⧸2) ｜ Suntory Sunbirds Osaka - Stings Aichi ｜ SV League 24⧸25_set1,46,1744.667,1748.367,1745.167,1747.867
Champions crowned in Final 24⧸25 (2⧸2) ｜ Suntory Sunbirds Osaka - Stings Aichi ｜ SV League 24⧸25_set1,47,1771.167,1783.333,1771.667,1782.833
Champions crowned in Final 24⧸25 (2⧸2) ｜ Suntory Sunbirds Osaka - Stings Aichi ｜ SV League 24⧸25_set1,48,1911.2,1930.5,1911.7,1930.0
Champions crowned in Final 24⧸25 (2⧸2) ｜ Suntory Sunbirds Osaka - Stings Aichi ｜ SV League 24⧸25_set1,49,1962.267,1976.967,1962.767,1976.467
Champions crowned in Final 24⧸25 (2⧸2) ｜ Suntory Sunbirds Osaka - Stings Aichi ｜ SV League 24⧸25_set1,50,2001.033,2020.267,2001.533,2019.767
Champions crowned in Final 24⧸25 (2⧸2) ｜ Suntory Sunbirds Osaka - Stings Aichi ｜ SV League 24⧸25_set1,51,2045.3,2053.833,2045.8,2053.333
Champions crowned in Final 24⧸25 (2⧸2) ｜ Suntory Sunbirds Osaka - Stings Aichi ｜ SV League 24⧸25_set1,52,2092.833,2105.467,2093.333,2104.967
Champions crowned in Final 24⧸25 (2⧸2) ｜ Suntory Sunbirds Osaka - Stings Aichi ｜ SV League 24⧸25_set1,53,2136.933,2152.367,2137.433,2151.867
Champions crowned in Final 24⧸25 (2⧸2) ｜ Suntory Sunbirds Osaka - Stings Aichi ｜ SV League 24⧸25_set1,54,2247.267,2258.967,2247.767,2258.467
Champions crowned in Final 24⧸25 (2⧸2) ｜ Suntory Sunbirds Osaka - Stings Aichi ｜ SV League 24⧸25_set1,55,2283.467,2295.7,2283.967,2295.2
Champions crowned in Final 24⧸25 (2⧸2) ｜ Suntory Sunbirds Osaka - Stings Aichi ｜ SV League 24⧸25_set1,56,2375.967,2390.333,2376.467,2389.833
China vs. Argentina - Classification 13-16 ｜ Boys' U19 World Champs 2025 - Full Match_set1,1,14.083,18.333,14.583,17.833
China vs. Argentina - Classification 13-16 ｜ Boys' U19 World Champs 2025 - Full Match_set1,2,33.967,43.0,34.467,41.4
China vs. Argentina - Classification 13-16 ｜ Boys' U19 World Champs 2025 - Full Match_set1,3,62.033,77.867,62.533,77.367
China vs. Argentina - Classification 13-16 ｜ Boys' U19 World Champs 2025 - Full Match_set1,4,92.9,109.05,93.4,108.55
China vs. Argentina - Classification 13-16 ｜ Boys' U19 World Champs 2025 - Full Match_set1,5,126.683,138.667,127.183,138.167
China vs. Argentina - Classification 13-16 ｜ Boys' U19 World Champs 2025 - Full Match_set1,6,152.9,162.733,153.4,162.233
China vs. Argentina - Classification 13-16 ｜ Boys' U19 World Champs 2025 - Full Match_set1,7,185.267,192.133,185.767,191.633
China vs. Argentina - Classification 13-16 ｜ Boys' U19 World Champs 2025 - Full Match_set1,8,206.083,215.067,206.583,214.567
China vs. Argentina - Classification 13-16 ｜ Boys' U19 World Champs 2025 - Full Match_set1,9,275.967,285.183,276.467,284.683
China vs. Argentina - Classification 13-16 ｜ Boys' U19 World Champs 2025 - Full Match_set1,10,298.733,309.7,299.233,309.2
China vs. Argentina - Classification 13-16 ｜ Boys' U19 World Champs 2025 - Full Match_set1,11,319.9,329.3,320.4,328.8
China vs. Argentina - Classification 13-16 ｜ Boys' U19 World Champs 2025 - Full Match_set1,12,347.367,354.133,347.867,353.633
China vs. Argentina - Classification 13-16 ｜ Boys' U19 World Champs 2025 - Full Match_set1,13,365.7,375.567,366.2,375.067
China vs. Argentina - Classification 13-16 ｜ Boys' U19 World Champs 2025 - Full Match_set1,14,393.233,401.567,393.733,401.067
China vs. Argentina - Classification 13-16 ｜ Boys' U19 World Champs 2025 - Full Match_set1,15,412.3,433.783,412.8,433.283
China vs. Argentina - Classification 13-16 ｜ Boys' U19 World Champs 2025 - Full Match_set1,16,457.8,463.767,458.3,463.267
China vs. Argentina - Classification 13-16 ｜ Boys' U19 World Champs 2025 - Full Match_set1,17,487.867,494.767,488.367,494.267
China vs. Argentina - Classification 13-16 ｜ Boys' U19 World Champs 2025 - Full Match_set1,18,513.133,521.067,513.633,520.567
China vs. Argentina - Classification 13-16 ｜ Boys' U19 World Champs 2025 - Full Match_set1,19,536.733,560.417,537.233,559.917
China vs. Argentina - Classification 13-16 ｜ Boys' U19 World Champs 2025 - Full Match_set1,20,578.95,586.95,579.45,586.45
China vs. Argentina - Classification 13-16 ｜ Boys' U19 World Champs 2025 - Full Match_set1,21,603.0,616.95,603.5,616.45
China vs. Argentina - Classification 13-16 ｜ Boys' U19 World Champs 2025 - Full Match_set1,22,639.1,657.667,639.6,657.167
China vs. Argentina - Classification 13-16 ｜ Boys' U19 World Champs 2025 - Full Match_set1,23,674.783,682.533,675.283,682.033
China vs. Argentina - Classification 13-16 ｜ Boys' U19 World Champs 2025 - Full Match_set1,24,696.667,714.833,697.167,714.333
China vs. Argentina - Classification 13-16 ｜ Boys' U19 World Champs 2025 - Full Match_set1,25,734.233,741.117,734.733,740.617
China vs. Argentina - Classification 13-16 ｜ Boys' U19 World Champs 2025 - Full Match_set1,26,758.5,765.8,759.0,765.3
China vs. Argentina - Classification 13-16 ｜ Boys' U19 World Champs 2025 - Full Match_set1,27,777.767,793.067,778.267,792.567
China vs. Argentina - Classification 13-16 ｜ Boys' U19 World Champs 2025 - Full Match_set1,28,857.967,861.833,858.467,861.333
China vs. Argentina - Classification 13-16 ｜ Boys' U19 World Champs 2025 - Full Match_set1,29,885.867,900.9,886.367,900.4
China vs. Argentina - Classification 13-16 ｜ Boys' U19 World Champs 2025 - Full Match_set1,30,923.6,931.333,924.1,930.833
China vs. Argentina - Classification 13-16 ｜ Boys' U19 World Champs 2025 - Full Match_set1,31,948.133,954.117,948.633,953.617
China vs. Argentina - Classification 13-16 ｜ Boys' U19 World Champs 2025 - Full Match_set1,32,970.033,977.167,970.533,976.667
China vs. Argentina - Classification 13-16 ｜ Boys' U19 World Champs 2025 - Full Match_set1,33,989.567,996.833,990.067,996.333
China vs. Argentina - Classification 13-16 ｜ Boys' U19 World Champs 2025 - Full Match_set1,34,1020.233,1028.633,1020.733,1028.133
China vs. Argentina - Classification 13-16 ｜ Boys' U19 World Champs 2025 - Full Match_set1,35,1050.533,1054.967,1051.033,1054.467
China vs. Argentina - Classification 13-16 ｜ Boys' U19 World Champs 2025 - Full Match_set1,36,1092.233,1104.383,1092.733,1103.883
China vs. Argentina - Classification 13-16 ｜ Boys' U19 World Champs 2025 - Full Match_set1,37,1140.767,1148.433,1141.267,1147.933
China vs. Argentina - Classification 13-16 ｜ Boys' U19 World Champs 2025 - Full Match_set1,38,1167.333,1174.683,1167.833,1174.183
China vs. Argentina - Classification 13-16 ｜ Boys' U19 World Champs 2025 - Full Match_set1,39,1245.0,1252.033,1245.5,1251.533
China vs. Argentina - Classification 13-16 ｜ Boys' U19 World Champs 2025 - Full Match_set1,40,1266.35,1273.1,1266.85,1272.6
China vs. Argentina - Classification 13-16 ｜ Boys' U19 World Champs 2025 - Full Match_set1,41,1358.25,1362.167,1358.75,1361.667
China vs. Argentina - Classification 13-16 ｜ Boys' U19 World Champs 2025 - Full Match_set1,42,1377.067,1385.933,1377.567,1385.433
China vs. Argentina - Classification 13-16 ｜ Boys' U19 World Champs 2025 - Full Match_set1,43,1416.367,1430.6,1416.867,1430.1
China vs. Argentina - Classification 13-16 ｜ Boys' U19 World Champs 2025 - Full Match_set1,44,1445.133,1465.783,1445.633,1465.283
China vs. Argentina - Classification 13-16 ｜ Boys' U19 World Champs 2025 - Full Match_set1,45,1480.733,1484.5,1481.233,1484.0
China vs. Argentina - Classification 13-16 ｜ Boys' U19 World Champs 2025 - Full Match_set1,46,1535.983,1553.217,1536.483,1552.717
China vs. Brazil - Ranking 13-14 ｜ Boys' U19 World Champs 2025 - Full Match_set1,1,20.1,26.2,20.6,25.7
China vs. Brazil - Ranking 13-14 ｜ Boys' U19 World Champs 2025 - Full Match_set1,2,41.767,66.767,42.267,66.267
China vs. Brazil - Ranking 13-14 ｜ Boys' U19 World Champs 2025 - Full Match_set1,3,89.333,96.667,89.833,96.167
China vs. Brazil - Ranking 13-14 ｜ Boys' U19 World Champs 2025 - Full Match_set1,4,107.9,114.567,108.4,114.067
China vs. Brazil - Ranking 13-14 ｜ Boys' U19 World Champs 2025 - Full Match_set1,5,132.6,139.7,133.1,139.2
China vs. Brazil - Ranking 13-14 ｜ Boys' U19 World Champs 2025 - Full Match_set1,6,156.5,165.0,157.0,163.183
China vs. Brazil - Ranking 13-14 ｜ Boys' U19 World Champs 2025 - Full Match_set1,7,180.967,188.583,181.467,188.083
China vs. Brazil - Ranking 13-14 ｜ Boys' U19 World Champs 2025 - Full Match_set1,8,203.567,211.617,204.067,211.117
China vs. Brazil - Ranking 13-14 ｜ Boys' U19 World Champs 2025 - Full Match_set1,9,228.267,236.4,228.767,235.9
China vs. Brazil - Ranking 13-14 ｜ Boys' U19 World Champs 2025 - Full Match_set1,10,249.733,260.7,250.233,260.2
China vs. Brazil - Ranking 13-14 ｜ Boys' U19 World Champs 2025 - Full Match_set1,11,277.533,285.8,278.033,285.3
China vs. Brazil - Ranking 13-14 ｜ Boys' U19 World Champs 2025 - Full Match_set1,12,300.2,316.633,300.7,316.133
China vs. Brazil - Ranking 13-14 ｜ Boys' U19 World Champs 2025 - Full Match_set1,13,329.867,334.067,330.367,333.567
China vs. Brazil - Ranking 13-14 ｜ Boys' U19 World Champs 2025 - Full Match_set1,14,348.967,353.1,349.467,352.6
China vs. Brazil - Ranking 13-14 ｜ Boys' U19 World Champs 2025 - Full Match_set1,15,370.433,383.9,370.933,383.4
China vs. Brazil - Ranking 13-14 ｜ Boys' U19 World Champs 2025 - Full Match_set1,16,400.867,407.6,401.367,407.1
China vs. Brazil - Ranking 13-14 ｜ Boys' U19 World Champs 2025 - Full Match_set1,17,425.333,433.917,425.833,433.417
China vs. Brazil - Ranking 13-14 ｜ Boys' U19 World Champs 2025 - Full Match_set1,18,447.8,455.283,448.3,454.783
China vs. Brazil - Ranking 13-14 ｜ Boys' U19 World Champs 2025 - Full Match_set1,19,473.3,484.0,473.8,482.333
China vs. Brazil - Ranking 13-14 ｜ Boys' U19 World Champs 2025 - Full Match_set1,20,556.733,564.2,557.233,563.7
China vs. Brazil - Ranking 13-14 ｜ Boys' U19 World Champs 2025 - Full Match_set1,21,579.533,586.433,580.033,585.933
China vs. Brazil - Ranking 13-14 ｜ Boys' U19 World Champs 2025 - Full Match_set1,22,601.2,604.683,601.7,604.183
China vs. Brazil - Ranking 13-14 ｜ Boys' U19 World Champs 2025 - Full Match_set1,23,662.133,667.9,662.633,667.4
China vs. Brazil - Ranking 13-14 ｜ Boys' U19 World Champs 2025 - Full Match_set1,24,683.433,692.767,683.933,692.267
China vs. Brazil - Ranking 13-14 ｜ Boys' U19 World Champs 2025 - Full Match_set1,25,712.733,719.133,713.233,718.633
China vs. Brazil - Ranking 13-14 ｜ Boys' U19 World Champs 2025 - Full Match_set1,26,737.2,754.433,737.7,753.933
China vs. Brazil - Ranking 13-14 ｜ Boys' U19 World Champs 2025 - Full Match_set1,27,769.167,775.6,769.667,775.1
China vs. Brazil - Ranking 13-14 ｜ Boys' U19 World Champs 2025 - Full Match_set1,28,793.933,802.3,794.433,801.8
China vs. Brazil - Ranking 13-14 ｜ Boys' U19 World Champs 2025 - Full Match_set1,29,821.133,826.067,821.633,825.567
China vs. Brazil - Ranking 13-14 ｜ Boys' U19 World Champs 2025 - Full Match_set1,30,841.967,848.933,842.467,848.433
China vs. Brazil - Ranking 13-14 ｜ Boys' U19 World Champs 2025 - Full Match_set1,31,867.4,880.483,867.9,879.983
China vs. Brazil - Ranking 13-14 ｜ Boys' U19 World Champs 2025 - Full Match_set1,32,901.167,905.333,901.667,904.833
China vs. Brazil - Ranking 13-14 ｜ Boys' U19 World Champs 2025 - Full Match_set1,33,916.0,933.35,916.5,932.85
China vs. Brazil - Ranking 13-14 ｜ Boys' U19 World Champs 2025 - Full Match_set1,34,952.133,956.217,952.633,955.717
China vs. Brazil - Ranking 13-14 ｜ Boys' U19 World Champs 2025 - Full Match_set1,35,1021.4,1027.933,1021.9,1027.433
China vs. Brazil - Ranking 13-14 ｜ Boys' U19 World Champs 2025 - Full Match_set1,36,1046.867,1054.1,1047.367,1053.6
China vs. Brazil - Ranking 13-14 ｜ Boys' U19 World Champs 2025 - Full Match_set1,37,1073.483,1080.333,1073.983,1079.833
China vs. Brazil - Ranking 13-14 ｜ Boys' U19 World Champs 2025 - Full Match_set1,38,1095.6,1102.75,1096.1,1102.25
China vs. Brazil - Ranking 13-14 ｜ Boys' U19 World Champs 2025 - Full Match_set1,39,1134.0,1140.183,1134.5,1139.683
China vs. Brazil - Ranking 13-14 ｜ Boys' U19 World Champs 2025 - Full Match_set1,40,1168.017,1183.567,1168.517,1183.067
China vs. Brazil - Ranking 13-14 ｜ Boys' U19 World Champs 2025 - Full Match_set1,41,1203.567,1211.133,1204.067,1210.633
China vs. Brazil - Ranking 13-14 ｜ Boys' U19 World Champs 2025 - Full Match_set1,42,1228.467,1232.617,1228.967,1232.117
China vs. Brazil - Ranking 13-14 ｜ Boys' U19 World Champs 2025 - Full Match_set1,43,1247.667,1255.617,1248.167,1255.117
China vs. Brazil - Ranking 13-14 ｜ Boys' U19 World Champs 2025 - Full Match_set1,44,1347.117,1354.233,1347.617,1353.733
China vs. Brazil - Ranking 13-14 ｜ Boys' U19 World Champs 2025 - Full Match_set1,45,1438.533,1446.117,1439.033,1445.617
China vs. Brazil - Ranking 13-14 ｜ Boys' U19 World Champs 2025 - Full Match_set1,46,1462.133,1473.933,1462.633,1473.433
China vs. Brazil - Ranking 13-14 ｜ Boys' U19 World Champs 2025 - Full Match_set1,47,1533.7,1539.067,1534.2,1538.567
China vs. Brazil - Ranking 13-14 ｜ Boys' U19 World Champs 2025 - Full Match_set1,48,1557.483,1564.467,1557.983,1563.967
China vs. Brazil - Ranking 13-14 ｜ Boys' U19 World Champs 2025 - Full Match_set1,49,1583.1,1590.833,1583.6,1590.333
China vs. Brazil - Ranking 13-14 ｜ Boys' U19 World Champs 2025 - Full Match_set1,50,1606.4,1613.433,1606.9,1612.933
China vs. Brazil - Ranking 13-14 ｜ Boys' U19 World Champs 2025 - Full Match_set1,51,1626.467,1633.05,1626.967,1632.55
China vs. Brazil - Ranking 13-14 ｜ Boys' U19 World Champs 2025 - Full Match_set1,52,1650.467,1658.433,1650.967,1657.933
China 🇨🇳 vs. Japan 🇯🇵 ｜ VNL 2025 - Full Match ｜ Week 1_set1,1,2.94,23.26,3.44,22.76
China 🇨🇳 vs. Japan 🇯🇵 ｜ VNL 2025 - Full Match ｜ Week 1_set1,2,40.62,50.54,41.12,50.04
China 🇨🇳 vs. Japan 🇯🇵 ｜ VNL 2025 - Full Match ｜ Week 1_set1,3,116.86,126.0,117.36,124.28
China 🇨🇳 vs. Japan 🇯🇵 ｜ VNL 2025 - Full Match ｜ Week 1_set1,4,144.78,148.7,145.28,148.2
China 🇨🇳 vs. Japan 🇯🇵 ｜ VNL 2025 - Full Match ｜ Week 1_set1,5,166.1,176.78,166.6,176.28
China 🇨🇳 vs. Japan 🇯🇵 ｜ VNL 2025 - Full Match ｜ Week 1_set1,6,193.5,207.82,194.0,207.32
China 🇨🇳 vs. Japan 🇯🇵 ｜ VNL 2025 - Full Match ｜ Week 1_set1,7,224.7,233.62,225.2,234.44
China 🇨🇳 vs. Japan 🇯🇵 ｜ VNL 2025 - Full Match ｜ Week 1_set1,8,247.62,262.7,248.12,262.2
China 🇨🇳 vs. Japan 🇯🇵 ｜ VNL 2025 - Full Match ｜ Week 1_set1,10,303.58,311.46,304.08,310.96
China 🇨🇳 vs. Japan 🇯🇵 ｜ VNL 2025 - Full Match ｜ Week 1_set1,11,326.38,342.42,326.88,341.92
China 🇨🇳 vs. Japan 🇯🇵 ｜ VNL 2025 - Full Match ｜ Week 1_set1,12,361.14,369.22,361.64,368.72
China 🇨🇳 vs. Japan 🇯🇵 ｜ VNL 2025 - Full Match ｜ Week 1_set1,13,390.58,397.78,391.08,397.28
China 🇨🇳 vs. Japan 🇯🇵 ｜ VNL 2025 - Full Match ｜ Week 1_set1,14,416.98,423.34,417.48,422.84
China 🇨🇳 vs. Japan 🇯🇵 ｜ VNL 2025 - Full Match ｜ Week 1_set1,15,439.5,448.38,440.0,447.88
China 🇨🇳 vs. Japan 🇯🇵 ｜ VNL 2025 - Full Match ｜ Week 1_set1,16,467.26,471.06,467.76,470.56
China 🇨🇳 vs. Japan 🇯🇵 ｜ VNL 2025 - Full Match ｜ Week 1_set1,17,484.7,492.22,485.2,491.72
China 🇨🇳 vs. Japan 🇯🇵 ｜ VNL 2025 - Full Match ｜ Week 1_set1,18,509.74,520.98,510.24,520.48
China 🇨🇳 vs. Japan 🇯🇵 ｜ VNL 2025 - Full Match ｜ Week 1_set1,19,540.26,547.1,540.76,546.6
China 🇨🇳 vs. Japan 🇯🇵 ｜ VNL 2025 - Full Match ｜ Week 1_set1,20,563.22,569.54,563.72,569.04
China 🇨🇳 vs. Japan 🇯🇵 ｜ VNL 2025 - Full Match ｜ Week 1_set1,21,584.58,588.14,585.08,587.64
China 🇨🇳 vs. Japan 🇯🇵 ｜ VNL 2025 - Full Match ｜ Week 1_set1,22,607.82,613.22,608.32,612.72
China 🇨🇳 vs. Japan 🇯🇵 ｜ VNL 2025 - Full Match ｜ Week 1_set1,23,628.62,634.74,629.12,634.24
China 🇨🇳 vs. Japan 🇯🇵 ｜ VNL 2025 - Full Match ｜ Week 1_set1,24,651.3,657.26,651.8,656.76
China 🇨🇳 vs. Japan 🇯🇵 ｜ VNL 2025 - Full Match ｜ Week 1_set1,25,676.38,680.14,676.88,679.64
China 🇨🇳 vs. Japan 🇯🇵 ｜ VNL 2025 - Full Match ｜ Week 1_set1,26,692.98,704.14,693.48,703.64
China 🇨🇳 vs. Japan 🇯🇵 ｜ VNL 2025 - Full Match ｜ Week 1_set1,27,723.02,730.54,723.52,730.04
China 🇨🇳 vs. Japan 🇯🇵 ｜ VNL 2025 - Full Match ｜ Week 1_set1,28,754.06,757.78,754.56,757.28
China 🇨🇳 vs. Japan 🇯🇵 ｜ VNL 2025 - Full Match ｜ Week 1_set1,29,775.42,786.34,775.92,785.84
China 🇨🇳 vs. Japan 🇯🇵 ｜ VNL 2025 - Full Match ｜ Week 1_set1,30,806.1,822.66,806.6,822.16
China 🇨🇳 vs. Japan 🇯🇵 ｜ VNL 2025 - Full Match ｜ Week 1_set1,31,838.54,845.94,839.04,845.44
China 🇨🇳 vs. Japan 🇯🇵 ｜ VNL 2025 - Full Match ｜ Week 1_set1,32,869.58,881.26,870.08,880.76
China 🇨🇳 vs. Japan 🇯🇵 ｜ VNL 2025 - Full Match ｜ Week 1_set1,33,895.66,902.58,896.16,902.08
China 🇨🇳 vs. Japan 🇯🇵 ｜ VNL 2025 - Full Match ｜ Week 1_set1,34,922.1,928.22,922.6,927.72
China 🇨🇳 vs. Japan 🇯🇵 ｜ VNL 2025 - Full Match ｜ Week 1_set1,35,945.02,960.3,945.52,959.8
China 🇨🇳 vs. Japan 🇯🇵 ｜ VNL 2025 - Full Match ｜ Week 1_set1,36,997.58,1001.1,998.08,1000.6
China 🇨🇳 vs. Japan 🇯🇵 ｜ VNL 2025 - Full Match ｜ Week 1_set1,37,1025.14,1029.94,1025.64,1029.44
China 🇨🇳 vs. Japan 🇯🇵 ｜ VNL 2025 - Full Match ｜ Week 1_set1,38,1052.3,1060.3,1052.8,1059.8
China 🇨🇳 vs. Japan 🇯🇵 ｜ VNL 2025 - Full Match ｜ Week 1_set1,39,1077.1,1083.94,1077.6,1083.44
China 🇨🇳 vs. Japan 🇯🇵 ｜ VNL 2025 - Full Match ｜ Week 1_set1,40,1102.46,1106.82,1102.96,1106.32
China 🇨🇳 vs. Japan 🇯🇵 ｜ VNL 2025 - Full Match ｜ Week 1_set1,41,1133.7,1137.34,1134.2,1136.84
China 🇨🇳 vs. Japan 🇯🇵 ｜ VNL 2025 - Full Match ｜ Week 1_set1,42,1175.9,1179.74,1176.4,1179.24
China 🇨🇳 vs. Japan 🇯🇵 ｜ VNL 2025 - Full Match ｜ Week 1_set1,43,1199.06,1205.7,1199.56,1205.2
China 🇨🇳 vs. Japan 🇯🇵 ｜ VNL 2025 - Full Match ｜ Week 1_set1,44,1228.7,1235.5,1229.2,1235.0
China 🇨🇳 vs. Japan 🇯🇵 ｜ VNL 2025 - Full Match ｜ Week 1_set1,45,1262.38,1269.5,1262.88,1269.0
China 🇨🇳 vs. Japan 🇯🇵 ｜ VNL 2025 - Full Match ｜ Week 1_set1,46,1291.82,1299.22,1292.32,1298.72
China 🇨🇳 vs. Japan 🇯🇵 ｜ VNL 2025 - Full Match ｜ Week 1_set1,47,1319.46,1338.02,1319.96,1337.52
China 🇨🇳 vs. Japan 🇯🇵 ｜ VNL 2025 - Full Match ｜ Week 1_set1,48,1364.78,1372.14,1365.28,1371.64
Cuba vs. Puerto Rico - Ranking 17-18 ｜ Boys' U19 World Champs 2025 - Full Match_set1,1,19.967,26.667,20.467,26.167
Cuba vs. Puerto Rico - Ranking 17-18 ｜ Boys' U19 World Champs 2025 - Full Match_set1,2,41.433,47.9,41.933,47.4
Cuba vs. Puerto Rico - Ranking 17-18 ｜ Boys' U19 World Champs 2025 - Full Match_set1,3,63.267,92.167,63.767,91.667
Cuba vs. Puerto Rico - Ranking 17-18 ｜ Boys' U19 World Champs 2025 - Full Match_set1,4,111.833,119.933,112.333,119.433
Cuba vs. Puerto Rico - Ranking 17-18 ｜ Boys' U19 World Champs 2025 - Full Match_set1,5,134.233,145.2,134.733,144.7
Cuba vs. Puerto Rico - Ranking 17-18 ｜ Boys' U19 World Champs 2025 - Full Match_set1,6,158.1,168.867,158.6,168.367
Cuba vs. Puerto Rico - Ranking 17-18 ｜ Boys' U19 World Champs 2025 - Full Match_set1,7,183.433,187.767,183.933,187.267
Cuba vs. Puerto Rico - Ranking 17-18 ｜ Boys' U19 World Champs 2025 - Full Match_set1,8,205.1,216.433,205.6,215.933
Cuba vs. Puerto Rico - Ranking 17-18 ｜ Boys' U19 World Champs 2025 - Full Match_set1,9,234.233,238.2,234.733,237.7
Cuba vs. Puerto Rico - Ranking 17-18 ｜ Boys' U19 World Champs 2025 - Full Match_set1,10,251.45,276.867,251.95,276.367
Cuba vs. Puerto Rico - Ranking 17-18 ｜ Boys' U19 World Champs 2025 - Full Match_set1,11,291.033,298.433,291.533,297.933
Cuba vs. Puerto Rico - Ranking 17-18 ｜ Boys' U19 World Champs 2025 - Full Match_set1,12,316.733,338.333,317.233,337.833
Cuba vs. Puerto Rico - Ranking 17-18 ｜ Boys' U19 World Champs 2025 - Full Match_set1,13,355.483,361.633,355.983,361.133
Cuba vs. Puerto Rico - Ranking 17-18 ｜ Boys' U19 World Champs 2025 - Full Match_set1,14,378.6,402.983,379.1,402.483
Cuba vs. Puerto Rico - Ranking 17-18 ｜ Boys' U19 World Champs 2025 - Full Match_set1,15,418.4,427.1,418.9,426.6
Cuba vs. Puerto Rico - Ranking 17-18 ｜ Boys' U19 World Champs 2025 - Full Match_set1,16,442.867,450.867,443.367,450.367
Cuba vs. Puerto Rico - Ranking 17-18 ｜ Boys' U19 World Champs 2025 - Full Match_set1,17,467.6,471.833,468.1,471.333
Cuba vs. Puerto Rico - Ranking 17-18 ｜ Boys' U19 World Champs 2025 - Full Match_set1,18,485.3,493.233,485.8,492.733
Cuba vs. Puerto Rico - Ranking 17-18 ｜ Boys' U19 World Champs 2025 - Full Match_set1,19,510.333,514.067,510.833,513.567
Cuba vs. Puerto Rico - Ranking 17-18 ｜ Boys' U19 World Champs 2025 - Full Match_set1,20,529.6,534.133,530.1,533.633
Cuba vs. Puerto Rico - Ranking 17-18 ｜ Boys' U19 World Champs 2025 - Full Match_set1,21,548.1,552.333,548.6,551.833
Cuba vs. Puerto Rico - Ranking 17-18 ｜ Boys' U19 World Champs 2025 - Full Match_set1,22,615.833,631.0,616.333,629.133
Cuba vs. Puerto Rico - Ranking 17-18 ｜ Boys' U19 World Champs 2025 - Full Match_set1,23,646.833,653.783,647.333,653.283
Cuba vs. Puerto Rico - Ranking 17-18 ｜ Boys' U19 World Champs 2025 - Full Match_set1,24,670.533,677.967,671.033,677.467
Cuba vs. Puerto Rico - Ranking 17-18 ｜ Boys' U19 World Champs 2025 - Full Match_set1,25,694.067,700.533,694.567,700.033
Cuba vs. Puerto Rico - Ranking 17-18 ｜ Boys' U19 World Champs 2025 - Full Match_set1,26,715.133,721.467,715.633,720.967
Cuba vs. Puerto Rico - Ranking 17-18 ｜ Boys' U19 World Champs 2025 - Full Match_set1,27,737.983,742.367,738.483,741.867
Cuba vs. Puerto Rico - Ranking 17-18 ｜ Boys' U19 World Champs 2025 - Full Match_set1,28,756.583,763.617,757.083,763.117
Cuba vs. Puerto Rico - Ranking 17-18 ｜ Boys' U19 World Champs 2025 - Full Match_set1,29,779.4,791.533,779.9,791.033
Cuba vs. Puerto Rico - Ranking 17-18 ｜ Boys' U19 World Champs 2025 - Full Match_set1,30,835.867,840.267,836.367,839.767
Cuba vs. Puerto Rico - Ranking 17-18 ｜ Boys' U19 World Champs 2025 - Full Match_set1,31,857.333,865.433,857.833,864.933
Cuba vs. Puerto Rico - Ranking 17-18 ｜ Boys' U19 World Champs 2025 - Full Match_set1,32,879.8,886.8,880.3,886.3
Cuba vs. Puerto Rico - Ranking 17-18 ｜ Boys' U19 World Champs 2025 - Full Match_set1,33,954.633,962.267,955.133,961.767
Cuba vs. Puerto Rico - Ranking 17-18 ｜ Boys' U19 World Champs 2025 - Full Match_set1,34,1009.433,1016.483,1009.933,1015.983
Cuba vs. Puerto Rico - Ranking 17-18 ｜ Boys' U19 World Champs 2025 - Full Match_set1,35,1031.3,1035.45,1031.8,1034.95
Cuba vs. Puerto Rico - Ranking 17-18 ｜ Boys' U19 World Champs 2025 - Full Match_set1,36,1065.2,1072.783,1065.7,1072.283
Cuba vs. Puerto Rico - Ranking 17-18 ｜ Boys' U19 World Champs 2025 - Full Match_set1,37,1087.3,1094.267,1087.8,1093.767
Cuba vs. Puerto Rico - Ranking 17-18 ｜ Boys' U19 World Champs 2025 - Full Match_set1,38,1121.633,1138.1,1122.133,1137.6
Cuba vs. Puerto Rico - Ranking 17-18 ｜ Boys' U19 World Champs 2025 - Full Match_set1,39,1178.433,1186.133,1178.933,1185.633
Cuba vs. Puerto Rico - Ranking 17-18 ｜ Boys' U19 World Champs 2025 - Full Match_set1,40,1202.267,1218.633,1202.767,1218.133
Cuba vs. Puerto Rico - Ranking 17-18 ｜ Boys' U19 World Champs 2025 - Full Match_set1,41,1233.683,1254.5,1234.183,1254.0
Cuba vs. Puerto Rico - Ranking 17-18 ｜ Boys' U19 World Champs 2025 - Full Match_set1,42,1332.7,1350.067,1333.2,1349.567
Cuba vs. Puerto Rico - Ranking 17-18 ｜ Boys' U19 World Champs 2025 - Full Match_set1,43,1365.6,1379.117,1366.1,1378.617
Cuba vs. Puerto Rico - Ranking 17-18 ｜ Boys' U19 World Champs 2025 - Full Match_set1,44,1408.833,1416.267,1409.333,1415.767
Cuba vs. Puerto Rico - Ranking 17-18 ｜ Boys' U19 World Champs 2025 - Full Match_set1,45,1433.5,1448.267,1434.0,1447.767
Cuba vs. Puerto Rico - Ranking 17-18 ｜ Boys' U19 World Champs 2025 - Full Match_set1,46,1475.933,1497.2,1476.433,1496.7
Cuba vs. Puerto Rico - Ranking 17-18 ｜ Boys' U19 World Champs 2025 - Full Match_set1,47,1513.133,1524.3,1513.633,1523.8
Cuba vs. Puerto Rico - Ranking 17-18 ｜ Boys' U19 World Champs 2025 - Full Match_set1,48,1544.783,1552.483,1545.283,1551.983
Final - Stings vs. Sunbirds ｜ SVL League 2024⧸25 - Full Match ｜ Volleyball_set1,1,9.067,13.467,9.567,12.967
Final - Stings vs. Sunbirds ｜ SVL League 2024⧸25 - Full Match ｜ Volleyball_set1,2,28.033,35.467,28.533,34.967
Final - Stings vs. Sunbirds ｜ SVL League 2024⧸25 - Full Match ｜ Volleyball_set1,3,51.3,58.3,51.8,57.8
Final - Stings vs. Sunbirds ｜ SVL League 2024⧸25 - Full Match ｜ Volleyball_set1,4,77.7,84.767,78.2,84.267
Final - Stings vs. Sunbirds ｜ SVL League 2024⧸25 - Full Match ｜ Volleyball_set1,5,102.833,110.233,103.333,109.733
Final - Stings vs. Sunbirds ｜ SVL League 2024⧸25 - Full Match ｜ Volleyball_set1,6,132.567,137.767,133.067,137.267
Final - Stings vs. Sunbirds ｜ SVL League 2024⧸25 - Full Match ｜ Volleyball_set1,7,161.733,168.667,162.233,168.167
Final - Stings vs. Sunbirds ｜ SVL League 2024⧸25 - Full Match ｜ Volleyball_set1,8,190.733,196.933,191.233,196.433
Final - Stings vs. Sunbirds ｜ SVL League 2024⧸25 - Full Match ｜ Volleyball_set1,9,215.367,221.6,215.867,221.1
Final - Stings vs. Sunbirds ｜ SVL League 2024⧸25 - Full Match ｜ Volleyball_set1,10,240.8,251.633,241.3,251.133
Final - Stings vs. Sunbirds ｜ SVL League 2024⧸25 - Full Match ｜ Volleyball_set1,11,275.867,281.733,276.367,281.233
Final - Stings vs. Sunbirds ｜ SVL League 2024⧸25 - Full Match ｜ Volleyball_set1,12,300.633,307.933,301.133,307.433
Final - Stings vs. Sunbirds ｜ SVL League 2024⧸25 - Full Match ｜ Volleyball_set1,13,331.133,351.467,331.633,350.967
Final - Stings vs. Sunbirds ｜ SVL League 2024⧸25 - Full Match ｜ Volleyball_set1,14,372.833,378.267,373.333,377.767
Final - Stings vs. Sunbirds ｜ SVL League 2024⧸25 - Full Match ｜ Volleyball_set1,15,398.067,404.867,398.567,404.367
Final - Stings vs. Sunbirds ｜ SVL League 2024⧸25 - Full Match ｜ Volleyball_set1,16,426.233,433.2,426.733,432.7
Final - Stings vs. Sunbirds ｜ SVL League 2024⧸25 - Full Match ｜ Volleyball_set1,17,450.967,457.767,451.467,457.267
Final - Stings vs. Sunbirds ｜ SVL League 2024⧸25 - Full Match ｜ Volleyball_set1,18,480.933,488.167,481.433,487.667
Final - Stings vs. Sunbirds ｜ SVL League 2024⧸25 - Full Match ｜ Volleyball_set1,19,586.3,605.933,586.8,605.433
Final - Stings vs. Sunbirds ｜ SVL League 2024⧸25 - Full Match ｜ Volleyball_set1,20,629.867,636.367,630.367,635.867
Final - Stings vs. Sunbirds ｜ SVL League 2024⧸25 - Full Match ｜ Volleyball_set1,21,665.333,672.367,665.833,671.867
Final - Stings vs. Sunbirds ｜ SVL League 2024⧸25 - Full Match ｜ Volleyball_set1,22,774.467,781.167,774.967,780.667
Final - Stings vs. Sunbirds ｜ SVL League 2024⧸25 - Full Match ｜ Volleyball_set1,23,805.1,812.133,805.6,811.633
Final - Stings vs. Sunbirds ｜ SVL League 2024⧸25 - Full Match ｜ Volleyball_set1,24,830.867,837.8,831.367,837.3
Final - Stings vs. Sunbirds ｜ SVL League 2024⧸25 - Full Match ｜ Volleyball_set1,25,939.5,943.167,940.0,942.667
Final - Stings vs. Sunbirds ｜ SVL League 2024⧸25 - Full Match ｜ Volleyball_set1,26,962.867,966.6,963.367,966.1
Final - Stings vs. Sunbirds ｜ SVL League 2024⧸25 - Full Match ｜ Volleyball_set1,27,1004.033,1011.667,1004.533,1011.167
Final - Stings vs. Sunbirds ｜ SVL League 2024⧸25 - Full Match ｜ Volleyball_set1,28,1032.367,1041.633,1032.867,1041.133
Final - Stings vs. Sunbirds ｜ SVL League 2024⧸25 - Full Match ｜ Volleyball_set1,29,1123.967,1132.0,1124.467,1129.367
Final - Stings vs. Sunbirds ｜ SVL League 2024⧸25 - Full Match ｜ Volleyball_set1,30,1156.8,1164.4,1157.3,1163.9
Final - Stings vs. Sunbirds ｜ SVL League 2024⧸25 - Full Match ｜ Volleyball_set1,31,1190.967,1205.2,1191.467,1204.7
Final - Stings vs. Sunbirds ｜ SVL League 2024⧸25 - Full Match ｜ Volleyball_set1,32,1230.467,1234.433,1230.967,1233.933
Final - Stings vs. Sunbirds ｜ SVL League 2024⧸25 - Full Match ｜ Volleyball_set1,33,1257.8,1269.133,1258.3,1268.633
Final - Stings vs. Sunbirds ｜ SVL League 2024⧸25 - Full Match ｜ Volleyball_set1,34,1287.1,1293.8,1287.6,1293.3
Final - Stings vs. Sunbirds ｜ SVL League 2024⧸25 - Full Match ｜ Volleyball_set1,35,1309.267,1316.5,1309.767,1316.0
Final - Stings vs. Sunbirds ｜ SVL League 2024⧸25 - Full Match ｜ Volleyball_set1,36,1334.467,1344.867,1334.967,1344.367
Final - Stings vs. Sunbirds ｜ SVL League 2024⧸25 - Full Match ｜ Volleyball_set1,37,1370.267,1378.467,1370.767,1377.967
Final - Stings vs. Sunbirds ｜ SVL League 2024⧸25 - Full Match ｜ Volleyball_set1,38,1456.033,1462.267,1456.533,1461.767
Final - Stings vs. Sunbirds ｜ SVL League 2024⧸25 - Full Match ｜ Volleyball_set1,39,1498.567,1504.233,1499.067,1503.733
Final - Stings vs. Sunbirds ｜ SVL League 2024⧸25 - Full Match ｜ Volleyball_set1,40,1589.633,1597.7,1590.133,1597.2
Final - Stings vs. Sunbirds ｜ SVL League 2024⧸25 - Full Match ｜ Volleyball_set1,41,1615.1,1618.833,1615.6,1618.333
Final - Stings vs. Sunbirds ｜ SVL League 2024⧸25 - Full Match ｜ Volleyball_set1,42,1703.767,1719.167,1704.267,1718.667
Final - Stings vs. Sunbirds ｜ SVL League 2024⧸25 - Full Match ｜ Volleyball_set1,43,1746.133,1749.8,1746.633,1749.3
Final - Stings vs. Sunbirds ｜ SVL League 2024⧸25 - Full Match ｜ Volleyball_set1,44,1788.367,1795.033,1788.867,1794.533
Final - Stings vs. Sunbirds ｜ SVL League 2024⧸25 - Full Match ｜ Volleyball_set1,45,1837.0,1840.7,1837.5,1840.2
Final - Stings vs. Sunbirds ｜ SVL League 2024⧸25 - Full Match ｜ Volleyball_set1,46,1865.067,1876.667,1865.567,1876.167
France vs. Iran - Semi Final 2 ｜ Boys' U19 World Champs 2025 - Full Match_set1,1,4.3,10.7,4.8,10.2
France vs. Iran - Semi Final 2 ｜ Boys' U19 World Champs 2025 - Full Match_set1,2,28.667,40.833,29.167,40.333
France vs. Iran - Semi Final 2 ｜ Boys' U19 World Champs 2025 - Full Match_set1,3,58.2,74.0,58.7,72.433
France vs. Iran - Semi Final 2 ｜ Boys' U19 World Champs 2025 - Full Match_set1,4,96.333,120.433,96.833,119.933
France vs. Iran - Semi Final 2 ｜ Boys' U19 World Champs 2025 - Full Match_set1,5,136.433,146.0,136.933,144.4
France vs. Iran - Semi Final 2 ｜ Boys' U19 World Champs 2025 - Full Match_set1,6,162.167,170.567,162.667,170.067
France vs. Iran - Semi Final 2 ｜ Boys' U19 World Champs 2025 - Full Match_set1,7,186.3,200.233,186.8,199.733
France vs. Iran - Semi Final 2 ｜ Boys' U19 World Champs 2025 - Full Match_set1,8,204.733,218.433,205.233,217.933
France vs. Iran - Semi Final 2 ｜ Boys' U19 World Champs 2025 - Full Match_set1,9,236.333,243.6,236.833,243.1
France vs. Iran - Semi Final 2 ｜ Boys' U19 World Champs 2025 - Full Match_set1,10,297.6,315.367,298.1,314.867
France vs. Iran - Semi Final 2 ｜ Boys' U19 World Champs 2025 - Full Match_set1,11,332.4,336.533,332.9,336.033
France vs. Iran - Semi Final 2 ｜ Boys' U19 World Champs 2025 - Full Match_set1,12,352.667,363.933,353.167,363.433
France vs. Iran - Semi Final 2 ｜ Boys' U19 World Champs 2025 - Full Match_set1,13,381.7,388.933,382.2,388.433
France vs. Iran - Semi Final 2 ｜ Boys' U19 World Champs 2025 - Full Match_set1,14,404.533,410.7,405.033,410.2
France vs. Iran - Semi Final 2 ｜ Boys' U19 World Champs 2025 - Full Match_set1,15,426.067,443.467,426.567,442.967
France vs. Iran - Semi Final 2 ｜ Boys' U19 World Champs 2025 - Full Match_set1,16,471.367,478.4,471.867,477.9
France vs. Iran - Semi Final 2 ｜ Boys' U19 World Champs 2025 - Full Match_set1,17,494.067,501.233,494.567,500.733
France vs. Iran - Semi Final 2 ｜ Boys' U19 World Champs 2025 - Full Match_set1,18,520.433,533.0,520.933,531.133
France vs. Iran - Semi Final 2 ｜ Boys' U19 World Champs 2025 - Full Match_set1,19,551.9,557.367,552.4,556.867
France vs. Iran - Semi Final 2 ｜ Boys' U19 World Champs 2025 - Full Match_set1,20,577.667,581.4,578.167,580.9
France vs. Iran - Semi Final 2 ｜ Boys' U19 World Champs 2025 - Full Match_set1,21,592.4,599.3,592.9,598.8
France vs. Iran - Semi Final 2 ｜ Boys' U19 World Champs 2025 - Full Match_set1,22,614.667,621.0,615.167,620.5
France vs. Iran - Semi Final 2 ｜ Boys' U19 World Champs 2025 - Full Match_set1,23,634.733,649.8,635.233,649.3
France vs. Iran - Semi Final 2 ｜ Boys' U19 World Champs 2025 - Full Match_set1,24,665.6,671.433,665.6,670.933
France vs. Iran - Semi Final 2 ｜ Boys' U19 World Champs 2025 - Full Match_set1,25,686.5,705.9,687.0,705.4
France vs. Iran - Semi Final 2 ｜ Boys' U19 World Champs 2025 - Full Match_set1,26,721.733,740.9,722.233,740.4
France vs. Iran - Semi Final 2 ｜ Boys' U19 World Champs 2025 - Full Match_set1,27,799.833,806.633,800.333,806.133
France vs. Iran - Semi Final 2 ｜ Boys' U19 World Champs 2025 - Full Match_set1,28,825.5,833.5,826.0,833.0
France vs. Iran - Semi Final 2 ｜ Boys' U19 World Champs 2025 - Full Match_set1,29,849.967,857.833,850.467,857.333
France vs. Iran - Semi Final 2 ｜ Boys' U19 World Champs 2025 - Full Match_set1,30,874.367,888.2,874.867,887.7
France vs. Iran - Semi Final 2 ｜ Boys' U19 World Champs 2025 - Full Match_set1,31,906.867,915.9,907.367,915.4
France vs. Iran - Semi Final 2 ｜ Boys' U19 World Champs 2025 - Full Match_set1,32,932.6,940.5,933.1,940.0
France vs. Iran - Semi Final 2 ｜ Boys' U19 World Champs 2025 - Full Match_set1,33,1000.9,1007.233,1001.4,1006.733
France vs. Iran - Semi Final 2 ｜ Boys' U19 World Champs 2025 - Full Match_set1,34,1024.1,1028.0,1024.6,1027.5
France vs. Iran - Semi Final 2 ｜ Boys' U19 World Champs 2025 - Full Match_set1,35,1046.833,1066.8,1047.333,1066.3
France vs. Iran - Semi Final 2 ｜ Boys' U19 World Champs 2025 - Full Match_set1,36,1084.833,1091.433,1085.333,1090.933
France vs. Iran - Semi Final 2 ｜ Boys' U19 World Champs 2025 - Full Match_set1,37,1110.567,1121.233,1111.067,1120.733
France vs. Iran - Semi Final 2 ｜ Boys' U19 World Champs 2025 - Full Match_set1,38,1140.967,1144.567,1141.467,1144.067
France vs. Iran - Semi Final 2 ｜ Boys' U19 World Champs 2025 - Full Match_set1,39,1156.833,1161.133,1157.333,1160.633
France 🇫🇷 vs. Japan 🇯🇵 ｜ VNL 2025 - Full Match ｜ Week 2_set1,1,43.86,47.66,44.36,47.16
France 🇫🇷 vs. Japan 🇯🇵 ｜ VNL 2025 - Full Match ｜ Week 2_set1,2,66.46,69.98,66.96,69.48
France 🇫🇷 vs. Japan 🇯🇵 ｜ VNL 2025 - Full Match ｜ Week 2_set1,3,83.1,89.82,83.6,89.32
France 🇫🇷 vs. Japan 🇯🇵 ｜ VNL 2025 - Full Match ｜ Week 2_set1,4,107.42,111.34,107.92,110.84
France 🇫🇷 vs. Japan 🇯🇵 ｜ VNL 2025 - Full Match ｜ Week 2_set1,5,126.5,132.74,127.0,132.24
France 🇫🇷 vs. Japan 🇯🇵 ｜ VNL 2025 - Full Match ｜ Week 2_set1,6,152.14,157.86,152.64,157.36
France 🇫🇷 vs. Japan 🇯🇵 ｜ VNL 2025 - Full Match ｜ Week 2_set1,7,174.74,181.94,175.24,181.44
France 🇫🇷 vs. Japan 🇯🇵 ｜ VNL 2025 - Full Match ｜ Week 2_set1,8,199.02,205.82,199.52,205.32
France 🇫🇷 vs. Japan 🇯🇵 ｜ VNL 2025 - Full Match ｜ Week 2_set1,9,225.58,236.66,226.08,236.16
France 🇫🇷 vs. Japan 🇯🇵 ｜ VNL 2025 - Full Match ｜ Week 2_set1,10,256.54,270.74,257.04,270.24
France 🇫🇷 vs. Japan 🇯🇵 ｜ VNL 2025 - Full Match ｜ Week 2_set1,11,289.74,293.58,290.24,293.08
France 🇫🇷 vs. Japan 🇯🇵 ｜ VNL 2025 - Full Match ｜ Week 2_set1,12,308.3,326.06,308.8,325.56
France 🇫🇷 vs. Japan 🇯🇵 ｜ VNL 2025 - Full Match ｜ Week 2_set1,13,428.7,432.1,429.2,431.6
France 🇫🇷 vs. Japan 🇯🇵 ｜ VNL 2025 - Full Match ｜ Week 2_set1,14,448.74,456.42,449.24,455.92
France 🇫🇷 vs. Japan 🇯🇵 ｜ VNL 2025 - Full Match ｜ Week 2_set1,15,472.7,489.06,473.2,488.56
France 🇫🇷 vs. Japan 🇯🇵 ｜ VNL 2025 - Full Match ｜ Week 2_set1,16,505.3,519.42,505.8,518.92
France 🇫🇷 vs. Japan 🇯🇵 ｜ VNL 2025 - Full Match ｜ Week 2_set1,17,535.1,547.82,535.6,547.32
France 🇫🇷 vs. Japan 🇯🇵 ｜ VNL 2025 - Full Match ｜ Week 2_set1,18,568.02,576.42,568.52,575.92
France 🇫🇷 vs. Japan 🇯🇵 ｜ VNL 2025 - Full Match ｜ Week 2_set1,19,593.18,601.0,593.68,599.64
France 🇫🇷 vs. Japan 🇯🇵 ｜ VNL 2025 - Full Match ｜ Week 2_set1,20,618.54,625.82,619.04,625.32
France 🇫🇷 vs. Japan 🇯🇵 ｜ VNL 2025 - Full Match ｜ Week 2_set1,21,646.58,650.3,647.08,649.8
France 🇫🇷 vs. Japan 🇯🇵 ｜ VNL 2025 - Full Match ｜ Week 2_set1,22,664.42,673.02,664.92,672.52
France 🇫🇷 vs. Japan 🇯🇵 ｜ VNL 2025 - Full Match ｜ Week 2_set1,23,689.18,706.14,689.68,705.64
France 🇫🇷 vs. Japan 🇯🇵 ｜ VNL 2025 - Full Match ｜ Week 2_set1,24,729.54,736.1,730.04,735.6
France 🇫🇷 vs. Japan 🇯🇵 ｜ VNL 2025 - Full Match ｜ Week 2_set1,25,752.66,759.02,753.16,758.52
France 🇫🇷 vs. Japan 🇯🇵 ｜ VNL 2025 - Full Match ｜ Week 2_set1,26,774.86,781.18,775.36,780.68
France 🇫🇷 vs. Japan 🇯🇵 ｜ VNL 2025 - Full Match ｜ Week 2_set1,27,804.02,811.14,804.52,810.64
France 🇫🇷 vs. Japan 🇯🇵 ｜ VNL 2025 - Full Match ｜ Week 2_set1,28,826.26,833.58,826.76,833.08
France 🇫🇷 vs. Japan 🇯🇵 ｜ VNL 2025 - Full Match ｜ Week 2_set1,29,851.86,855.58,852.36,855.08
France 🇫🇷 vs. Japan 🇯🇵 ｜ VNL 2025 - Full Match ｜ Week 2_set1,30,867.74,871.9,868.24,871.4
France 🇫🇷 vs. Japan 🇯🇵 ｜ VNL 2025 - Full Match ｜ Week 2_set1,31,885.98,892.78,886.48,892.28
France 🇫🇷 vs. Japan 🇯🇵 ｜ VNL 2025 - Full Match ｜ Week 2_set1,32,912.9,931.1,913.4,930.6
France 🇫🇷 vs. Japan 🇯🇵 ｜ VNL 2025 - Full Match ｜ Week 2_set1,33,950.1,957.5,950.6,957.0
France 🇫🇷 vs. Japan 🇯🇵 ｜ VNL 2025 - Full Match ｜ Week 2_set1,34,980.62,987.86,981.12,987.36
France 🇫🇷 vs. Japan 🇯🇵 ｜ VNL 2025 - Full Match ｜ Week 2_set1,35,1005.54,1008.9,1006.04,1008.4
France 🇫🇷 vs. Japan 🇯🇵 ｜ VNL 2025 - Full Match ｜ Week 2_set1,36,1026.14,1032.3,1026.64,1031.8
France 🇫🇷 vs. Japan 🇯🇵 ｜ VNL 2025 - Full Match ｜ Week 2_set1,37,1051.02,1059.06,1051.52,1058.56
France 🇫🇷 vs. Japan 🇯🇵 ｜ VNL 2025 - Full Match ｜ Week 2_set1,38,1097.34,1113.42,1097.84,1112.92
France 🇫🇷 vs. Japan 🇯🇵 ｜ VNL 2025 - Full Match ｜ Week 2_set1,39,1212.94,1224.78,1213.44,1224.28
France 🇫🇷 vs. Japan 🇯🇵 ｜ VNL 2025 - Full Match ｜ Week 2_set1,40,1244.94,1251.74,1245.44,1251.24
France 🇫🇷 vs. Japan 🇯🇵 ｜ VNL 2025 - Full Match ｜ Week 2_set1,41,1271.74,1284.0,1272.24,1281.68
France 🇫🇷 vs. Japan 🇯🇵 ｜ VNL 2025 - Full Match ｜ Week 2_set1,42,1359.98,1367.26,1360.48,1366.76
France 🇫🇷 vs. Japan 🇯🇵 ｜ VNL 2025 - Full Match ｜ Week 2_set1,43,1389.3,1405.46,1389.8,1404.96
France 🇫🇷 vs. Japan 🇯🇵 ｜ VNL 2025 - Full Match ｜ Week 2_set1,44,1428.02,1431.86,1428.52,1431.36
France 🇫🇷 vs. Japan 🇯🇵 ｜ VNL 2025 - Full Match ｜ Week 2_set1,45,1444.5,1459.18,1445.0,1458.68
France 🇫🇷 vs. Japan 🇯🇵 ｜ VNL 2025 - Full Match ｜ Week 2_set1,46,1484.86,1492.26,1485.36,1491.76
France 🇫🇷 vs. Japan 🇯🇵 ｜ VNL 2025 - Full Match ｜ Week 2_set1,47,1507.34,1515.42,1507.84,1514.92
Full Match ｜ Bulgaria vs Luxembourg ｜ CEV U22 Volleyball European Championship 2026 Women ｜ Pool E_set1,1,20.5,34.3,21.0,33.8
Full Match ｜ Bulgaria vs Luxembourg ｜ CEV U22 Volleyball European Championship 2026 Women ｜ Pool E_set1,2,49.067,53.767,49.567,53.267
Full Match ｜ Bulgaria vs Luxembourg ｜ CEV U22 Volleyball European Championship 2026 Women ｜ Pool E_set1,3,67.567,72.8,68.067,72.3
Full Match ｜ Bulgaria vs Luxembourg ｜ CEV U22 Volleyball European Championship 2026 Women ｜ Pool E_set1,4,86.667,92.733,87.167,92.233
Full Match ｜ Bulgaria vs Luxembourg ｜ CEV U22 Volleyball European Championship 2026 Women ｜ Pool E_set1,5,145.8,153.2,146.3,152.7
Full Match ｜ Bulgaria vs Luxembourg ｜ CEV U22 Volleyball European Championship 2026 Women ｜ Pool E_set1,6,168.133,183.4,168.633,182.9
Full Match ｜ Bulgaria vs Luxembourg ｜ CEV U22 Volleyball European Championship 2026 Women ｜ Pool E_set1,7,201.3,208.7,201.8,208.2
Full Match ｜ Bulgaria vs Luxembourg ｜ CEV U22 Volleyball European Championship 2026 Women ｜ Pool E_set1,8,226.167,233.967,226.667,233.467
Full Match ｜ Bulgaria vs Luxembourg ｜ CEV U22 Volleyball European Championship 2026 Women ｜ Pool E_set1,9,251.667,256.333,252.167,255.833
Full Match ｜ Bulgaria vs Luxembourg ｜ CEV U22 Volleyball European Championship 2026 Women ｜ Pool E_set1,10,270.1,282.533,270.6,282.033
Full Match ｜ Bulgaria vs Luxembourg ｜ CEV U22 Volleyball European Championship 2026 Women ｜ Pool E_set1,11,298.433,305.833,298.933,305.333
Full Match ｜ Bulgaria vs Luxembourg ｜ CEV U22 Volleyball European Championship 2026 Women ｜ Pool E_set1,12,322.467,327.467,322.967,326.967
Full Match ｜ Bulgaria vs Luxembourg ｜ CEV U22 Volleyball European Championship 2026 Women ｜ Pool E_set1,13,340.367,372.533,340.867,372.033
Full Match ｜ Bulgaria vs Luxembourg ｜ CEV U22 Volleyball European Championship 2026 Women ｜ Pool E_set1,14,390.267,407.5,390.767,407.0
Full Match ｜ Bulgaria vs Luxembourg ｜ CEV U22 Volleyball European Championship 2026 Women ｜ Pool E_set1,15,425.667,431.567,426.167,431.067
Full Match ｜ Bulgaria vs Luxembourg ｜ CEV U22 Volleyball European Championship 2026 Women ｜ Pool E_set1,16,446.4,456.5,446.9,456.0
Full Match ｜ Bulgaria vs Luxembourg ｜ CEV U22 Volleyball European Championship 2026 Women ｜ Pool E_set1,17,474.5,485.633,475.0,485.133
Full Match ｜ Bulgaria vs Luxembourg ｜ CEV U22 Volleyball European Championship 2026 Women ｜ Pool E_set1,18,502.5,511.6,503.0,511.1
Full Match ｜ Bulgaria vs Luxembourg ｜ CEV U22 Volleyball European Championship 2026 Women ｜ Pool E_set1,19,532.067,540.0,532.567,539.5
Full Match ｜ Bulgaria vs Luxembourg ｜ CEV U22 Volleyball European Championship 2026 Women ｜ Pool E_set1,20,556.467,575.4,556.967,574.9
Full Match ｜ Bulgaria vs Luxembourg ｜ CEV U22 Volleyball European Championship 2026 Women ｜ Pool E_set1,21,594.933,616.467,595.433,615.967
Full Match ｜ Bulgaria vs Luxembourg ｜ CEV U22 Volleyball European Championship 2026 Women ｜ Pool E_set1,22,647.133,659.733,647.633,659.233
Full Match ｜ Bulgaria vs Luxembourg ｜ CEV U22 Volleyball European Championship 2026 Women ｜ Pool E_set1,23,675.333,686.1,675.833,685.6
Full Match ｜ Bulgaria vs Luxembourg ｜ CEV U22 Volleyball European Championship 2026 Women ｜ Pool E_set1,24,703.767,709.1,704.267,708.6
Full Match ｜ Bulgaria vs Luxembourg ｜ CEV U22 Volleyball European Championship 2026 Women ｜ Pool E_set1,25,728.3,736.167,728.8,735.667
Full Match ｜ Bulgaria vs Luxembourg ｜ CEV U22 Volleyball European Championship 2026 Women ｜ Pool E_set1,26,751.933,755.667,752.433,755.167
Full Match ｜ Bulgaria vs Luxembourg ｜ CEV U22 Volleyball European Championship 2026 Women ｜ Pool E_set1,27,775.067,783.167,775.567,782.667
Full Match ｜ Bulgaria vs Luxembourg ｜ CEV U22 Volleyball European Championship 2026 Women ｜ Pool E_set1,28,803.7,815.467,804.2,814.967
Full Match ｜ Bulgaria vs Luxembourg ｜ CEV U22 Volleyball European Championship 2026 Women ｜ Pool E_set1,29,838.367,846.333,838.867,845.833
Full Match ｜ Bulgaria vs Luxembourg ｜ CEV U22 Volleyball European Championship 2026 Women ｜ Pool E_set1,30,864.867,868.567,865.367,868.067
Full Match ｜ Bulgaria vs Luxembourg ｜ CEV U22 Volleyball European Championship 2026 Women ｜ Pool E_set1,31,882.133,898.0,882.633,896.767
Full Match ｜ Bulgaria vs Luxembourg ｜ CEV U22 Volleyball European Championship 2026 Women ｜ Pool E_set1,32,916.867,924.5,917.367,924.0
Full Match ｜ Bulgaria vs Luxembourg ｜ CEV U22 Volleyball European Championship 2026 Women ｜ Pool E_set1,33,939.767,948.167,940.267,947.667
Full Match ｜ Bulgaria vs Luxembourg ｜ CEV U22 Volleyball European Championship 2026 Women ｜ Pool E_set1,34,1008.067,1023.967,1008.567,1023.467
Full Match ｜ Bulgaria vs Luxembourg ｜ CEV U22 Volleyball European Championship 2026 Women ｜ Pool E_set1,35,1040.733,1045.6,1041.233,1045.1
Full Match ｜ Bulgaria vs Luxembourg ｜ CEV U22 Volleyball European Championship 2026 Women ｜ Pool E_set1,36,1061.367,1068.6,1061.867,1068.1
Full Match ｜ Bulgaria vs Luxembourg ｜ CEV U22 Volleyball European Championship 2026 Women ｜ Pool E_set1,37,1093.067,1097.6,1093.567,1097.1
Full Match ｜ Bulgaria vs Luxembourg ｜ CEV U22 Volleyball European Championship 2026 Women ｜ Pool E_set1,38,1126.667,1141.967,1127.167,1141.467
Full Match ｜ Bulgaria vs Luxembourg ｜ CEV U22 Volleyball European Championship 2026 Women ｜ Pool E_set1,39,1166.967,1178.133,1167.467,1177.633
Full Match ｜ Bulgaria vs Luxembourg ｜ CEV U22 Volleyball European Championship 2026 Women ｜ Pool E_set1,40,1199.733,1204.0,1200.233,1203.5
Full Match ｜ Bulgaria vs Luxembourg ｜ CEV U22 Volleyball European Championship 2026 Women ｜ Pool E_set1,41,1220.667,1234.6,1221.167,1234.1
Full Match ｜ Bulgaria vs Luxembourg ｜ CEV U22 Volleyball European Championship 2026 Women ｜ Pool E_set2,1,6.1,14.133,6.6,13.633
Full Match ｜ Bulgaria vs Luxembourg ｜ CEV U22 Volleyball European Championship 2026 Women ｜ Pool E_set2,2,29.433,37.267,29.933,36.767
Full Match ｜ Bulgaria vs Luxembourg ｜ CEV U22 Volleyball European Championship 2026 Women ｜ Pool E_set2,3,56.4,77.467,56.9,76.967
Full Match ｜ Bulgaria vs Luxembourg ｜ CEV U22 Volleyball European Championship 2026 Women ｜ Pool E_set2,4,98.1,109.433,98.6,108.933
Full Match ｜ Bulgaria vs Luxembourg ｜ CEV U22 Volleyball European Championship 2026 Women ｜ Pool E_set2,5,129.9,143.367,130.4,142.867
Full Match ｜ Bulgaria vs Luxembourg ｜ CEV U22 Volleyball European Championship 2026 Women ｜ Pool E_set2,6,162.033,169.467,162.533,168.967
Full Match ｜ Bulgaria vs Luxembourg ｜ CEV U22 Volleyball European Championship 2026 Women ｜ Pool E_set2,7,189.667,200.533,190.167,200.033
Full Match ｜ Bulgaria vs Luxembourg ｜ CEV U22 Volleyball European Championship 2026 Women ｜ Pool E_set2,8,218.233,226.2,218.733,225.7
Full Match ｜ Bulgaria vs Luxembourg ｜ CEV U22 Volleyball European Championship 2026 Women ｜ Pool E_set2,9,287.333,314.833,287.833,314.333
Full Match ｜ Bulgaria vs Luxembourg ｜ CEV U22 Volleyball European Championship 2026 Women ｜ Pool E_set2,10,334.9,346.667,335.4,346.167
Full Match ｜ Bulgaria vs Luxembourg ｜ CEV U22 Volleyball European Championship 2026 Women ｜ Pool E_set2,11,366.067,370.067,366.567,369.567
Full Match ｜ Bulgaria vs Luxembourg ｜ CEV U22 Volleyball European Championship 2026 Women ｜ Pool E_set2,12,386.6,396.233,387.1,395.733
Full Match ｜ Bulgaria vs Luxembourg ｜ CEV U22 Volleyball European Championship 2026 Women ｜ Pool E_set2,13,417.2,428.467,417.7,427.967
Full Match ｜ Bulgaria vs Luxembourg ｜ CEV U22 Volleyball European Championship 2026 Women ｜ Pool E_set2,14,445.0,456.133,445.5,455.633
Full Match ｜ Bulgaria vs Luxembourg ｜ CEV U22 Volleyball European Championship 2026 Women ｜ Pool E_set2,15,472.867,477.7,473.367,477.2
Full Match ｜ Bulgaria vs Luxembourg ｜ CEV U22 Volleyball European Championship 2026 Women ｜ Pool E_set2,16,507.867,515.9,508.367,515.4
Full Match ｜ Bulgaria vs Luxembourg ｜ CEV U22 Volleyball European Championship 2026 Women ｜ Pool E_set2,17,533.9,546.3,534.4,545.8
Full Match ｜ Bulgaria vs Luxembourg ｜ CEV U22 Volleyball European Championship 2026 Women ｜ Pool E_set2,18,565.367,573.133,565.867,572.633
Full Match ｜ Bulgaria vs Luxembourg ｜ CEV U22 Volleyball European Championship 2026 Women ｜ Pool E_set2,19,588.8,616.433,589.3,615.933
Full Match ｜ Bulgaria vs Luxembourg ｜ CEV U22 Volleyball European Championship 2026 Women ｜ Pool E_set2,20,633.367,642.167,633.867,641.667
Full Match ｜ Bulgaria vs Luxembourg ｜ CEV U22 Volleyball European Championship 2026 Women ｜ Pool E_set2,21,663.0,677.067,663.5,676.567
Full Match ｜ Bulgaria vs Luxembourg ｜ CEV U22 Volleyball European Championship 2026 Women ｜ Pool E_set2,22,693.433,698.0,693.933,697.5
Full Match ｜ Bulgaria vs Luxembourg ｜ CEV U22 Volleyball European Championship 2026 Women ｜ Pool E_set2,23,773.4,782.3,773.9,781.8
Full Match ｜ Bulgaria vs Luxembourg ｜ CEV U22 Volleyball European Championship 2026 Women ｜ Pool E_set2,24,806.867,811.133,807.367,810.633
Full Match ｜ Bulgaria vs Luxembourg ｜ CEV U22 Volleyball European Championship 2026 Women ｜ Pool E_set2,25,850.533,862.2,851.033,861.7
Full Match ｜ Bulgaria vs Luxembourg ｜ CEV U22 Volleyball European Championship 2026 Women ｜ Pool E_set2,26,893.833,900.8,894.333,900.3
Full Match ｜ Bulgaria vs Luxembourg ｜ CEV U22 Volleyball European Championship 2026 Women ｜ Pool E_set2,27,920.333,932.9,920.833,932.4
Full Match ｜ Bulgaria vs Luxembourg ｜ CEV U22 Volleyball European Championship 2026 Women ｜ Pool E_set2,28,948.6,957.133,949.1,956.633
Full Match ｜ Bulgaria vs Luxembourg ｜ CEV U22 Volleyball European Championship 2026 Women ｜ Pool E_set2,29,974.4,978.6,974.9,978.1
Full Match ｜ Bulgaria vs Luxembourg ｜ CEV U22 Volleyball European Championship 2026 Women ｜ Pool E_set2,30,998.267,1002.467,998.767,1001.967
Full Match ｜ Bulgaria vs Luxembourg ｜ CEV U22 Volleyball European Championship 2026 Women ｜ Pool E_set2,31,1021.267,1028.333,1021.767,1027.833
Full Match ｜ Bulgaria vs Luxembourg ｜ CEV U22 Volleyball European Championship 2026 Women ｜ Pool E_set2,32,1048.667,1064.4,1049.167,1063.9
Full Match ｜ Bulgaria vs Luxembourg ｜ CEV U22 Volleyball European Championship 2026 Women ｜ Pool E_set2,33,1079.967,1093.0,1080.467,1092.5
Full Match ｜ Bulgaria vs Luxembourg ｜ CEV U22 Volleyball European Championship 2026 Women ｜ Pool E_set3,1,2.867,7.9,3.367,7.4
Full Match ｜ Bulgaria vs Luxembourg ｜ CEV U22 Volleyball European Championship 2026 Women ｜ Pool E_set3,2,23.433,33.0,23.933,32.5
Full Match ｜ Bulgaria vs Luxembourg ｜ CEV U22 Volleyball European Championship 2026 Women ｜ Pool E_set3,3,49.933,58.267,50.433,57.767
Full Match ｜ Bulgaria vs Luxembourg ｜ CEV U22 Volleyball European Championship 2026 Women ｜ Pool E_set3,4,74.867,79.333,75.367,78.833
Full Match ｜ Bulgaria vs Luxembourg ｜ CEV U22 Volleyball European Championship 2026 Women ｜ Pool E_set3,5,94.4,98.4,94.9,97.9
Full Match ｜ Bulgaria vs Luxembourg ｜ CEV U22 Volleyball European Championship 2026 Women ｜ Pool E_set3,6,114.633,121.567,115.133,121.067
Full Match ｜ Bulgaria vs Luxembourg ｜ CEV U22 Volleyball European Championship 2026 Women ｜ Pool E_set3,7,143.767,154.933,144.267,154.433
Full Match ｜ Bulgaria vs Luxembourg ｜ CEV U22 Volleyball European Championship 2026 Women ｜ Pool E_set3,8,176.033,190.0,176.533,189.5
Full Match ｜ Bulgaria vs Luxembourg ｜ CEV U22 Volleyball European Championship 2026 Women ｜ Pool E_set3,9,206.733,222.667,207.233,222.167
Full Match ｜ Bulgaria vs Luxembourg ｜ CEV U22 Volleyball European Championship 2026 Women ｜ Pool E_set3,10,243.133,247.167,243.633,246.667
Full Match ｜ Bulgaria vs Luxembourg ｜ CEV U22 Volleyball European Championship 2026 Women ｜ Pool E_set3,11,260.0,265.067,260.5,264.567
Full Match ｜ Bulgaria vs Luxembourg ｜ CEV U22 Volleyball European Championship 2026 Women ｜ Pool E_set3,12,277.167,287.233,277.667,286.733
Full Match ｜ Bulgaria vs Luxembourg ｜ CEV U22 Volleyball European Championship 2026 Women ｜ Pool E_set3,13,304.433,310.6,304.933,310.1
Full Match ｜ Bulgaria vs Luxembourg ｜ CEV U22 Volleyball European Championship 2026 Women ｜ Pool E_set3,14,328.867,337.267,329.367,336.767
Full Match ｜ Bulgaria vs Luxembourg ｜ CEV U22 Volleyball European Championship 2026 Women ｜ Pool E_set3,15,352.6,361.133,353.1,360.633
Full Match ｜ Bulgaria vs Luxembourg ｜ CEV U22 Volleyball European Championship 2026 Women ｜ Pool E_set3,16,379.567,400.2,380.067,399.7
Full Match ｜ Bulgaria vs Luxembourg ｜ CEV U22 Volleyball European Championship 2026 Women ｜ Pool E_set3,17,422.333,430.333,422.833,429.833
Full Match ｜ Bulgaria vs Luxembourg ｜ CEV U22 Volleyball European Championship 2026 Women ｜ Pool E_set3,18,452.333,463.667,452.833,463.167
Full Match ｜ Bulgaria vs Luxembourg ｜ CEV U22 Volleyball European Championship 2026 Women ｜ Pool E_set3,19,486.3,499.667,486.8,499.167
Full Match ｜ Bulgaria vs Luxembourg ｜ CEV U22 Volleyball European Championship 2026 Women ｜ Pool E_set3,20,525.433,529.567,525.933,529.067
Full Match ｜ Bulgaria vs Luxembourg ｜ CEV U22 Volleyball European Championship 2026 Women ｜ Pool E_set3,21,544.867,549.3,545.367,548.8
Full Match ｜ Bulgaria vs Luxembourg ｜ CEV U22 Volleyball European Championship 2026 Women ｜ Pool E_set3,22,566.033,570.467,566.533,569.967
Full Match ｜ Bulgaria vs Luxembourg ｜ CEV U22 Volleyball European Championship 2026 Women ｜ Pool E_set3,23,587.033,591.267,587.533,590.767
Full Match ｜ Bulgaria vs Luxembourg ｜ CEV U22 Volleyball European Championship 2026 Women ｜ Pool E_set3,24,624.3,639.8,624.8,639.3
Full Match ｜ Bulgaria vs Luxembourg ｜ CEV U22 Volleyball European Championship 2026 Women ｜ Pool E_set3,25,662.933,670.7,663.433,670.2
Full Match ｜ Bulgaria vs Luxembourg ｜ CEV U22 Volleyball European Championship 2026 Women ｜ Pool E_set3,26,690.767,697.467,691.267,696.967
Full Match ｜ Bulgaria vs Luxembourg ｜ CEV U22 Volleyball European Championship 2026 Women ｜ Pool E_set3,27,714.3,721.833,714.8,721.333
Full Match ｜ Bulgaria vs Luxembourg ｜ CEV U22 Volleyball European Championship 2026 Women ｜ Pool E_set3,28,740.367,761.467,740.867,760.967
Full Match ｜ Bulgaria vs Luxembourg ｜ CEV U22 Volleyball European Championship 2026 Women ｜ Pool E_set3,29,787.767,793.467,788.267,792.967
Full Match ｜ Bulgaria vs Luxembourg ｜ CEV U22 Volleyball European Championship 2026 Women ｜ Pool E_set3,30,858.567,865.133,859.067,864.633
Full Match ｜ Bulgaria vs Luxembourg ｜ CEV U22 Volleyball European Championship 2026 Women ｜ Pool E_set3,31,889.2,893.467,889.7,892.967
Full Match ｜ Bulgaria vs Luxembourg ｜ CEV U22 Volleyball European Championship 2026 Women ｜ Pool E_set3,32,911.133,915.267,911.633,914.767
Full Match ｜ Bulgaria vs Luxembourg ｜ CEV U22 Volleyball European Championship 2026 Women ｜ Pool E_set3,33,944.233,955.733,944.733,955.233
Full Match ｜ Bulgaria vs Luxembourg ｜ CEV U22 Volleyball European Championship 2026 Women ｜ Pool E_set3,34,972.667,997.8,973.167,997.3
Full Match ｜ Bulgaria vs Luxembourg ｜ CEV U22 Volleyball European Championship 2026 Women ｜ Pool E_set3,35,1066.567,1074.733,1067.067,1074.233
Full Match ｜ Bulgaria vs Luxembourg ｜ CEV U22 Volleyball European Championship 2026 Women ｜ Pool E_set3,36,1091.267,1095.567,1091.767,1095.067
Full Match ｜ Bulgaria vs Luxembourg ｜ CEV U22 Volleyball European Championship 2026 Women ｜ Pool E_set3,37,1114.367,1121.8,1114.867,1119.933
Full Match ｜ Bulgaria vs Luxembourg ｜ CEV U22 Volleyball European Championship 2026 Women ｜ Pool E_set3,38,1148.833,1154.333,1149.333,1153.833
Full Match ｜ Bulgaria vs Luxembourg ｜ CEV U22 Volleyball European Championship 2026 Women ｜ Pool E_set3,39,1211.467,1222.633,1211.967,1222.133
Full Match ｜ Croatia vs. Bulgaria ｜ CEV U22 Volleyball European Championship 2026 Women ｜ Pool E_set1,1,0.667,5.5,1.167,5.0
Full Match ｜ Croatia vs. Bulgaria ｜ CEV U22 Volleyball European Championship 2026 Women ｜ Pool E_set1,2,21.133,29.633,21.633,29.133
Full Match ｜ Croatia vs. Bulgaria ｜ CEV U22 Volleyball European Championship 2026 Women ｜ Pool E_set1,3,44.1,53.467,44.6,52.967
Full Match ｜ Croatia vs. Bulgaria ｜ CEV U22 Volleyball European Championship 2026 Women ｜ Pool E_set1,4,70.9,76.3,71.4,75.8
Full Match ｜ Croatia vs. Bulgaria ｜ CEV U22 Volleyball European Championship 2026 Women ｜ Pool E_set1,5,92.633,100.533,93.133,100.033
Full Match ｜ Croatia vs. Bulgaria ｜ CEV U22 Volleyball European Championship 2026 Women ｜ Pool E_set1,6,117.433,134.0,117.933,133.5
Full Match ｜ Croatia vs. Bulgaria ｜ CEV U22 Volleyball European Championship 2026 Women ｜ Pool E_set1,7,153.333,168.1,153.833,167.6
Full Match ｜ Croatia vs. Bulgaria ｜ CEV U22 Volleyball European Championship 2026 Women ｜ Pool E_set1,8,187.433,195.067,187.933,194.567
Full Match ｜ Croatia vs. Bulgaria ｜ CEV U22 Volleyball European Championship 2026 Women ｜ Pool E_set1,9,213.1,220.467,213.6,219.967
Full Match ｜ Croatia vs. Bulgaria ｜ CEV U22 Volleyball European Championship 2026 Women ｜ Pool E_set1,10,236.733,242.967,237.233,242.467
Full Match ｜ Croatia vs. Bulgaria ｜ CEV U22 Volleyball European Championship 2026 Women ｜ Pool E_set1,11,259.1,275.4,259.6,274.9
Full Match ｜ Croatia vs. Bulgaria ｜ CEV U22 Volleyball European Championship 2026 Women ｜ Pool E_set1,12,292.3,304.833,292.8,304.333
Full Match ｜ Croatia vs. Bulgaria ｜ CEV U22 Volleyball European Championship 2026 Women ｜ Pool E_set1,13,328.2,335.733,328.7,335.233
Full Match ｜ Croatia vs. Bulgaria ｜ CEV U22 Volleyball European Championship 2026 Women ｜ Pool E_set1,14,354.167,362.833,354.667,362.333
Full Match ｜ Croatia vs. Bulgaria ｜ CEV U22 Volleyball European Championship 2026 Women ｜ Pool E_set1,15,381.5,391.333,382.0,390.833
Full Match ｜ Croatia vs. Bulgaria ｜ CEV U22 Volleyball European Championship 2026 Women ｜ Pool E_set1,16,412.633,423.467,413.133,422.967
Full Match ｜ Croatia vs. Bulgaria ｜ CEV U22 Volleyball European Championship 2026 Women ｜ Pool E_set1,17,440.7,448.633,441.2,448.133
Full Match ｜ Croatia vs. Bulgaria ｜ CEV U22 Volleyball European Championship 2026 Women ｜ Pool E_set1,18,464.567,472.0,465.067,471.5
Full Match ｜ Croatia vs. Bulgaria ｜ CEV U22 Volleyball European Championship 2026 Women ｜ Pool E_set1,19,492.6,504.3,493.1,503.8
Full Match ｜ Croatia vs. Bulgaria ｜ CEV U22 Volleyball European Championship 2026 Women ｜ Pool E_set1,20,521.267,527.3,521.767,526.8
Full Match ｜ Croatia vs. Bulgaria ｜ CEV U22 Volleyball European Championship 2026 Women ｜ Pool E_set1,21,540.633,544.867,541.133,544.367
Full Match ｜ Croatia vs. Bulgaria ｜ CEV U22 Volleyball European Championship 2026 Women ｜ Pool E_set1,22,559.667,563.833,560.167,563.333
Full Match ｜ Croatia vs. Bulgaria ｜ CEV U22 Volleyball European Championship 2026 Women ｜ Pool E_set1,23,578.033,586.0,578.533,585.5
Full Match ｜ Croatia vs. Bulgaria ｜ CEV U22 Volleyball European Championship 2026 Women ｜ Pool E_set1,24,602.7,614.0,603.2,611.2
Full Match ｜ Croatia vs. Bulgaria ｜ CEV U22 Volleyball European Championship 2026 Women ｜ Pool E_set1,25,631.033,637.533,631.533,637.033
Full Match ｜ Croatia vs. Bulgaria ｜ CEV U22 Volleyball European Championship 2026 Women ｜ Pool E_set1,26,654.5,662.133,655.0,661.633
Full Match ｜ Croatia vs. Bulgaria ｜ CEV U22 Volleyball European Championship 2026 Women ｜ Pool E_set1,27,679.4,690.933,679.9,690.433
Full Match ｜ Croatia vs. Bulgaria ｜ CEV U22 Volleyball European Championship 2026 Women ｜ Pool E_set1,28,708.0,714.333,708.5,714.333
Full Match ｜ Croatia vs. Bulgaria ｜ CEV U22 Volleyball European Championship 2026 Women ｜ Pool E_set1,29,736.267,743.267,736.767,742.767
Full Match ｜ Croatia vs. Bulgaria ｜ CEV U22 Volleyball European Championship 2026 Women ｜ Pool E_set1,30,759.8,763.467,760.3,762.967
Full Match ｜ Croatia vs. Bulgaria ｜ CEV U22 Volleyball European Championship 2026 Women ｜ Pool E_set1,31,784.567,788.633,785.067,788.133
Full Match ｜ Croatia vs. Bulgaria ｜ CEV U22 Volleyball European Championship 2026 Women ｜ Pool E_set1,32,808.367,812.6,808.867,812.1
Full Match ｜ Croatia vs. Bulgaria ｜ CEV U22 Volleyball European Championship 2026 Women ｜ Pool E_set1,33,830.5,839.733,831.0,839.233
Full Match ｜ Croatia vs. Bulgaria ｜ CEV U22 Volleyball European Championship 2026 Women ｜ Pool E_set1,34,856.367,868.6,856.867,868.1
Full Match ｜ Croatia vs. Bulgaria ｜ CEV U22 Volleyball European Championship 2026 Women ｜ Pool E_set1,35,953.967,963.7,954.467,963.2
Full Match ｜ Croatia vs. Bulgaria ｜ CEV U22 Volleyball European Championship 2026 Women ｜ Pool E_set1,36,997.233,1001.233,997.733,1000.733
Full Match ｜ Croatia vs. Bulgaria ｜ CEV U22 Volleyball European Championship 2026 Women ｜ Pool E_set1,37,1020.167,1031.033,1020.667,1030.533
Full Match ｜ Croatia vs. Bulgaria ｜ CEV U22 Volleyball European Championship 2026 Women ｜ Pool E_set1,38,1054.133,1062.567,1054.633,1062.067
Full Match ｜ Croatia vs. Bulgaria ｜ CEV U22 Volleyball European Championship 2026 Women ｜ Pool E_set1,39,1078.667,1084.7,1079.167,1084.2
Full Match ｜ Croatia vs. Bulgaria ｜ CEV U22 Volleyball European Championship 2026 Women ｜ Pool E_set1,40,1152.333,1157.0,1152.833,1156.5
Full Match ｜ Croatia vs. Bulgaria ｜ CEV U22 Volleyball European Championship 2026 Women ｜ Pool E_set1,41,1185.733,1197.233,1186.233,1196.733
Full Match ｜ Croatia vs. Bulgaria ｜ CEV U22 Volleyball European Championship 2026 Women ｜ Pool E_set1,42,1262.3,1270.467,1262.8,1269.967
Full Match ｜ Croatia vs. Bulgaria ｜ CEV U22 Volleyball European Championship 2026 Women ｜ Pool E_set1,43,1311.433,1319.567,1311.933,1319.067
Full Match ｜ Croatia vs. Bulgaria ｜ CEV U22 Volleyball European Championship 2026 Women ｜ Pool E_set1,44,1341.233,1347.8,1341.733,1347.3
Full Match ｜ Croatia vs. Bulgaria ｜ CEV U22 Volleyball European Championship 2026 Women ｜ Pool E_set1,45,1366.4,1374.6,1366.9,1374.1
Full Match ｜ Croatia vs. Bulgaria ｜ CEV U22 Volleyball European Championship 2026 Women ｜ Pool E_set1,46,1392.467,1400.0,1392.967,1399.5
Full Match ｜ Croatia vs. Bulgaria ｜ CEV U22 Volleyball European Championship 2026 Women ｜ Pool E_set1,47,1437.833,1455.233,1438.333,1454.733
Full Match ｜ Croatia vs. Bulgaria ｜ CEV U22 Volleyball European Championship 2026 Women ｜ Pool E_set1,48,1542.767,1558.7,1543.267,1558.2
Full Match ｜ Croatia vs. Serbia ｜ CEV U22 Volleyball European Championship 2026 Women ｜ Pool E_set1,1,1.7,9.633,2.2,9.133
Full Match ｜ Croatia vs. Serbia ｜ CEV U22 Volleyball European Championship 2026 Women ｜ Pool E_set1,2,23.3,30.033,23.8,29.533
Full Match ｜ Croatia vs. Serbia ｜ CEV U22 Volleyball European Championship 2026 Women ｜ Pool E_set1,3,56.267,66.833,56.767,66.333
Full Match ｜ Croatia vs. Serbia ｜ CEV U22 Volleyball European Championship 2026 Women ｜ Pool E_set1,4,80.8,96.967,81.3,96.467
Full Match ｜ Croatia vs. Serbia ｜ CEV U22 Volleyball European Championship 2026 Women ｜ Pool E_set1,5,112.033,121.0,112.533,120.5
Full Match ｜ Croatia vs. Serbia ｜ CEV U22 Volleyball European Championship 2026 Women ｜ Pool E_set1,6,135.933,139.933,136.433,139.433
Full Match ｜ Croatia vs. Serbia ｜ CEV U22 Volleyball European Championship 2026 Women ｜ Pool E_set1,7,155.1,162.233,155.6,161.733
Full Match ｜ Croatia vs. Serbia ｜ CEV U22 Volleyball European Championship 2026 Women ｜ Pool E_set1,8,179.333,186.733,179.833,186.233
Full Match ｜ Croatia vs. Serbia ｜ CEV U22 Volleyball European Championship 2026 Women ｜ Pool E_set1,9,204.733,211.267,205.233,210.767
Full Match ｜ Croatia vs. Serbia ｜ CEV U22 Volleyball European Championship 2026 Women ｜ Pool E_set1,10,235.533,247.233,236.033,246.733
Full Match ｜ Croatia vs. Serbia ｜ CEV U22 Volleyball European Championship 2026 Women ｜ Pool E_set1,11,262.067,267.367,262.567,266.867
Full Match ｜ Croatia vs. Serbia ｜ CEV U22 Volleyball European Championship 2026 Women ｜ Pool E_set1,12,281.0,284.667,281.5,284.167
Full Match ｜ Croatia vs. Serbia ｜ CEV U22 Volleyball European Championship 2026 Women ｜ Pool E_set1,13,302.433,311.1,302.933,310.6
Full Match ｜ Croatia vs. Serbia ｜ CEV U22 Volleyball European Championship 2026 Women ｜ Pool E_set1,14,329.033,341.233,329.533,340.733
Full Match ｜ Croatia vs. Serbia ｜ CEV U22 Volleyball European Championship 2026 Women ｜ Pool E_set1,15,357.7,365.5,358.2,365.0
Full Match ｜ Croatia vs. Serbia ｜ CEV U22 Volleyball European Championship 2026 Women ｜ Pool E_set1,16,386.0,396.7,386.5,396.2
Full Match ｜ Croatia vs. Serbia ｜ CEV U22 Volleyball European Championship 2026 Women ｜ Pool E_set1,17,414.467,418.667,414.967,418.167
Full Match ｜ Croatia vs. Serbia ｜ CEV U22 Volleyball European Championship 2026 Women ｜ Pool E_set1,18,434.167,438.433,434.667,437.933
Full Match ｜ Croatia vs. Serbia ｜ CEV U22 Volleyball European Championship 2026 Women ｜ Pool E_set1,19,455.133,480.533,455.633,480.033
Full Match ｜ Croatia vs. Serbia ｜ CEV U22 Volleyball European Championship 2026 Women ｜ Pool E_set1,20,494.267,517.633,494.767,517.133
Full Match ｜ Croatia vs. Serbia ｜ CEV U22 Volleyball European Championship 2026 Women ｜ Pool E_set1,21,535.533,556.0,536.033,552.833
Full Match ｜ Croatia vs. Serbia ｜ CEV U22 Volleyball European Championship 2026 Women ｜ Pool E_set1,22,571.5,586.633,572.0,586.133
Full Match ｜ Croatia vs. Serbia ｜ CEV U22 Volleyball European Championship 2026 Women ｜ Pool E_set1,23,603.7,610.4,604.2,609.9
Full Match ｜ Croatia vs. Serbia ｜ CEV U22 Volleyball European Championship 2026 Women ｜ Pool E_set1,24,628.667,635.567,629.167,635.067
Full Match ｜ Croatia vs. Serbia ｜ CEV U22 Volleyball European Championship 2026 Women ｜ Pool E_set1,25,660.5,670.1,661.0,669.6
Full Match ｜ Croatia vs. Serbia ｜ CEV U22 Volleyball European Championship 2026 Women ｜ Pool E_set1,26,687.433,694.9,687.933,694.4
Full Match ｜ Croatia vs. Serbia ｜ CEV U22 Volleyball European Championship 2026 Women ｜ Pool E_set1,27,711.233,715.767,711.733,715.267
Full Match ｜ Croatia vs. Serbia ｜ CEV U22 Volleyball European Championship 2026 Women ｜ Pool E_set1,28,730.5,740.333,731.0,739.833
Full Match ｜ Croatia vs. Serbia ｜ CEV U22 Volleyball European Championship 2026 Women ｜ Pool E_set1,29,821.967,829.267,822.467,828.767
Full Match ｜ Croatia vs. Serbia ｜ CEV U22 Volleyball European Championship 2026 Women ｜ Pool E_set1,30,846.3,859.467,846.8,858.967
Full Match ｜ Croatia vs. Serbia ｜ CEV U22 Volleyball European Championship 2026 Women ｜ Pool E_set1,31,878.467,895.833,878.967,895.333
Full Match ｜ Croatia vs. Serbia ｜ CEV U22 Volleyball European Championship 2026 Women ｜ Pool E_set1,32,910.267,923.2,910.767,922.7
Full Match ｜ Croatia vs. Serbia ｜ CEV U22 Volleyball European Championship 2026 Women ｜ Pool E_set1,33,949.6,953.233,950.1,952.733
Full Match ｜ Croatia vs. Serbia ｜ CEV U22 Volleyball European Championship 2026 Women ｜ Pool E_set1,34,971.933,984.667,972.433,984.167
Full Match ｜ Croatia vs. Serbia ｜ CEV U22 Volleyball European Championship 2026 Women ｜ Pool E_set1,35,1002.8,1014.467,1003.3,1013.967
Full Match ｜ Croatia vs. Serbia ｜ CEV U22 Volleyball European Championship 2026 Women ｜ Pool E_set1,36,1081.167,1087.033,1081.667,1086.533
Full Match ｜ Croatia vs. Serbia ｜ CEV U22 Volleyball European Championship 2026 Women ｜ Pool E_set1,37,1111.0,1118.567,1111.5,1118.067
Full Match ｜ Croatia vs. Serbia ｜ CEV U22 Volleyball European Championship 2026 Women ｜ Pool E_set1,38,1136.3,1140.6,1136.8,1140.1
Full Match ｜ Croatia vs. Serbia ｜ CEV U22 Volleyball European Championship 2026 Women ｜ Pool E_set1,39,1155.033,1163.8,1155.533,1163.3
Full Match ｜ Croatia vs. Serbia ｜ CEV U22 Volleyball European Championship 2026 Women ｜ Pool E_set1,40,1190.5,1194.2,1191.0,1193.7
Full Match ｜ Croatia vs. Serbia ｜ CEV U22 Volleyball European Championship 2026 Women ｜ Pool E_set1,41,1210.233,1218.767,1210.733,1218.267
Full Match ｜ Croatia vs. Serbia ｜ CEV U22 Volleyball European Championship 2026 Women ｜ Pool E_set1,42,1238.267,1245.3,1238.767,1244.8
Full Match ｜ Croatia vs. Serbia ｜ CEV U22 Volleyball European Championship 2026 Women ｜ Pool E_set1,43,1269.333,1276.033,1269.833,1275.533
Full Match ｜ Croatia vs. Serbia ｜ CEV U22 Volleyball European Championship 2026 Women ｜ Pool E_set1,44,1290.9,1297.867,1291.4,1297.367
Full Match ｜ Croatia vs. Serbia ｜ CEV U22 Volleyball European Championship 2026 Women ｜ Pool E_set1,45,1356.3,1360.8,1356.8,1360.3
Full Match ｜ Croatia vs. Serbia ｜ CEV U22 Volleyball European Championship 2026 Women ｜ Pool E_set1,46,1376.3,1395.6,1376.8,1395.1
Full Match ｜ Denmark vs. England ｜ CEV U22 Volleyball European Championship 2026 Men ｜ Pool A_set1,1,11.967,19.1,12.467,18.6
Full Match ｜ Denmark vs. England ｜ CEV U22 Volleyball European Championship 2026 Men ｜ Pool A_set1,2,39.567,55.7,40.067,55.2
Full Match ｜ Denmark vs. England ｜ CEV U22 Volleyball European Championship 2026 Men ｜ Pool A_set1,3,140.667,147.1,141.167,146.6
Full Match ｜ Denmark vs. England ｜ CEV U22 Volleyball European Championship 2026 Men ｜ Pool A_set1,4,167.567,181.867,168.067,181.367
Full Match ｜ Denmark vs. England ｜ CEV U22 Volleyball European Championship 2026 Men ｜ Pool A_set1,5,249.8,257.467,250.3,256.967
Full Match ｜ Denmark vs. England ｜ CEV U22 Volleyball European Championship 2026 Men ｜ Pool A_set1,6,273.733,280.067,274.233,279.567
Full Match ｜ Denmark vs. England ｜ CEV U22 Volleyball European Championship 2026 Men ｜ Pool A_set1,7,299.7,311.9,300.2,311.4
Full Match ｜ Denmark vs. England ｜ CEV U22 Volleyball European Championship 2026 Men ｜ Pool A_set1,8,331.533,370.267,332.033,369.767
Full Match ｜ Denmark vs. England ｜ CEV U22 Volleyball European Championship 2026 Men ｜ Pool A_set1,9,390.5,394.1,391.0,393.6
Full Match ｜ Denmark vs. England ｜ CEV U22 Volleyball European Championship 2026 Men ｜ Pool A_set1,10,409.667,416.667,410.167,416.167
Full Match ｜ Denmark vs. England ｜ CEV U22 Volleyball European Championship 2026 Men ｜ Pool A_set1,11,436.7,446.0,437.2,444.633
Full Match ｜ Denmark vs. England ｜ CEV U22 Volleyball European Championship 2026 Men ｜ Pool A_set1,12,463.267,470.433,463.767,469.933
Full Match ｜ Denmark vs. England ｜ CEV U22 Volleyball European Championship 2026 Men ｜ Pool A_set1,13,491.0,495.2,491.5,494.7
Full Match ｜ Denmark vs. England ｜ CEV U22 Volleyball European Championship 2026 Men ｜ Pool A_set1,14,526.467,533.767,526.967,533.267
Full Match ｜ Denmark vs. England ｜ CEV U22 Volleyball European Championship 2026 Men ｜ Pool A_set1,15,554.467,562.367,554.967,561.867
Full Match ｜ Denmark vs. England ｜ CEV U22 Volleyball European Championship 2026 Men ｜ Pool A_set1,16,579.1,586.2,579.6,585.7
Full Match ｜ Denmark vs. England ｜ CEV U22 Volleyball European Championship 2026 Men ｜ Pool A_set1,17,606.333,610.3,606.833,609.8
Full Match ｜ Denmark vs. England ｜ CEV U22 Volleyball European Championship 2026 Men ｜ Pool A_set1,18,630.167,640.0,630.667,637.033
Full Match ｜ Denmark vs. England ｜ CEV U22 Volleyball European Championship 2026 Men ｜ Pool A_set1,19,704.733,713.233,705.233,712.733
Full Match ｜ Denmark vs. England ｜ CEV U22 Volleyball European Championship 2026 Men ｜ Pool A_set1,20,731.9,754.233,732.4,753.733
Full Match ｜ Denmark vs. England ｜ CEV U22 Volleyball European Championship 2026 Men ｜ Pool A_set1,21,786.167,789.733,786.667,789.233
Full Match ｜ Denmark vs. England ｜ CEV U22 Volleyball European Championship 2026 Men ｜ Pool A_set1,22,810.567,817.633,811.067,817.133
Full Match ｜ Denmark vs. England ｜ CEV U22 Volleyball European Championship 2026 Men ｜ Pool A_set1,23,838.5,842.967,839.0,842.467
Full Match ｜ Denmark vs. England ｜ CEV U22 Volleyball European Championship 2026 Men ｜ Pool A_set1,24,856.0,862.433,856.5,861.933
Full Match ｜ Denmark vs. England ｜ CEV U22 Volleyball European Championship 2026 Men ｜ Pool A_set1,25,880.467,887.867,880.967,887.367
Full Match ｜ Denmark vs. England ｜ CEV U22 Volleyball European Championship 2026 Men ｜ Pool A_set1,26,953.867,957.3,954.367,956.8
Full Match ｜ Denmark vs. England ｜ CEV U22 Volleyball European Championship 2026 Men ｜ Pool A_set1,27,971.633,975.767,972.133,975.267
Full Match ｜ Denmark vs. England ｜ CEV U22 Volleyball European Championship 2026 Men ｜ Pool A_set1,28,1004.0,1012.3,1004.5,1011.8
Full Match ｜ Denmark vs. England ｜ CEV U22 Volleyball European Championship 2026 Men ｜ Pool A_set1,29,1082.8,1097.033,1083.3,1096.533
Full Match ｜ Denmark vs. England ｜ CEV U22 Volleyball European Championship 2026 Men ｜ Pool A_set1,30,1116.6,1123.667,1117.1,1123.167
Full Match ｜ Denmark vs. England ｜ CEV U22 Volleyball European Championship 2026 Men ｜ Pool A_set1,31,1144.9,1154.333,1145.4,1153.833
Full Match ｜ Denmark vs. England ｜ CEV U22 Volleyball European Championship 2026 Men ｜ Pool A_set1,32,1180.9,1189.967,1181.4,1189.467
Full Match ｜ Denmark vs. England ｜ CEV U22 Volleyball European Championship 2026 Men ｜ Pool A_set1,33,1208.967,1213.467,1209.467,1212.967
Full Match ｜ Denmark vs. England ｜ CEV U22 Volleyball European Championship 2026 Men ｜ Pool A_set1,34,1229.633,1235.633,1230.133,1235.133
Full Match ｜ Denmark vs. England ｜ CEV U22 Volleyball European Championship 2026 Men ｜ Pool A_set1,35,1256.833,1264.367,1257.333,1263.867
Full Match ｜ Denmark vs. England ｜ CEV U22 Volleyball European Championship 2026 Men ｜ Pool A_set1,36,1284.733,1290.767,1285.233,1290.267
Full Match ｜ Denmark vs. England ｜ CEV U22 Volleyball European Championship 2026 Men ｜ Pool A_set1,37,1311.367,1320.167,1311.867,1319.667
Full Match ｜ Denmark vs. England ｜ CEV U22 Volleyball European Championship 2026 Men ｜ Pool A_set1,38,1339.033,1355.167,1339.533,1354.667
Full Match ｜ Denmark vs. England ｜ CEV U22 Volleyball European Championship 2026 Men ｜ Pool A_set1,39,1379.567,1386.433,1380.067,1385.933
Full Match ｜ Denmark vs. England ｜ CEV U22 Volleyball European Championship 2026 Men ｜ Pool A_set1,40,1438.633,1449.833,1439.133,1449.333
Full Match ｜ Ireland vs. Spain ｜ CEV U22 Volleyball European Championship 2026 Women ｜ Pool D_set1,1,3.3,11.5,3.8,11.0
Full Match ｜ Ireland vs. Spain ｜ CEV U22 Volleyball European Championship 2026 Women ｜ Pool D_set1,2,31.6,35.833,32.1,35.333
Full Match ｜ Ireland vs. Spain ｜ CEV U22 Volleyball European Championship 2026 Women ｜ Pool D_set1,3,49.267,65.967,49.767,65.467
Full Match ｜ Ireland vs. Spain ｜ CEV U22 Volleyball European Championship 2026 Women ｜ Pool D_set1,4,82.733,89.867,83.233,89.367
Full Match ｜ Ireland vs. Spain ｜ CEV U22 Volleyball European Championship 2026 Women ｜ Pool D_set1,5,103.967,117.3,104.467,116.8
Full Match ｜ Ireland vs. Spain ｜ CEV U22 Volleyball European Championship 2026 Women ｜ Pool D_set1,6,134.467,142.467,134.967,141.967
Full Match ｜ Ireland vs. Spain ｜ CEV U22 Volleyball European Championship 2026 Women ｜ Pool D_set1,7,159.433,163.367,159.933,162.867
Full Match ｜ Ireland vs. Spain ｜ CEV U22 Volleyball European Championship 2026 Women ｜ Pool D_set1,8,180.9,185.3,181.4,184.8
Full Match ｜ Ireland vs. Spain ｜ CEV U22 Volleyball European Championship 2026 Women ｜ Pool D_set1,9,201.733,214.0,202.233,213.2
Full Match ｜ Ireland vs. Spain ｜ CEV U22 Volleyball European Championship 2026 Women ｜ Pool D_set1,10,231.5,245.467,232.0,244.967
Full Match ｜ Ireland vs. Spain ｜ CEV U22 Volleyball European Championship 2026 Women ｜ Pool D_set1,11,306.5,316.0,307.0,312.733
Full Match ｜ Ireland vs. Spain ｜ CEV U22 Volleyball European Championship 2026 Women ｜ Pool D_set1,12,329.267,341.3,329.767,340.8
Full Match ｜ Ireland vs. Spain ｜ CEV U22 Volleyball European Championship 2026 Women ｜ Pool D_set1,13,356.467,365.1,356.967,364.6
Full Match ｜ Ireland vs. Spain ｜ CEV U22 Volleyball European Championship 2026 Women ｜ Pool D_set1,14,381.033,391.267,381.533,390.767
Full Match ｜ Ireland vs. Spain ｜ CEV U22 Volleyball European Championship 2026 Women ｜ Pool D_set1,15,406.967,424.433,407.467,423.933
Full Match ｜ Ireland vs. Spain ｜ CEV U22 Volleyball European Championship 2026 Women ｜ Pool D_set1,16,437.733,443.567,438.233,443.067
Full Match ｜ Ireland vs. Spain ｜ CEV U22 Volleyball European Championship 2026 Women ｜ Pool D_set1,17,505.667,511.467,506.167,510.967
Full Match ｜ Ireland vs. Spain ｜ CEV U22 Volleyball European Championship 2026 Women ｜ Pool D_set1,18,543.8,552.667,544.3,552.167
Full Match ｜ Ireland vs. Spain ｜ CEV U22 Volleyball European Championship 2026 Women ｜ Pool D_set1,19,567.633,577.2,568.133,576.7
Full Match ｜ Ireland vs. Spain ｜ CEV U22 Volleyball European Championship 2026 Women ｜ Pool D_set1,20,592.167,611.467,592.667,610.967
Full Match ｜ Ireland vs. Spain ｜ CEV U22 Volleyball European Championship 2026 Women ｜ Pool D_set1,21,625.3,629.4,625.8,628.9
Full Match ｜ Ireland vs. Spain ｜ CEV U22 Volleyball European Championship 2026 Women ｜ Pool D_set1,22,642.267,649.667,642.767,649.167
Full Match ｜ Ireland vs. Spain ｜ CEV U22 Volleyball European Championship 2026 Women ｜ Pool D_set1,23,664.267,675.867,664.767,675.367
Full Match ｜ Ireland vs. Spain ｜ CEV U22 Volleyball European Championship 2026 Women ｜ Pool D_set1,24,691.1,698.1,691.6,697.6
Full Match ｜ Ireland vs. Spain ｜ CEV U22 Volleyball European Championship 2026 Women ｜ Pool D_set1,25,712.3,719.833,712.8,719.333
Full Match ｜ Ireland vs. Spain ｜ CEV U22 Volleyball European Championship 2026 Women ｜ Pool D_set1,26,738.1,742.433,738.6,741.933
Full Match ｜ Ireland vs. Spain ｜ CEV U22 Volleyball European Championship 2026 Women ｜ Pool D_set1,27,775.033,786.1,775.533,785.6
Full Match ｜ Ireland vs. Spain ｜ CEV U22 Volleyball European Championship 2026 Women ｜ Pool D_set1,28,807.1,811.667,807.6,811.167
Full Match ｜ Ireland vs. Spain ｜ CEV U22 Volleyball European Championship 2026 Women ｜ Pool D_set1,29,825.933,836.767,826.433,836.267
Full Match ｜ Ireland vs. Spain ｜ CEV U22 Volleyball European Championship 2026 Women ｜ Pool D_set1,30,852.9,861.133,853.4,860.633
Full Match ｜ Ireland vs. Spain ｜ CEV U22 Volleyball European Championship 2026 Women ｜ Pool D_set1,31,891.733,915.733,892.233,915.233
Full Match ｜ Ireland vs. Spain ｜ CEV U22 Volleyball European Championship 2026 Women ｜ Pool D_set1,32,932.467,941.333,932.967,940.833
Full Match ｜ Ireland vs. Spain ｜ CEV U22 Volleyball European Championship 2026 Women ｜ Pool D_set1,33,955.333,966.733,955.833,966.233
Full Match ｜ Ireland vs. Spain ｜ CEV U22 Volleyball European Championship 2026 Women ｜ Pool D_set1,34,987.733,992.733,988.233,992.233
Full Match ｜ Ireland vs. Spain ｜ CEV U22 Volleyball European Championship 2026 Women ｜ Pool D_set1,35,1007.933,1022.4,1008.433,1021.9
Full Match ｜ Ireland vs. Türkiye ｜ CEV U22 Volleyball European Championship 2026 Women ｜ Pool D_set1,1,7.933,23.233,8.433,22.733
Full Match ｜ Ireland vs. Türkiye ｜ CEV U22 Volleyball European Championship 2026 Women ｜ Pool D_set1,2,40.133,55.133,40.633,54.633
Full Match ｜ Ireland vs. Türkiye ｜ CEV U22 Volleyball European Championship 2026 Women ｜ Pool D_set1,3,71.9,93.433,72.4,92.933
Full Match ｜ Ireland vs. Türkiye ｜ CEV U22 Volleyball European Championship 2026 Women ｜ Pool D_set1,4,111.833,120.333,112.333,119.833
Full Match ｜ Ireland vs. Türkiye ｜ CEV U22 Volleyball European Championship 2026 Women ｜ Pool D_set1,5,134.533,145.667,135.033,145.167
Full Match ｜ Ireland vs. Türkiye ｜ CEV U22 Volleyball European Championship 2026 Women ｜ Pool D_set1,6,160.167,165.567,160.667,165.067
Full Match ｜ Ireland vs. Türkiye ｜ CEV U22 Volleyball European Championship 2026 Women ｜ Pool D_set1,7,179.3,187.3,179.8,186.8
Full Match ｜ Ireland vs. Türkiye ｜ CEV U22 Volleyball European Championship 2026 Women ｜ Pool D_set1,8,201.033,208.8,201.533,208.3
Full Match ｜ Ireland vs. Türkiye ｜ CEV U22 Volleyball European Championship 2026 Women ｜ Pool D_set1,9,223.933,228.333,224.433,227.833
Full Match ｜ Ireland vs. Türkiye ｜ CEV U22 Volleyball European Championship 2026 Women ｜ Pool D_set1,10,242.133,249.9,242.633,249.4
Full Match ｜ Ireland vs. Türkiye ｜ CEV U22 Volleyball European Championship 2026 Women ｜ Pool D_set1,11,264.7,273.5,265.2,273.0
Full Match ｜ Ireland vs. Türkiye ｜ CEV U22 Volleyball European Championship 2026 Women ｜ Pool D_set1,12,288.433,304.233,288.933,303.733
Full Match ｜ Ireland vs. Türkiye ｜ CEV U22 Volleyball European Championship 2026 Women ｜ Pool D_set1,13,329.567,345.133,330.067,344.633
Full Match ｜ Ireland vs. Türkiye ｜ CEV U22 Volleyball European Championship 2026 Women ｜ Pool D_set1,14,418.333,425.0,418.833,424.367
Full Match ｜ Ireland vs. Türkiye ｜ CEV U22 Volleyball European Championship 2026 Women ｜ Pool D_set1,15,441.533,449.233,442.033,448.733
Full Match ｜ Ireland vs. Türkiye ｜ CEV U22 Volleyball European Championship 2026 Women ｜ Pool D_set1,16,470.4,474.167,470.9,473.667
Full Match ｜ Ireland vs. Türkiye ｜ CEV U22 Volleyball European Championship 2026 Women ｜ Pool D_set1,17,488.2,491.9,488.7,491.4
Full Match ｜ Ireland vs. Türkiye ｜ CEV U22 Volleyball European Championship 2026 Women ｜ Pool D_set1,18,505.233,515.167,505.733,514.667
Full Match ｜ Ireland vs. Türkiye ｜ CEV U22 Volleyball European Championship 2026 Women ｜ Pool D_set1,19,528.333,542.0,528.833,539.933
Full Match ｜ Ireland vs. Türkiye ｜ CEV U22 Volleyball European Championship 2026 Women ｜ Pool D_set1,20,590.167,602.167,590.667,601.667
Full Match ｜ Ireland vs. Türkiye ｜ CEV U22 Volleyball European Championship 2026 Women ｜ Pool D_set1,21,686.5,693.467,687.0,692.967
Full Match ｜ Ireland vs. Türkiye ｜ CEV U22 Volleyball European Championship 2026 Women ｜ Pool D_set1,22,705.333,715.567,705.833,715.067
Full Match ｜ Ireland vs. Türkiye ｜ CEV U22 Volleyball European Championship 2026 Women ｜ Pool D_set1,23,771.9,779.867,772.4,779.367
Full Match ｜ Ireland vs. Türkiye ｜ CEV U22 Volleyball European Championship 2026 Women ｜ Pool D_set1,24,795.6,807.5,796.1,807.0
Full Match ｜ Ireland vs. Türkiye ｜ CEV U22 Volleyball European Championship 2026 Women ｜ Pool D_set1,25,821.4,835.167,821.9,834.667
Full Match ｜ Ireland vs. Türkiye ｜ CEV U22 Volleyball European Championship 2026 Women ｜ Pool D_set1,26,853.7,857.867,854.2,857.367
Full Match ｜ Ireland vs. Türkiye ｜ CEV U22 Volleyball European Championship 2026 Women ｜ Pool D_set1,27,891.033,895.467,891.533,894.967
Full Match ｜ Ireland vs. Türkiye ｜ CEV U22 Volleyball European Championship 2026 Women ｜ Pool D_set1,28,911.333,923.833,911.833,923.333
Full Match ｜ Ireland vs. Türkiye ｜ CEV U22 Volleyball European Championship 2026 Women ｜ Pool D_set1,29,940.267,953.333,940.767,952.833
Full Match ｜ Ireland vs. Türkiye ｜ CEV U22 Volleyball European Championship 2026 Women ｜ Pool D_set1,30,970.233,979.267,970.733,978.767
Full Match ｜ Italy vs. England ｜ CEV U22 Volleyball European Championship 2026 Men ｜ Pool A_set1,1,70.267,77.9,70.767,77.4
Full Match ｜ Italy vs. England ｜ CEV U22 Volleyball European Championship 2026 Men ｜ Pool A_set1,2,102.567,108.533,103.067,108.033
Full Match ｜ Italy vs. England ｜ CEV U22 Volleyball European Championship 2026 Men ｜ Pool A_set1,3,126.167,135.233,126.667,134.733
Full Match ｜ Italy vs. England ｜ CEV U22 Volleyball European Championship 2026 Men ｜ Pool A_set1,4,163.3,167.467,163.8,166.967
Full Match ｜ Italy vs. England ｜ CEV U22 Volleyball European Championship 2026 Men ｜ Pool A_set1,5,186.533,203.467,187.033,202.967
Full Match ｜ Italy vs. England ｜ CEV U22 Volleyball European Championship 2026 Men ｜ Pool A_set1,6,221.6,225.5,222.1,225.0
Full Match ｜ Italy vs. England ｜ CEV U22 Volleyball European Championship 2026 Men ｜ Pool A_set1,7,293.1,296.9,293.6,296.4
Full Match ｜ Italy vs. England ｜ CEV U22 Volleyball European Championship 2026 Men ｜ Pool A_set1,8,315.7,323.8,316.2,323.3
Full Match ｜ Italy vs. England ｜ CEV U22 Volleyball European Championship 2026 Men ｜ Pool A_set1,9,344.767,353.5,345.267,353.0
Full Match ｜ Italy vs. England ｜ CEV U22 Volleyball European Championship 2026 Men ｜ Pool A_set1,10,376.7,384.767,377.2,384.267
Full Match ｜ Italy vs. England ｜ CEV U22 Volleyball European Championship 2026 Men ｜ Pool A_set1,11,408.967,420.133,409.467,419.633
Full Match ｜ Italy vs. England ｜ CEV U22 Volleyball European Championship 2026 Men ｜ Pool A_set1,12,444.4,451.567,444.9,451.067
Full Match ｜ Italy vs. England ｜ CEV U22 Volleyball European Championship 2026 Men ｜ Pool A_set1,13,470.9,477.633,471.4,477.133
Full Match ｜ Italy vs. England ｜ CEV U22 Volleyball European Championship 2026 Men ｜ Pool A_set1,14,495.533,511.367,496.033,510.867
Full Match ｜ Italy vs. England ｜ CEV U22 Volleyball European Championship 2026 Men ｜ Pool A_set1,15,529.933,534.0,530.433,533.5
Full Match ｜ Italy vs. England ｜ CEV U22 Volleyball European Championship 2026 Men ｜ Pool A_set1,16,551.1,560.333,551.6,559.833
Full Match ｜ Italy vs. England ｜ CEV U22 Volleyball European Championship 2026 Men ｜ Pool A_set1,17,577.1,585.067,577.6,584.567
Full Match ｜ Italy vs. England ｜ CEV U22 Volleyball European Championship 2026 Men ｜ Pool A_set1,18,600.433,609.433,600.933,608.933
Full Match ｜ Italy vs. England ｜ CEV U22 Volleyball European Championship 2026 Men ｜ Pool A_set1,19,629.1,634.567,629.6,634.067
Full Match ｜ Italy vs. England ｜ CEV U22 Volleyball European Championship 2026 Men ｜ Pool A_set1,20,655.7,663.633,656.2,663.133
Full Match ｜ Italy vs. England ｜ CEV U22 Volleyball European Championship 2026 Men ｜ Pool A_set1,21,689.733,703.967,690.233,703.467
Full Match ｜ Italy vs. England ｜ CEV U22 Volleyball European Championship 2026 Men ｜ Pool A_set1,22,722.6,726.267,723.1,725.767
Full Match ｜ Italy vs. England ｜ CEV U22 Volleyball European Championship 2026 Men ｜ Pool A_set1,23,746.7,752.767,747.2,752.267
Full Match ｜ Italy vs. England ｜ CEV U22 Volleyball European Championship 2026 Men ｜ Pool A_set1,24,776.833,781.0,777.333,780.5
Full Match ｜ Italy vs. England ｜ CEV U22 Volleyball European Championship 2026 Men ｜ Pool A_set1,25,795.1,805.733,795.6,805.233
Full Match ｜ Italy vs. England ｜ CEV U22 Volleyball European Championship 2026 Men ｜ Pool A_set1,26,877.567,885.7,878.067,885.2
Full Match ｜ Italy vs. England ｜ CEV U22 Volleyball European Championship 2026 Men ｜ Pool A_set1,27,921.933,929.267,922.433,928.767
Full Match ｜ Italy vs. England ｜ CEV U22 Volleyball European Championship 2026 Men ｜ Pool A_set1,28,947.733,953.667,948.233,953.167
Full Match ｜ Italy vs. England ｜ CEV U22 Volleyball European Championship 2026 Men ｜ Pool A_set1,29,975.467,984.333,975.967,983.833
Full Match ｜ Italy vs. England ｜ CEV U22 Volleyball European Championship 2026 Men ｜ Pool A_set1,30,1001.933,1012.0,1002.433,1012.3
Full Match ｜ Italy vs. England ｜ CEV U22 Volleyball European Championship 2026 Men ｜ Pool A_set1,31,1091.367,1095.467,1091.867,1094.967
Full Match ｜ Italy vs. England ｜ CEV U22 Volleyball European Championship 2026 Men ｜ Pool A_set1,32,1113.467,1121.467,1113.967,1120.967
Full Match ｜ Italy vs. England ｜ CEV U22 Volleyball European Championship 2026 Men ｜ Pool A_set1,33,1142.667,1146.2,1143.167,1145.7
Full Match ｜ Italy vs. England ｜ CEV U22 Volleyball European Championship 2026 Men ｜ Pool A_set1,34,1163.467,1170.4,1163.967,1169.9
Full Match ｜ Italy vs. England ｜ CEV U22 Volleyball European Championship 2026 Men ｜ Pool A_set1,35,1192.833,1206.0,1193.333,1205.5
Full Match ｜ Italy vs. England ｜ CEV U22 Volleyball European Championship 2026 Men ｜ Pool A_set1,36,1223.033,1230.4,1223.533,1229.9
Full Match ｜ Luxembourg vs. Croatia - CEV U22 Volleyball European Championship 2026 ｜ Women ｜ Pool E_set1,1,5.033,14.0,5.533,13.0
Full Match ｜ Luxembourg vs. Croatia - CEV U22 Volleyball European Championship 2026 ｜ Women ｜ Pool E_set1,2,32.133,49.167,32.633,48.667
Full Match ｜ Luxembourg vs. Croatia - CEV U22 Volleyball European Championship 2026 ｜ Women ｜ Pool E_set1,3,66.833,77.1,67.333,76.6
Full Match ｜ Luxembourg vs. Croatia - CEV U22 Volleyball European Championship 2026 ｜ Women ｜ Pool E_set1,4,94.6,106.9,95.1,106.4
Full Match ｜ Luxembourg vs. Croatia - CEV U22 Volleyball European Championship 2026 ｜ Women ｜ Pool E_set1,5,124.7,133.633,125.2,133.133
Full Match ｜ Luxembourg vs. Croatia - CEV U22 Volleyball European Championship 2026 ｜ Women ｜ Pool E_set1,6,196.967,208.0,197.467,207.5
Full Match ｜ Luxembourg vs. Croatia - CEV U22 Volleyball European Championship 2026 ｜ Women ｜ Pool E_set1,7,226.067,245.767,226.567,245.267
Full Match ｜ Luxembourg vs. Croatia - CEV U22 Volleyball European Championship 2026 ｜ Women ｜ Pool E_set1,8,265.2,269.033,265.7,268.533
Full Match ｜ Luxembourg vs. Croatia - CEV U22 Volleyball European Championship 2026 ｜ Women ｜ Pool E_set1,9,286.8,294.267,287.3,293.767
Full Match ｜ Luxembourg vs. Croatia - CEV U22 Volleyball European Championship 2026 ｜ Women ｜ Pool E_set1,10,311.2,318.633,311.7,318.133
Full Match ｜ Luxembourg vs. Croatia - CEV U22 Volleyball European Championship 2026 ｜ Women ｜ Pool E_set1,11,335.733,349.233,336.233,348.733
Full Match ｜ Luxembourg vs. Croatia - CEV U22 Volleyball European Championship 2026 ｜ Women ｜ Pool E_set1,12,364.933,381.9,365.433,381.4
Full Match ｜ Luxembourg vs. Croatia - CEV U22 Volleyball European Championship 2026 ｜ Women ｜ Pool E_set1,13,398.267,413.533,398.767,413.033
Full Match ｜ Luxembourg vs. Croatia - CEV U22 Volleyball European Championship 2026 ｜ Women ｜ Pool E_set1,14,430.267,441.4,430.767,440.9
Full Match ｜ Luxembourg vs. Croatia - CEV U22 Volleyball European Championship 2026 ｜ Women ｜ Pool E_set1,15,456.067,460.333,456.567,459.833
Full Match ｜ Luxembourg vs. Croatia - CEV U22 Volleyball European Championship 2026 ｜ Women ｜ Pool E_set1,16,480.1,501.167,480.6,500.667
Full Match ｜ Luxembourg vs. Croatia - CEV U22 Volleyball European Championship 2026 ｜ Women ｜ Pool E_set1,17,521.667,528.9,522.167,528.4
Full Match ｜ Luxembourg vs. Croatia - CEV U22 Volleyball European Championship 2026 ｜ Women ｜ Pool E_set1,18,545.4,550.5,545.9,550.0
Full Match ｜ Luxembourg vs. Croatia - CEV U22 Volleyball European Championship 2026 ｜ Women ｜ Pool E_set1,19,565.7,573.333,566.2,572.833
Full Match ｜ Luxembourg vs. Croatia - CEV U22 Volleyball European Championship 2026 ｜ Women ｜ Pool E_set1,20,590.367,630.133,590.867,629.633
Full Match ｜ Luxembourg vs. Croatia - CEV U22 Volleyball European Championship 2026 ｜ Women ｜ Pool E_set1,21,648.667,659.6,649.167,659.1
Full Match ｜ Luxembourg vs. Croatia - CEV U22 Volleyball European Championship 2026 ｜ Women ｜ Pool E_set1,22,681.033,689.3,681.533,688.8
Full Match ｜ Luxembourg vs. Croatia - CEV U22 Volleyball European Championship 2026 ｜ Women ｜ Pool E_set1,23,703.133,714.667,703.633,714.167
Full Match ｜ Luxembourg vs. Croatia - CEV U22 Volleyball European Championship 2026 ｜ Women ｜ Pool E_set1,24,728.333,736.133,728.833,735.633
Full Match ｜ Luxembourg vs. Croatia - CEV U22 Volleyball European Championship 2026 ｜ Women ｜ Pool E_set1,25,760.8,775.067,761.3,774.567
Full Match ｜ Luxembourg vs. Croatia - CEV U22 Volleyball European Championship 2026 ｜ Women ｜ Pool E_set1,26,793.933,798.367,794.433,797.867
Full Match ｜ Luxembourg vs. Croatia - CEV U22 Volleyball European Championship 2026 ｜ Women ｜ Pool E_set1,27,812.733,822.067,813.233,821.567
Full Match ｜ Luxembourg vs. Croatia - CEV U22 Volleyball European Championship 2026 ｜ Women ｜ Pool E_set1,28,836.033,843.833,836.533,843.333
Full Match ｜ Luxembourg vs. Croatia - CEV U22 Volleyball European Championship 2026 ｜ Women ｜ Pool E_set1,29,862.9,869.3,863.4,868.8
Full Match ｜ Luxembourg vs. Croatia - CEV U22 Volleyball European Championship 2026 ｜ Women ｜ Pool E_set1,30,886.733,894.933,887.233,894.433
Full Match ｜ Luxembourg vs. Croatia - CEV U22 Volleyball European Championship 2026 ｜ Women ｜ Pool E_set1,31,964.867,969.133,965.367,968.633
Full Match ｜ Luxembourg vs. Croatia - CEV U22 Volleyball European Championship 2026 ｜ Women ｜ Pool E_set1,32,985.967,1002.067,986.467,1001.567
Full Match ｜ Luxembourg vs. Croatia - CEV U22 Volleyball European Championship 2026 ｜ Women ｜ Pool E_set1,33,1023.0,1028.7,1023.5,1028.2
Full Match ｜ Luxembourg vs. Croatia - CEV U22 Volleyball European Championship 2026 ｜ Women ｜ Pool E_set1,34,1046.9,1050.833,1047.4,1050.333
Full Match ｜ Luxembourg vs. Croatia - CEV U22 Volleyball European Championship 2026 ｜ Women ｜ Pool E_set1,35,1069.8,1079.9,1070.3,1079.4
Full Match ｜ Norway vs. Bulgaria ｜ CEV U22 Volleyball European Championship 2026 Men ｜ Pool C_set1,1,7.567,23.933,8.067,23.433
Full Match ｜ Norway vs. Bulgaria ｜ CEV U22 Volleyball European Championship 2026 Men ｜ Pool C_set1,2,44.167,51.367,44.667,50.867
Full Match ｜ Norway vs. Bulgaria ｜ CEV U22 Volleyball European Championship 2026 Men ｜ Pool C_set1,3,75.0,82.933,75.5,82.433
Full Match ｜ Norway vs. Bulgaria ｜ CEV U22 Volleyball European Championship 2026 Men ｜ Pool C_set1,4,102.733,115.4,103.233,114.9
Full Match ｜ Norway vs. Bulgaria ｜ CEV U22 Volleyball European Championship 2026 Men ｜ Pool C_set1,5,131.5,138.967,132.0,138.467
Full Match ｜ Norway vs. Bulgaria ｜ CEV U22 Volleyball European Championship 2026 Men ｜ Pool C_set1,6,157.967,165.033,158.467,164.533
Full Match ｜ Norway vs. Bulgaria ｜ CEV U22 Volleyball European Championship 2026 Men ｜ Pool C_set1,7,185.6,192.633,186.1,192.133
Full Match ｜ Norway vs. Bulgaria ｜ CEV U22 Volleyball European Championship 2026 Men ｜ Pool C_set1,8,208.333,215.467,208.833,214.967
Full Match ｜ Norway vs. Bulgaria ｜ CEV U22 Volleyball European Championship 2026 Men ｜ Pool C_set1,9,232.833,243.1,233.333,242.6
Full Match ｜ Norway vs. Bulgaria ｜ CEV U22 Volleyball European Championship 2026 Men ｜ Pool C_set1,10,261.6,265.467,262.1,264.967
Full Match ｜ Norway vs. Bulgaria ｜ CEV U22 Volleyball European Championship 2026 Men ｜ Pool C_set1,11,284.433,291.3,284.933,290.8
Full Match ｜ Norway vs. Bulgaria ｜ CEV U22 Volleyball European Championship 2026 Men ｜ Pool C_set1,12,312.967,320.2,313.467,319.7
Full Match ｜ Norway vs. Bulgaria ｜ CEV U22 Volleyball European Championship 2026 Men ｜ Pool C_set1,13,343.7,351.167,344.2,350.667
Full Match ｜ Norway vs. Bulgaria ｜ CEV U22 Volleyball European Championship 2026 Men ｜ Pool C_set1,14,369.8,375.867,370.3,375.367
Full Match ｜ Norway vs. Bulgaria ｜ CEV U22 Volleyball European Championship 2026 Men ｜ Pool C_set1,15,396.1,415.0,396.6,414.5
Full Match ｜ Norway vs. Bulgaria ｜ CEV U22 Volleyball European Championship 2026 Men ｜ Pool C_set1,16,434.067,438.567,434.567,438.067
Full Match ｜ Norway vs. Bulgaria ｜ CEV U22 Volleyball European Championship 2026 Men ｜ Pool C_set1,17,455.433,464.333,455.933,463.833
Full Match ｜ Norway vs. Bulgaria ｜ CEV U22 Volleyball European Championship 2026 Men ｜ Pool C_set1,18,487.167,491.0,487.667,490.5
Full Match ｜ Norway vs. Bulgaria ｜ CEV U22 Volleyball European Championship 2026 Men ｜ Pool C_set1,19,509.667,516.5,510.167,516.0
Full Match ｜ Norway vs. Bulgaria ｜ CEV U22 Volleyball European Championship 2026 Men ｜ Pool C_set1,20,534.033,537.9,534.533,537.4
Full Match ｜ Norway vs. Bulgaria ｜ CEV U22 Volleyball European Championship 2026 Men ｜ Pool C_set1,21,554.7,563.0,555.2,561.433
Full Match ｜ Norway vs. Bulgaria ｜ CEV U22 Volleyball European Championship 2026 Men ｜ Pool C_set1,22,591.3,606.9,591.8,606.4
Full Match ｜ Norway vs. Bulgaria ｜ CEV U22 Volleyball European Championship 2026 Men ｜ Pool C_set1,23,640.0,647.267,640.5,646.767
Full Match ｜ Norway vs. Bulgaria ｜ CEV U22 Volleyball European Championship 2026 Men ｜ Pool C_set1,24,664.133,668.6,664.633,668.1
Full Match ｜ Norway vs. Bulgaria ｜ CEV U22 Volleyball European Championship 2026 Men ｜ Pool C_set1,25,686.333,699.8,686.833,699.3
Full Match ｜ Norway vs. Bulgaria ｜ CEV U22 Volleyball European Championship 2026 Men ｜ Pool C_set1,26,720.1,723.767,720.6,723.267
Full Match ｜ Norway vs. Bulgaria ｜ CEV U22 Volleyball European Championship 2026 Men ｜ Pool C_set1,27,742.233,749.033,742.733,748.533
Full Match ｜ Norway vs. Bulgaria ｜ CEV U22 Volleyball European Championship 2026 Men ｜ Pool C_set1,28,767.733,772.367,768.233,771.867
Full Match ｜ Norway vs. Bulgaria ｜ CEV U22 Volleyball European Championship 2026 Men ｜ Pool C_set1,29,789.033,792.533,789.533,792.033
Full Match ｜ Norway vs. Bulgaria ｜ CEV U22 Volleyball European Championship 2026 Men ｜ Pool C_set1,30,811.233,814.733,811.733,814.233
Full Match ｜ Norway vs. Bulgaria ｜ CEV U22 Volleyball European Championship 2026 Men ｜ Pool C_set1,31,831.633,838.9,832.133,838.4
Full Match ｜ Norway vs. Bulgaria ｜ CEV U22 Volleyball European Championship 2026 Men ｜ Pool C_set1,32,858.2,874.4,858.7,873.9
Full Match ｜ Norway vs. Bulgaria ｜ CEV U22 Volleyball European Championship 2026 Men ｜ Pool C_set1,33,894.667,910.0,895.167,909.5
Full Match ｜ Norway vs. Bulgaria ｜ CEV U22 Volleyball European Championship 2026 Men ｜ Pool C_set1,34,929.2,933.533,929.7,933.033
Full Match ｜ Norway vs. Bulgaria ｜ CEV U22 Volleyball European Championship 2026 Men ｜ Pool C_set1,35,947.067,955.433,947.567,954.933
Full Match ｜ Norway vs. Bulgaria ｜ CEV U22 Volleyball European Championship 2026 Men ｜ Pool C_set1,36,972.233,976.567,972.733,976.067
Full Match ｜ Norway vs. Bulgaria ｜ CEV U22 Volleyball European Championship 2026 Men ｜ Pool C_set1,37,996.9,1001.167,997.4,1000.667
Full Match ｜ Norway vs. Bulgaria ｜ CEV U22 Volleyball European Championship 2026 Men ｜ Pool C_set1,38,1016.033,1019.833,1016.533,1019.333
Full Match ｜ Norway vs. Bulgaria ｜ CEV U22 Volleyball European Championship 2026 Men ｜ Pool C_set1,39,1035.6,1044.6,1036.1,1044.1
Full Match ｜ Norway vs. Bulgaria ｜ CEV U22 Volleyball European Championship 2026 Men ｜ Pool C_set1,40,1065.733,1090.033,1066.233,1089.533
Full Match ｜ Norway vs. Bulgaria ｜ CEV U22 Volleyball European Championship 2026 Men ｜ Pool C_set1,41,1162.267,1169.967,1162.767,1169.467
Full Match ｜ Norway vs. Bulgaria ｜ CEV U22 Volleyball European Championship 2026 Men ｜ Pool C_set1,42,1189.133,1206.2,1189.633,1205.7
Full Match ｜ Norway vs. Bulgaria ｜ CEV U22 Volleyball European Championship 2026 Men ｜ Pool C_set1,43,1226.433,1233.567,1226.933,1233.067
Full Match ｜ Norway vs. Bulgaria ｜ CEV U22 Volleyball European Championship 2026 Men ｜ Pool C_set1,44,1257.6,1262.0,1258.1,1261.5
Full Match ｜ Norway vs. Bulgaria ｜ CEV U22 Volleyball European Championship 2026 Men ｜ Pool C_set1,45,1322.633,1335.967,1323.133,1335.467
Full Match ｜ Norway vs. Bulgaria ｜ CEV U22 Volleyball European Championship 2026 Men ｜ Pool C_set1,46,1366.067,1372.167,1366.567,1371.667
Full Match ｜ Norway vs. Bulgaria ｜ CEV U22 Volleyball European Championship 2026 Men ｜ Pool C_set1,47,1399.767,1408.3,1400.267,1407.8
Full Match ｜ Norway vs. Ireland ｜ CEV U22 Volleyball European Championship 2026 Women ｜ Pool D_set1,1,2.5,9.6,3.0,9.1
Full Match ｜ Norway vs. Ireland ｜ CEV U22 Volleyball European Championship 2026 Women ｜ Pool D_set1,2,26.2,34.3,26.7,33.8
Full Match ｜ Norway vs. Ireland ｜ CEV U22 Volleyball European Championship 2026 Women ｜ Pool D_set1,3,54.6,60.533,55.1,60.033
Full Match ｜ Norway vs. Ireland ｜ CEV U22 Volleyball European Championship 2026 Women ｜ Pool D_set1,4,79.3,90.3,79.8,89.8
Full Match ｜ Norway vs. Ireland ｜ CEV U22 Volleyball European Championship 2026 Women ｜ Pool D_set1,5,106.667,115.433,107.167,114.933
Full Match ｜ Norway vs. Ireland ｜ CEV U22 Volleyball European Championship 2026 Women ｜ Pool D_set1,6,130.667,138.1,131.167,137.6
Full Match ｜ Norway vs. Ireland ｜ CEV U22 Volleyball European Championship 2026 Women ｜ Pool D_set1,7,154.4,162.9,154.9,162.4
Full Match ｜ Norway vs. Ireland ｜ CEV U22 Volleyball European Championship 2026 Women ｜ Pool D_set1,8,179.533,187.867,180.033,187.367
Full Match ｜ Norway vs. Ireland ｜ CEV U22 Volleyball European Championship 2026 Women ｜ Pool D_set1,9,202.2,207.367,202.7,206.867
Full Match ｜ Norway vs. Ireland ｜ CEV U22 Volleyball European Championship 2026 Women ｜ Pool D_set1,10,223.3,234.267,223.8,233.767
Full Match ｜ Norway vs. Ireland ｜ CEV U22 Volleyball European Championship 2026 Women ｜ Pool D_set1,11,250.833,276.133,251.333,275.633
Full Match ｜ Norway vs. Ireland ｜ CEV U22 Volleyball European Championship 2026 Women ｜ Pool D_set1,12,299.333,314.167,299.833,313.667
Full Match ｜ Norway vs. Ireland ｜ CEV U22 Volleyball European Championship 2026 Women ｜ Pool D_set1,13,331.933,340.167,332.433,339.667
Full Match ｜ Norway vs. Ireland ｜ CEV U22 Volleyball European Championship 2026 Women ｜ Pool D_set1,14,352.467,368.433,352.967,367.933
Full Match ｜ Norway vs. Ireland ｜ CEV U22 Volleyball European Championship 2026 Women ｜ Pool D_set1,15,383.067,391.967,383.567,391.467
Full Match ｜ Norway vs. Ireland ｜ CEV U22 Volleyball European Championship 2026 Women ｜ Pool D_set1,16,411.5,423.5,412.0,423.0
Full Match ｜ Norway vs. Ireland ｜ CEV U22 Volleyball European Championship 2026 Women ｜ Pool D_set1,17,444.4,457.167,444.9,456.667
Full Match ｜ Norway vs. Ireland ｜ CEV U22 Volleyball European Championship 2026 Women ｜ Pool D_set1,18,475.433,484.7,475.933,484.2
Full Match ｜ Norway vs. Ireland ｜ CEV U22 Volleyball European Championship 2026 Women ｜ Pool D_set1,19,547.767,555.733,548.267,555.233
Full Match ｜ Norway vs. Ireland ｜ CEV U22 Volleyball European Championship 2026 Women ｜ Pool D_set1,20,573.867,577.7,574.367,577.2
Full Match ｜ Norway vs. Ireland ｜ CEV U22 Volleyball European Championship 2026 Women ｜ Pool D_set1,21,591.233,598.8,591.733,598.3
Full Match ｜ Norway vs. Ireland ｜ CEV U22 Volleyball European Championship 2026 Women ｜ Pool D_set1,22,618.433,626.267,618.933,625.767
Full Match ｜ Norway vs. Ireland ｜ CEV U22 Volleyball European Championship 2026 Women ｜ Pool D_set1,23,644.833,652.8,645.333,652.3
Full Match ｜ Norway vs. Ireland ｜ CEV U22 Volleyball European Championship 2026 Women ｜ Pool D_set1,24,676.267,684.367,676.767,683.867
Full Match ｜ Norway vs. Ireland ｜ CEV U22 Volleyball European Championship 2026 Women ｜ Pool D_set1,25,701.1,705.433,701.6,704.933
Full Match ｜ Norway vs. Ireland ｜ CEV U22 Volleyball European Championship 2026 Women ｜ Pool D_set1,26,717.6,759.833,718.1,759.333
Full Match ｜ Norway vs. Ireland ｜ CEV U22 Volleyball European Championship 2026 Women ｜ Pool D_set1,27,793.3,805.7,793.8,805.2
Full Match ｜ Norway vs. Ireland ｜ CEV U22 Volleyball European Championship 2026 Women ｜ Pool D_set1,28,826.667,830.833,827.167,830.333
Full Match ｜ Norway vs. Ireland ｜ CEV U22 Volleyball European Championship 2026 Women ｜ Pool D_set1,29,874.167,894.267,874.667,893.767
Full Match ｜ Norway vs. Ireland ｜ CEV U22 Volleyball European Championship 2026 Women ｜ Pool D_set1,30,952.0,955.7,952.5,955.2
Full Match ｜ Norway vs. Ireland ｜ CEV U22 Volleyball European Championship 2026 Women ｜ Pool D_set1,31,971.7,981.5,972.2,981.0
Full Match ｜ Norway vs. Ireland ｜ CEV U22 Volleyball European Championship 2026 Women ｜ Pool D_set1,32,994.7,998.767,995.2,998.267
Full Match ｜ Norway vs. Ireland ｜ CEV U22 Volleyball European Championship 2026 Women ｜ Pool D_set1,33,1012.233,1019.9,1012.733,1019.4
Full Match ｜ Norway vs. Ireland ｜ CEV U22 Volleyball European Championship 2026 Women ｜ Pool D_set1,34,1078.033,1082.167,1078.533,1081.667
Full Match ｜ Norway vs. Ireland ｜ CEV U22 Volleyball European Championship 2026 Women ｜ Pool D_set1,35,1099.7,1104.1,1100.2,1103.6
Full Match ｜ Norway vs. Ireland ｜ CEV U22 Volleyball European Championship 2026 Women ｜ Pool D_set1,36,1122.1,1126.4,1122.6,1125.9
Full Match ｜ Norway vs. Ireland ｜ CEV U22 Volleyball European Championship 2026 Women ｜ Pool D_set1,37,1145.367,1175.5,1145.867,1175.0
Full Match ｜ Norway vs. Ireland ｜ CEV U22 Volleyball European Championship 2026 Women ｜ Pool D_set1,38,1198.467,1207.433,1198.967,1206.933
Full Match ｜ Norway vs. Ireland ｜ CEV U22 Volleyball European Championship 2026 Women ｜ Pool D_set1,39,1269.3,1276.967,1269.8,1276.467
Full Match ｜ Norway vs. Ireland ｜ CEV U22 Volleyball European Championship 2026 Women ｜ Pool D_set1,40,1295.667,1303.5,1296.167,1303.0
Full Match ｜ Norway vs. Ireland ｜ CEV U22 Volleyball European Championship 2026 Women ｜ Pool D_set1,41,1322.2,1330.367,1322.7,1329.867
Full Match ｜ Norway vs. Ireland ｜ CEV U22 Volleyball European Championship 2026 Women ｜ Pool D_set1,42,1362.833,1387.167,1363.333,1386.667
Full Match ｜ Norway vs. Ireland ｜ CEV U22 Volleyball European Championship 2026 Women ｜ Pool D_set1,43,1409.367,1420.467,1409.867,1419.967
Full Match ｜ Norway vs. Ireland ｜ CEV U22 Volleyball European Championship 2026 Women ｜ Pool D_set1,44,1441.9,1455.667,1442.4,1455.167
Full Match ｜ Norway vs. Ireland ｜ CEV U22 Volleyball European Championship 2026 Women ｜ Pool D_set1,45,1474.3,1482.667,1474.8,1482.167
Full Match ｜ Norway vs. Ireland ｜ CEV U22 Volleyball European Championship 2026 Women ｜ Pool D_set1,46,1500.767,1508.2,1501.267,1507.7
Full Match ｜ Norway vs. Ireland ｜ CEV U22 Volleyball European Championship 2026 Women ｜ Pool D_set1,47,1526.367,1534.833,1526.867,1534.333
Full Match ｜ Norway vs. Ireland ｜ CEV U22 Volleyball European Championship 2026 Women ｜ Pool D_set1,48,1554.1,1577.067,1554.6,1576.567
Full Match ｜ Poland vs. England ｜ CEV U22 Volleyball European Championship 2026 Women ｜ Pool C_set1,1,1.8,16.4,2.3,15.9
Full Match ｜ Poland vs. England ｜ CEV U22 Volleyball European Championship 2026 Women ｜ Pool C_set1,2,31.667,42.933,32.167,42.433
Full Match ｜ Poland vs. England ｜ CEV U22 Volleyball European Championship 2026 Women ｜ Pool C_set1,3,58.533,66.867,59.033,66.367
Full Match ｜ Poland vs. England ｜ CEV U22 Volleyball European Championship 2026 Women ｜ Pool C_set1,4,84.433,92.0,84.933,90.9
Full Match ｜ Poland vs. England ｜ CEV U22 Volleyball European Championship 2026 Women ｜ Pool C_set1,5,108.833,112.967,109.333,112.467
Full Match ｜ Poland vs. England ｜ CEV U22 Volleyball European Championship 2026 Women ｜ Pool C_set1,6,130.0,141.133,130.5,140.633
Full Match ｜ Poland vs. England ｜ CEV U22 Volleyball European Championship 2026 Women ｜ Pool C_set1,7,164.7,184.933,165.2,184.433
Full Match ｜ Poland vs. England ｜ CEV U22 Volleyball European Championship 2026 Women ｜ Pool C_set1,8,203.733,211.667,204.233,211.167
Full Match ｜ Poland vs. England ｜ CEV U22 Volleyball European Championship 2026 Women ｜ Pool C_set1,9,228.6,236.767,229.1,236.267
Full Match ｜ Poland vs. England ｜ CEV U22 Volleyball European Championship 2026 Women ｜ Pool C_set1,10,254.567,259.033,255.067,258.533
Full Match ｜ Poland vs. England ｜ CEV U22 Volleyball European Championship 2026 Women ｜ Pool C_set1,11,284.167,289.367,284.667,288.867
Full Match ｜ Poland vs. England ｜ CEV U22 Volleyball European Championship 2026 Women ｜ Pool C_set1,12,307.233,322.7,307.733,322.2
Full Match ｜ Poland vs. England ｜ CEV U22 Volleyball European Championship 2026 Women ｜ Pool C_set1,13,345.533,353.3,346.033,352.8
Full Match ｜ Poland vs. England ｜ CEV U22 Volleyball European Championship 2026 Women ｜ Pool C_set1,14,371.4,388.433,371.9,387.933
Full Match ｜ Poland vs. England ｜ CEV U22 Volleyball European Championship 2026 Women ｜ Pool C_set1,15,407.033,413.033,407.533,412.533
Full Match ｜ Poland vs. England ｜ CEV U22 Volleyball European Championship 2026 Women ｜ Pool C_set1,16,474.1,484.467,474.6,483.967
Full Match ｜ Poland vs. England ｜ CEV U22 Volleyball European Championship 2026 Women ｜ Pool C_set1,17,505.2,513.567,505.7,513.067
Full Match ｜ Poland vs. England ｜ CEV U22 Volleyball European Championship 2026 Women ｜ Pool C_set1,18,531.633,535.4,532.133,534.9
Full Match ｜ Poland vs. England ｜ CEV U22 Volleyball European Championship 2026 Women ｜ Pool C_set1,19,570.233,585.7,570.733,585.2
Full Match ｜ Poland vs. England ｜ CEV U22 Volleyball European Championship 2026 Women ｜ Pool C_set1,20,611.967,629.633,612.467,629.133
Full Match ｜ Poland vs. England ｜ CEV U22 Volleyball European Championship 2026 Women ｜ Pool C_set1,21,646.733,652.767,647.233,652.267
Full Match ｜ Poland vs. England ｜ CEV U22 Volleyball European Championship 2026 Women ｜ Pool C_set1,22,669.5,678.1,670.0,677.6
Full Match ｜ Poland vs. England ｜ CEV U22 Volleyball European Championship 2026 Women ｜ Pool C_set1,23,696.2,703.533,696.7,703.033
Full Match ｜ Poland vs. England ｜ CEV U22 Volleyball European Championship 2026 Women ｜ Pool C_set1,24,724.033,736.0,724.533,735.5
Full Match ｜ Poland vs. England ｜ CEV U22 Volleyball European Championship 2026 Women ｜ Pool C_set1,25,802.667,814.933,803.167,814.433
Full Match ｜ Poland vs. England ｜ CEV U22 Volleyball European Championship 2026 Women ｜ Pool C_set1,26,833.433,840.267,833.933,839.767
Full Match ｜ Poland vs. England ｜ CEV U22 Volleyball European Championship 2026 Women ｜ Pool C_set1,27,859.4,867.267,859.9,866.767
Full Match ｜ Poland vs. England ｜ CEV U22 Volleyball European Championship 2026 Women ｜ Pool C_set1,28,884.967,893.633,885.467,893.133
Full Match ｜ Poland vs. England ｜ CEV U22 Volleyball European Championship 2026 Women ｜ Pool C_set1,29,915.733,929.1,916.233,928.6
Full Match ｜ Poland vs. England ｜ CEV U22 Volleyball European Championship 2026 Women ｜ Pool C_set1,30,949.433,958.6,949.933,958.1
Full Match ｜ Poland vs. England ｜ CEV U22 Volleyball European Championship 2026 Women ｜ Pool C_set1,31,981.667,988.567,982.167,988.067
Full Match ｜ Poland vs. England ｜ CEV U22 Volleyball European Championship 2026 Women ｜ Pool C_set1,32,1010.833,1023.333,1011.333,1022.833
Full Match ｜ Poland vs. England ｜ CEV U22 Volleyball European Championship 2026 Women ｜ Pool C_set1,33,1044.3,1053.4,1044.8,1052.9
Full Match ｜ Poland vs. England ｜ CEV U22 Volleyball European Championship 2026 Women ｜ Pool C_set1,34,1072.233,1083.167,1072.733,1082.667
Full Match ｜ Poland vs. England ｜ CEV U22 Volleyball European Championship 2026 Women ｜ Pool C_set1,35,1113.033,1120.4,1113.533,1119.9
Full Match ｜ Poland vs. England ｜ CEV U22 Volleyball European Championship 2026 Women ｜ Pool C_set1,36,1146.767,1158.233,1147.267,1157.733
Full Match ｜ Poland vs. England ｜ CEV U22 Volleyball European Championship 2026 Women ｜ Pool C_set1,37,1173.6,1181.467,1174.1,1180.967
Full Match ｜ Poland vs. England ｜ CEV U22 Volleyball European Championship 2026 Women ｜ Pool C_set1,38,1199.033,1215.4,1199.533,1214.9
Full Match ｜ Poland vs. England ｜ CEV U22 Volleyball European Championship 2026 Women ｜ Pool C_set1,39,1241.833,1252.6,1242.333,1252.1
Full Match ｜ Poland vs. England ｜ CEV U22 Volleyball European Championship 2026 Women ｜ Pool C_set1,40,1272.233,1283.433,1272.733,1282.933
Full Match ｜ Poland vs. England ｜ CEV U22 Volleyball European Championship 2026 Women ｜ Pool C_set1,41,1301.5,1305.667,1302.0,1305.167
Full Match ｜ Poland vs. Slovakia ｜ CEV U22 Volleyball European Championship 2026 Women ｜ Pool C_set1,1,16.067,23.7,16.567,23.2
Full Match ｜ Poland vs. Slovakia ｜ CEV U22 Volleyball European Championship 2026 Women ｜ Pool C_set1,2,37.467,45.633,37.967,45.133
Full Match ｜ Poland vs. Slovakia ｜ CEV U22 Volleyball European Championship 2026 Women ｜ Pool C_set1,3,62.667,70.667,63.167,70.167
Full Match ｜ Poland vs. Slovakia ｜ CEV U22 Volleyball European Championship 2026 Women ｜ Pool C_set1,4,91.267,97.4,91.767,96.9
Full Match ｜ Poland vs. Slovakia ｜ CEV U22 Volleyball European Championship 2026 Women ｜ Pool C_set1,5,117.8,124.933,118.3,124.433
Full Match ｜ Poland vs. Slovakia ｜ CEV U22 Volleyball European Championship 2026 Women ｜ Pool C_set1,6,145.433,150.867,145.933,150.367
Full Match ｜ Poland vs. Slovakia ｜ CEV U22 Volleyball European Championship 2026 Women ｜ Pool C_set1,7,170.2,186.1,170.7,185.6
Full Match ｜ Poland vs. Slovakia ｜ CEV U22 Volleyball European Championship 2026 Women ｜ Pool C_set1,8,207.267,211.367,207.767,210.867
Full Match ｜ Poland vs. Slovakia ｜ CEV U22 Volleyball European Championship 2026 Women ｜ Pool C_set1,9,235.567,244.033,236.067,243.533
Full Match ｜ Poland vs. Slovakia ｜ CEV U22 Volleyball European Championship 2026 Women ｜ Pool C_set1,10,264.167,270.167,264.667,269.667
Full Match ｜ Poland vs. Slovakia ｜ CEV U22 Volleyball European Championship 2026 Women ｜ Pool C_set1,11,288.3,295.867,288.8,295.367
Full Match ｜ Poland vs. Slovakia ｜ CEV U22 Volleyball European Championship 2026 Women ｜ Pool C_set1,12,314.667,326.367,315.167,325.867
Full Match ｜ Poland vs. Slovakia ｜ CEV U22 Volleyball European Championship 2026 Women ｜ Pool C_set1,13,348.433,359.233,348.933,358.733
Full Match ｜ Poland vs. Slovakia ｜ CEV U22 Volleyball European Championship 2026 Women ｜ Pool C_set1,14,379.4,386.833,379.9,386.333
Full Match ｜ Poland vs. Slovakia ｜ CEV U22 Volleyball European Championship 2026 Women ｜ Pool C_set1,15,409.333,415.233,409.833,414.733
Full Match ｜ Poland vs. Slovakia ｜ CEV U22 Volleyball European Championship 2026 Women ｜ Pool C_set1,16,437.0,441.2,437.5,440.7
Full Match ｜ Poland vs. Slovakia ｜ CEV U22 Volleyball European Championship 2026 Women ｜ Pool C_set1,17,456.733,462.8,457.233,462.3
Full Match ｜ Poland vs. Slovakia ｜ CEV U22 Volleyball European Championship 2026 Women ｜ Pool C_set1,18,480.8,486.467,481.3,485.967
Full Match ｜ Poland vs. Slovakia ｜ CEV U22 Volleyball European Championship 2026 Women ｜ Pool C_set1,19,502.567,506.7,503.067,506.2
Full Match ｜ Poland vs. Slovakia ｜ CEV U22 Volleyball European Championship 2026 Women ｜ Pool C_set1,20,527.033,531.467,527.533,530.967
Full Match ｜ Poland vs. Slovakia ｜ CEV U22 Volleyball European Championship 2026 Women ｜ Pool C_set1,21,550.7,563.4,550.7,562.9
Full Match ｜ Poland vs. Slovakia ｜ CEV U22 Volleyball European Championship 2026 Women ｜ Pool C_set1,22,580.933,613.0,581.433,612.5
Full Match ｜ Poland vs. Slovakia ｜ CEV U22 Volleyball European Championship 2026 Women ｜ Pool C_set1,23,634.367,655.533,634.867,655.033
Full Match ｜ Poland vs. Slovakia ｜ CEV U22 Volleyball European Championship 2026 Women ｜ Pool C_set1,24,675.8,682.433,676.3,681.933
Full Match ｜ Poland vs. Slovakia ｜ CEV U22 Volleyball European Championship 2026 Women ｜ Pool C_set1,25,698.767,703.0,699.267,702.5
Full Match ｜ Poland vs. Slovakia ｜ CEV U22 Volleyball European Championship 2026 Women ｜ Pool C_set1,26,717.967,726.0,718.467,722.967
Full Match ｜ Poland vs. Slovakia ｜ CEV U22 Volleyball European Championship 2026 Women ｜ Pool C_set1,27,742.633,758.7,743.133,758.2
Full Match ｜ Poland vs. Slovakia ｜ CEV U22 Volleyball European Championship 2026 Women ｜ Pool C_set1,28,777.2,785.3,777.7,784.8
Full Match ｜ Poland vs. Slovakia ｜ CEV U22 Volleyball European Championship 2026 Women ｜ Pool C_set1,29,805.833,818.967,806.333,818.467
Full Match ｜ Poland vs. Slovakia ｜ CEV U22 Volleyball European Championship 2026 Women ｜ Pool C_set1,30,893.9,898.267,894.4,897.767
Full Match ｜ Poland vs. Slovakia ｜ CEV U22 Volleyball European Championship 2026 Women ｜ Pool C_set1,31,915.233,923.467,915.733,922.967
Full Match ｜ Poland vs. Slovakia ｜ CEV U22 Volleyball European Championship 2026 Women ｜ Pool C_set1,32,941.267,958.833,941.767,958.333
Full Match ｜ Poland vs. Slovakia ｜ CEV U22 Volleyball European Championship 2026 Women ｜ Pool C_set1,33,987.8,993.967,988.3,993.467
Full Match ｜ Poland vs. Slovakia ｜ CEV U22 Volleyball European Championship 2026 Women ｜ Pool C_set1,34,1012.033,1019.8,1012.533,1019.3
Full Match ｜ Poland vs. Slovakia ｜ CEV U22 Volleyball European Championship 2026 Women ｜ Pool C_set1,35,1037.467,1044.467,1037.967,1043.967
Full Match ｜ Poland vs. Slovakia ｜ CEV U22 Volleyball European Championship 2026 Women ｜ Pool C_set1,36,1061.867,1070.267,1062.367,1069.767
Full Match ｜ Poland vs. Slovakia ｜ CEV U22 Volleyball European Championship 2026 Women ｜ Pool C_set1,37,1088.0,1095.067,1088.5,1094.567
Full Match ｜ Poland vs. Slovakia ｜ CEV U22 Volleyball European Championship 2026 Women ｜ Pool C_set1,38,1161.667,1178.333,1162.167,1177.833
Full Match ｜ Poland vs. Slovakia ｜ CEV U22 Volleyball European Championship 2026 Women ｜ Pool C_set1,39,1214.233,1221.667,1214.733,1221.167
Full Match ｜ Poland vs. Slovakia ｜ CEV U22 Volleyball European Championship 2026 Women ｜ Pool C_set1,40,1248.6,1256.3,1249.1,1255.8
Full Match ｜ Poland vs. Slovakia ｜ CEV U22 Volleyball European Championship 2026 Women ｜ Pool C_set1,41,1277.4,1284.633,1277.9,1284.133
Full Match ｜ Poland vs. Slovakia ｜ CEV U22 Volleyball European Championship 2026 Women ｜ Pool C_set1,42,1352.4,1358.833,1352.9,1358.333
Full Match ｜ Poland vs. Slovakia ｜ CEV U22 Volleyball European Championship 2026 Women ｜ Pool C_set1,43,1379.033,1387.133,1379.533,1386.633
Full Match ｜ Poland vs. Slovakia ｜ CEV U22 Volleyball European Championship 2026 Women ｜ Pool C_set1,44,1414.067,1421.5,1414.567,1421.0
Full Match ｜ Poland vs. Slovakia ｜ CEV U22 Volleyball European Championship 2026 Women ｜ Pool C_set1,45,1438.4,1451.6,1438.9,1451.1
Full Match ｜ Poland vs. Slovakia ｜ CEV U22 Volleyball European Championship 2026 Women ｜ Pool C_set1,46,1489.167,1496.733,1489.667,1496.233
Full Match ｜ Poland vs. Slovakia ｜ CEV U22 Volleyball European Championship 2026 Women ｜ Pool C_set1,47,1567.867,1572.067,1568.367,1571.567
Full Match ｜ Poland vs. Slovakia ｜ CEV U22 Volleyball European Championship 2026 Women ｜ Pool C_set1,48,1593.367,1605.2,1593.867,1604.7
Full Match ｜ Serbia vs. Bulgaria ｜ CEV U22 Volleyball European Championship 2026 Women ｜ Pool E_set1,1,20.167,27.767,20.667,27.267
Full Match ｜ Serbia vs. Bulgaria ｜ CEV U22 Volleyball European Championship 2026 Women ｜ Pool E_set1,2,43.8,49.467,44.3,48.967
Full Match ｜ Serbia vs. Bulgaria ｜ CEV U22 Volleyball European Championship 2026 Women ｜ Pool E_set1,3,63.833,84.433,64.333,83.933
Full Match ｜ Serbia vs. Bulgaria ｜ CEV U22 Volleyball European Championship 2026 Women ｜ Pool E_set1,4,99.6,108.6,100.1,108.1
Full Match ｜ Serbia vs. Bulgaria ｜ CEV U22 Volleyball European Championship 2026 Women ｜ Pool E_set1,5,126.7,131.133,127.2,130.633
Full Match ｜ Serbia vs. Bulgaria ｜ CEV U22 Volleyball European Championship 2026 Women ｜ Pool E_set1,6,147.167,151.533,147.667,151.033
Full Match ｜ Serbia vs. Bulgaria ｜ CEV U22 Volleyball European Championship 2026 Women ｜ Pool E_set1,7,169.633,174.7,170.133,174.2
Full Match ｜ Serbia vs. Bulgaria ｜ CEV U22 Volleyball European Championship 2026 Women ｜ Pool E_set1,8,192.6,196.2,193.1,195.7
Full Match ｜ Serbia vs. Bulgaria ｜ CEV U22 Volleyball European Championship 2026 Women ｜ Pool E_set1,9,211.4,216.1,211.9,215.6
Full Match ｜ Serbia vs. Bulgaria ｜ CEV U22 Volleyball European Championship 2026 Women ｜ Pool E_set1,11,259.133,289.2,259.633,288.7
Full Match ｜ Serbia vs. Bulgaria ｜ CEV U22 Volleyball European Championship 2026 Women ｜ Pool E_set1,12,305.767,318.533,306.267,318.033
Full Match ｜ Serbia vs. Bulgaria ｜ CEV U22 Volleyball European Championship 2026 Women ｜ Pool E_set1,13,337.6,344.833,338.1,344.333
Full Match ｜ Serbia vs. Bulgaria ｜ CEV U22 Volleyball European Championship 2026 Women ｜ Pool E_set1,14,359.367,363.433,359.867,362.933
Full Match ｜ Serbia vs. Bulgaria ｜ CEV U22 Volleyball European Championship 2026 Women ｜ Pool E_set1,15,378.333,385.933,378.833,385.433
Full Match ｜ Serbia vs. Bulgaria ｜ CEV U22 Volleyball European Championship 2026 Women ｜ Pool E_set1,16,404.367,410.467,404.867,409.967
Full Match ｜ Serbia vs. Bulgaria ｜ CEV U22 Volleyball European Championship 2026 Women ｜ Pool E_set1,17,430.267,437.9,430.767,437.4
Full Match ｜ Serbia vs. Bulgaria ｜ CEV U22 Volleyball European Championship 2026 Women ｜ Pool E_set1,18,452.767,458.033,453.267,457.533
Full Match ｜ Serbia vs. Bulgaria ｜ CEV U22 Volleyball European Championship 2026 Women ｜ Pool E_set1,19,472.167,476.333,472.667,475.833
Full Match ｜ Serbia vs. Bulgaria ｜ CEV U22 Volleyball European Championship 2026 Women ｜ Pool E_set1,20,490.867,500.0,491.367,499.367
Full Match ｜ Serbia vs. Bulgaria ｜ CEV U22 Volleyball European Championship 2026 Women ｜ Pool E_set1,21,513.4,519.4,513.9,518.9
Full Match ｜ Serbia vs. Bulgaria ｜ CEV U22 Volleyball European Championship 2026 Women ｜ Pool E_set1,22,532.967,561.367,533.467,560.867
Full Match ｜ Serbia vs. Bulgaria ｜ CEV U22 Volleyball European Championship 2026 Women ｜ Pool E_set1,23,578.0,582.033,578.5,581.533
Full Match ｜ Serbia vs. Bulgaria ｜ CEV U22 Volleyball European Championship 2026 Women ｜ Pool E_set1,24,596.133,607.6,596.633,607.1
Full Match ｜ Serbia vs. Bulgaria ｜ CEV U22 Volleyball European Championship 2026 Women ｜ Pool E_set1,25,629.967,637.2,630.467,636.7
Full Match ｜ Serbia vs. Bulgaria ｜ CEV U22 Volleyball European Championship 2026 Women ｜ Pool E_set1,26,705.867,726.433,706.367,725.933
Full Match ｜ Serbia vs. Bulgaria ｜ CEV U22 Volleyball European Championship 2026 Women ｜ Pool E_set1,27,744.667,750.1,745.167,749.6
Full Match ｜ Serbia vs. Bulgaria ｜ CEV U22 Volleyball European Championship 2026 Women ｜ Pool E_set1,28,766.4,770.5,766.9,770.0
Full Match ｜ Serbia vs. Bulgaria ｜ CEV U22 Volleyball European Championship 2026 Women ｜ Pool E_set1,29,787.6,795.067,788.1,794.567
Full Match ｜ Serbia vs. Bulgaria ｜ CEV U22 Volleyball European Championship 2026 Women ｜ Pool E_set1,30,814.6,821.8,815.1,821.3
Full Match ｜ Serbia vs. Bulgaria ｜ CEV U22 Volleyball European Championship 2026 Women ｜ Pool E_set1,31,837.667,841.633,838.167,841.133
Full Match ｜ Serbia vs. Bulgaria ｜ CEV U22 Volleyball European Championship 2026 Women ｜ Pool E_set1,32,857.867,870.1,858.367,869.6
Full Match ｜ Serbia vs. Bulgaria ｜ CEV U22 Volleyball European Championship 2026 Women ｜ Pool E_set1,33,890.2,897.6,890.7,897.1
Full Match ｜ Serbia vs. Bulgaria ｜ CEV U22 Volleyball European Championship 2026 Women ｜ Pool E_set1,34,910.733,922.967,911.233,922.467
Full Match ｜ Serbia vs. Bulgaria ｜ CEV U22 Volleyball European Championship 2026 Women ｜ Pool E_set1,35,991.967,999.433,992.467,998.933
Full Match ｜ Serbia vs. Bulgaria ｜ CEV U22 Volleyball European Championship 2026 Women ｜ Pool E_set1,36,1015.2,1023.3,1015.7,1022.8
Full Match ｜ Serbia vs. Bulgaria ｜ CEV U22 Volleyball European Championship 2026 Women ｜ Pool E_set1,37,1042.367,1050.233,1042.867,1049.733
Full Match ｜ Serbia vs. Bulgaria ｜ CEV U22 Volleyball European Championship 2026 Women ｜ Pool E_set1,38,1069.333,1078.133,1069.833,1077.633
Full Match ｜ Serbia vs. Bulgaria ｜ CEV U22 Volleyball European Championship 2026 Women ｜ Pool E_set1,39,1108.267,1115.733,1108.767,1115.233
Full Match ｜ Serbia vs. Bulgaria ｜ CEV U22 Volleyball European Championship 2026 Women ｜ Pool E_set1,40,1135.8,1141.333,1136.3,1140.833
Full Match ｜ Serbia vs. Bulgaria ｜ CEV U22 Volleyball European Championship 2026 Women ｜ Pool E_set1,41,1154.633,1160.633,1155.133,1160.133
Full Match ｜ Serbia vs. Bulgaria ｜ CEV U22 Volleyball European Championship 2026 Women ｜ Pool E_set1,42,1184.667,1189.767,1185.167,1189.267
Full Match ｜ Serbia vs. Bulgaria ｜ CEV U22 Volleyball European Championship 2026 Women ｜ Pool E_set1,43,1252.833,1265.433,1253.333,1264.933
Full Match ｜ Serbia vs. Bulgaria ｜ CEV U22 Volleyball European Championship 2026 Women ｜ Pool E_set1,44,1283.9,1301.7,1284.4,1301.2
Full Match ｜ Serbia vs. Bulgaria ｜ CEV U22 Volleyball European Championship 2026 Women ｜ Pool E_set1,45,1327.467,1337.333,1327.967,1336.833
Full Match ｜ Serbia vs. Bulgaria ｜ CEV U22 Volleyball European Championship 2026 Women ｜ Pool E_set1,46,1363.167,1372.1,1363.667,1371.6
Full Match ｜ Serbia vs. Bulgaria ｜ CEV U22 Volleyball European Championship 2026 Women ｜ Pool E_set1,47,1443.833,1454.4,1444.333,1453.9
Full Match ｜ Serbia vs. Luxembourg ｜ CEV U22 Volleyball European Championship 2026 Women ｜ Pool E_set1,1,8.267,12.833,8.767,12.333
Full Match ｜ Serbia vs. Luxembourg ｜ CEV U22 Volleyball European Championship 2026 Women ｜ Pool E_set1,2,27.9,47.0,28.4,46.5
Full Match ｜ Serbia vs. Luxembourg ｜ CEV U22 Volleyball European Championship 2026 Women ｜ Pool E_set1,3,62.067,93.4,62.567,92.9
Full Match ｜ Serbia vs. Luxembourg ｜ CEV U22 Volleyball European Championship 2026 Women ｜ Pool E_set1,4,109.9,149.6,110.4,149.1
Full Match ｜ Serbia vs. Luxembourg ｜ CEV U22 Volleyball European Championship 2026 Women ｜ Pool E_set1,5,166.933,177.5,167.433,177.0
Full Match ｜ Serbia vs. Luxembourg ｜ CEV U22 Volleyball European Championship 2026 Women ｜ Pool E_set1,6,233.533,243.833,234.033,243.333
Full Match ｜ Serbia vs. Luxembourg ｜ CEV U22 Volleyball European Championship 2026 Women ｜ Pool E_set1,7,259.267,267.633,259.767,267.133
Full Match ｜ Serbia vs. Luxembourg ｜ CEV U22 Volleyball European Championship 2026 Women ｜ Pool E_set1,8,281.867,305.233,282.367,304.733
Full Match ｜ Serbia vs. Luxembourg ｜ CEV U22 Volleyball European Championship 2026 Women ｜ Pool E_set1,9,320.367,332.8,320.867,332.3
Full Match ｜ Serbia vs. Luxembourg ｜ CEV U22 Volleyball European Championship 2026 Women ｜ Pool E_set1,10,348.9,361.267,349.4,360.767
Full Match ｜ Serbia vs. Luxembourg ｜ CEV U22 Volleyball European Championship 2026 Women ｜ Pool E_set1,11,380.267,390.833,380.767,390.333
Full Match ｜ Serbia vs. Luxembourg ｜ CEV U22 Volleyball European Championship 2026 Women ｜ Pool E_set1,12,408.933,416.667,409.433,416.167
Full Match ｜ Serbia vs. Luxembourg ｜ CEV U22 Volleyball European Championship 2026 Women ｜ Pool E_set1,13,436.367,448.933,436.867,448.433
Full Match ｜ Serbia vs. Luxembourg ｜ CEV U22 Volleyball European Championship 2026 Women ｜ Pool E_set1,14,467.367,471.7,467.867,471.2
Full Match ｜ Serbia vs. Luxembourg ｜ CEV U22 Volleyball European Championship 2026 Women ｜ Pool E_set1,15,488.2,495.067,488.7,494.567
Full Match ｜ Serbia vs. Luxembourg ｜ CEV U22 Volleyball European Championship 2026 Women ｜ Pool E_set1,16,509.633,513.9,510.133,513.4
Full Match ｜ Serbia vs. Luxembourg ｜ CEV U22 Volleyball European Championship 2026 Women ｜ Pool E_set1,17,530.333,552.9,530.833,552.4
Full Match ｜ Serbia vs. Luxembourg ｜ CEV U22 Volleyball European Championship 2026 Women ｜ Pool E_set1,18,572.267,584.733,572.767,584.233
Full Match ｜ Serbia vs. Luxembourg ｜ CEV U22 Volleyball European Championship 2026 Women ｜ Pool E_set1,19,648.9,660.633,649.4,660.133
Full Match ｜ Serbia vs. Luxembourg ｜ CEV U22 Volleyball European Championship 2026 Women ｜ Pool E_set1,20,675.267,683.233,675.767,682.733
Full Match ｜ Serbia vs. Luxembourg ｜ CEV U22 Volleyball European Championship 2026 Women ｜ Pool E_set1,21,699.3,706.2,699.8,705.7
Full Match ｜ Serbia vs. Luxembourg ｜ CEV U22 Volleyball European Championship 2026 Women ｜ Pool E_set1,22,727.267,733.433,727.767,732.933
Full Match ｜ Serbia vs. Luxembourg ｜ CEV U22 Volleyball European Championship 2026 Women ｜ Pool E_set1,23,750.933,767.033,751.433,766.533
Full Match ｜ Serbia vs. Luxembourg ｜ CEV U22 Volleyball European Championship 2026 Women ｜ Pool E_set1,24,786.333,795.533,786.833,795.033
Full Match ｜ Serbia vs. Luxembourg ｜ CEV U22 Volleyball European Championship 2026 Women ｜ Pool E_set1,25,815.133,822.8,815.633,822.3
Full Match ｜ Serbia vs. Luxembourg ｜ CEV U22 Volleyball European Championship 2026 Women ｜ Pool E_set1,26,839.867,847.967,840.367,847.467
Full Match ｜ Serbia vs. Luxembourg ｜ CEV U22 Volleyball European Championship 2026 Women ｜ Pool E_set1,27,865.2,874.433,865.7,873.933
Full Match ｜ Serbia vs. Luxembourg ｜ CEV U22 Volleyball European Championship 2026 Women ｜ Pool E_set1,28,893.933,898.467,894.433,897.967
Full Match ｜ Serbia vs. Luxembourg ｜ CEV U22 Volleyball European Championship 2026 Women ｜ Pool E_set1,29,922.067,939.833,922.567,939.333
Full Match ｜ Serbia vs. Luxembourg ｜ CEV U22 Volleyball European Championship 2026 Women ｜ Pool E_set1,30,954.833,959.9,955.333,959.4
Full Match ｜ Serbia vs. Luxembourg ｜ CEV U22 Volleyball European Championship 2026 Women ｜ Pool E_set1,31,973.133,985.833,973.633,985.333
Full Match ｜ Serbia vs. Luxembourg ｜ CEV U22 Volleyball European Championship 2026 Women ｜ Pool E_set1,32,1000.467,1004.733,1000.967,1004.233
Full Match ｜ Serbia vs. Luxembourg ｜ CEV U22 Volleyball European Championship 2026 Women ｜ Pool E_set1,33,1017.9,1028.3,1018.4,1027.8
Full Match ｜ Serbia vs. Luxembourg ｜ CEV U22 Volleyball European Championship 2026 Women ｜ Pool E_set1,34,1045.467,1054.0,1045.967,1052.233
Full Match ｜ Serbia vs. Luxembourg ｜ CEV U22 Volleyball European Championship 2026 Women ｜ Pool E_set1,35,1069.433,1081.9,1069.933,1081.4
Full Match ｜ Serbia vs. Luxembourg ｜ CEV U22 Volleyball European Championship 2026 Women ｜ Pool E_set1,36,1097.3,1101.133,1097.8,1100.633
Full Match ｜ Slovakia vs. England ｜ CEV U22 Volleyball European Championship 2026 Women ｜ Pool C_set1,1,18.233,27.7,18.733,27.2
Full Match ｜ Slovakia vs. England ｜ CEV U22 Volleyball European Championship 2026 Women ｜ Pool C_set1,2,49.367,57.767,49.867,57.267
Full Match ｜ Slovakia vs. England ｜ CEV U22 Volleyball European Championship 2026 Women ｜ Pool C_set1,3,83.4,87.767,83.9,87.267
Full Match ｜ Slovakia vs. England ｜ CEV U22 Volleyball European Championship 2026 Women ｜ Pool C_set1,4,107.867,121.233,108.367,120.733
Full Match ｜ Slovakia vs. England ｜ CEV U22 Volleyball European Championship 2026 Women ｜ Pool C_set1,5,141.033,144.967,141.533,144.467
Full Match ｜ Slovakia vs. England ｜ CEV U22 Volleyball European Championship 2026 Women ｜ Pool C_set1,6,160.233,172.433,160.733,171.933
Full Match ｜ Slovakia vs. England ｜ CEV U22 Volleyball European Championship 2026 Women ｜ Pool C_set1,7,188.8,197.067,189.3,196.567
Full Match ｜ Slovakia vs. England ｜ CEV U22 Volleyball European Championship 2026 Women ｜ Pool C_set1,8,217.967,236.433,218.467,235.933
Full Match ｜ Slovakia vs. England ｜ CEV U22 Volleyball European Championship 2026 Women ｜ Pool C_set1,9,255.433,260.767,255.933,260.267
Full Match ｜ Slovakia vs. England ｜ CEV U22 Volleyball European Championship 2026 Women ｜ Pool C_set1,10,280.233,284.4,280.733,283.9
Full Match ｜ Slovakia vs. England ｜ CEV U22 Volleyball European Championship 2026 Women ｜ Pool C_set1,11,303.633,310.567,304.133,310.067
Full Match ｜ Slovakia vs. England ｜ CEV U22 Volleyball European Championship 2026 Women ｜ Pool C_set1,12,325.933,330.5,326.433,330.0
Full Match ｜ Slovakia vs. England ｜ CEV U22 Volleyball European Championship 2026 Women ｜ Pool C_set1,13,351.1,370.6,351.6,370.1
Full Match ｜ Slovakia vs. England ｜ CEV U22 Volleyball European Championship 2026 Women ｜ Pool C_set1,14,389.467,397.4,389.967,396.9
Full Match ｜ Slovakia vs. England ｜ CEV U22 Volleyball European Championship 2026 Women ｜ Pool C_set1,15,418.967,431.367,419.467,430.867
Full Match ｜ Slovakia vs. England ｜ CEV U22 Volleyball European Championship 2026 Women ｜ Pool C_set1,16,456.6,461.067,457.1,460.567
Full Match ｜ Slovakia vs. England ｜ CEV U22 Volleyball European Championship 2026 Women ｜ Pool C_set1,17,484.0,491.433,484.5,490.933
Full Match ｜ Slovakia vs. England ｜ CEV U22 Volleyball European Championship 2026 Women ｜ Pool C_set1,18,561.4,565.533,561.9,565.033
Full Match ｜ Slovakia vs. England ｜ CEV U22 Volleyball European Championship 2026 Women ｜ Pool C_set1,19,587.1,591.7,587.6,591.2
Full Match ｜ Slovakia vs. England ｜ CEV U22 Volleyball European Championship 2026 Women ｜ Pool C_set1,20,612.2,616.567,612.7,616.067
Full Match ｜ Slovakia vs. England ｜ CEV U22 Volleyball European Championship 2026 Women ｜ Pool C_set1,21,634.167,643.633,634.667,643.133
Full Match ｜ Slovakia vs. England ｜ CEV U22 Volleyball European Championship 2026 Women ｜ Pool C_set1,22,661.167,665.533,661.667,665.033
Full Match ｜ Slovakia vs. England ｜ CEV U22 Volleyball European Championship 2026 Women ｜ Pool C_set1,23,684.133,688.5,684.633,688.0
Full Match ｜ Slovakia vs. England ｜ CEV U22 Volleyball European Championship 2026 Women ｜ Pool C_set1,24,707.033,711.333,707.533,710.833
Full Match ｜ Slovakia vs. England ｜ CEV U22 Volleyball European Championship 2026 Women ｜ Pool C_set1,25,728.267,732.167,728.767,731.667
Full Match ｜ Slovakia vs. England ｜ CEV U22 Volleyball European Championship 2026 Women ｜ Pool C_set1,26,749.233,757.367,749.733,756.867
Full Match ｜ Slovakia vs. England ｜ CEV U22 Volleyball European Championship 2026 Women ｜ Pool C_set1,27,781.833,786.633,782.333,786.133
Full Match ｜ Slovakia vs. England ｜ CEV U22 Volleyball European Championship 2026 Women ｜ Pool C_set1,28,804.567,808.767,805.067,808.267
Full Match ｜ Slovakia vs. England ｜ CEV U22 Volleyball European Championship 2026 Women ｜ Pool C_set1,29,827.967,834.0,828.467,833.5
Full Match ｜ Slovakia vs. England ｜ CEV U22 Volleyball European Championship 2026 Women ｜ Pool C_set1,30,854.233,868.133,854.733,867.633
Full Match ｜ Slovakia vs. England ｜ CEV U22 Volleyball European Championship 2026 Women ｜ Pool C_set1,31,944.167,956.0,944.667,953.867
Full Match ｜ Slovakia vs. England ｜ CEV U22 Volleyball European Championship 2026 Women ｜ Pool C_set1,32,979.1,991.833,979.6,991.333
Full Match ｜ Slovakia vs. England ｜ CEV U22 Volleyball European Championship 2026 Women ｜ Pool C_set1,33,1014.033,1018.367,1014.533,1017.867
Full Match ｜ Slovakia vs. England ｜ CEV U22 Volleyball European Championship 2026 Women ｜ Pool C_set1,34,1066.167,1079.167,1066.667,1078.667
Full Match ｜ Slovakia vs. England ｜ CEV U22 Volleyball European Championship 2026 Women ｜ Pool C_set1,35,1103.2,1117.367,1103.7,1116.867
Full Match ｜ Slovakia vs. England ｜ CEV U22 Volleyball European Championship 2026 Women ｜ Pool C_set1,36,1161.6,1166.0,1162.1,1165.5
Full Match ｜ Slovakia vs. England ｜ CEV U22 Volleyball European Championship 2026 Women ｜ Pool C_set1,37,1222.567,1226.767,1223.067,1226.267
Full Match ｜ Slovakia vs. England ｜ CEV U22 Volleyball European Championship 2026 Women ｜ Pool C_set1,38,1242.667,1256.4,1243.167,1255.9
Full Match ｜ Slovakia vs. England ｜ CEV U22 Volleyball European Championship 2026 Women ｜ Pool C_set1,39,1275.233,1287.2,1275.733,1286.7
Full Match ｜ Slovakia vs. England ｜ CEV U22 Volleyball European Championship 2026 Women ｜ Pool C_set1,40,1317.833,1326.133,1318.333,1325.633
Full Match ｜ Slovakia vs. England ｜ CEV U22 Volleyball European Championship 2026 Women ｜ Pool C_set1,41,1393.133,1400.7,1393.633,1400.2
Full Match ｜ Slovakia vs. England ｜ CEV U22 Volleyball European Championship 2026 Women ｜ Pool C_set1,42,1423.133,1442.767,1423.633,1442.267
Full Match ｜ Slovakia vs. England ｜ CEV U22 Volleyball European Championship 2026 Women ｜ Pool C_set1,43,1474.767,1483.5,1475.267,1483.0
Full Match ｜ Spain vs The Netherlands ｜ CEV U22 Volleyball European Championship 2026 Men ｜ Pool C_set1,1,17.2,24.0,17.7,23.5
Full Match ｜ Spain vs The Netherlands ｜ CEV U22 Volleyball European Championship 2026 Men ｜ Pool C_set1,2,40.167,48.867,40.667,48.367
Full Match ｜ Spain vs The Netherlands ｜ CEV U22 Volleyball European Championship 2026 Men ｜ Pool C_set1,3,64.167,71.567,64.667,71.067
Full Match ｜ Spain vs The Netherlands ｜ CEV U22 Volleyball European Championship 2026 Men ｜ Pool C_set1,4,92.4,108.1,92.9,107.6
Full Match ｜ Spain vs The Netherlands ｜ CEV U22 Volleyball European Championship 2026 Men ｜ Pool C_set1,5,130.067,142.533,130.567,142.033
Full Match ｜ Spain vs The Netherlands ｜ CEV U22 Volleyball European Championship 2026 Men ｜ Pool C_set1,6,161.233,180.933,161.733,180.433
Full Match ｜ Spain vs The Netherlands ｜ CEV U22 Volleyball European Championship 2026 Men ｜ Pool C_set1,7,202.367,208.8,202.867,208.3
Full Match ｜ Spain vs The Netherlands ｜ CEV U22 Volleyball European Championship 2026 Men ｜ Pool C_set1,8,229.767,241.033,230.267,240.533
Full Match ｜ Spain vs The Netherlands ｜ CEV U22 Volleyball European Championship 2026 Men ｜ Pool C_set1,9,259.4,279.5,259.9,279.033
Full Match ｜ Spain vs The Netherlands ｜ CEV U22 Volleyball European Championship 2026 Men ｜ Pool C_set1,10,294.2,300.9,294.7,300.4
Full Match ｜ Spain vs The Netherlands ｜ CEV U22 Volleyball European Championship 2026 Men ｜ Pool C_set1,11,318.733,354.4,319.233,353.9
Full Match ｜ Spain vs The Netherlands ｜ CEV U22 Volleyball European Championship 2026 Men ｜ Pool C_set1,12,383.8,395.767,384.3,395.267
Full Match ｜ Spain vs The Netherlands ｜ CEV U22 Volleyball European Championship 2026 Men ｜ Pool C_set1,13,466.433,480.0,466.933,478.4
Full Match ｜ Spain vs The Netherlands ｜ CEV U22 Volleyball European Championship 2026 Men ｜ Pool C_set1,14,498.167,504.433,498.667,503.933
Full Match ｜ Spain vs The Netherlands ｜ CEV U22 Volleyball European Championship 2026 Men ｜ Pool C_set1,15,524.2,547.533,524.7,547.033
Full Match ｜ Spain vs The Netherlands ｜ CEV U22 Volleyball European Championship 2026 Men ｜ Pool C_set1,16,567.8,575.1,568.3,574.6
Full Match ｜ Spain vs The Netherlands ｜ CEV U22 Volleyball European Championship 2026 Men ｜ Pool C_set1,17,594.9,626.367,595.4,625.867
Full Match ｜ Spain vs The Netherlands ｜ CEV U22 Volleyball European Championship 2026 Men ｜ Pool C_set1,18,649.533,661.5,650.033,661.0
Full Match ｜ Spain vs The Netherlands ｜ CEV U22 Volleyball European Championship 2026 Men ｜ Pool C_set1,19,680.667,684.633,681.167,684.133
Full Match ｜ Spain vs The Netherlands ｜ CEV U22 Volleyball European Championship 2026 Men ｜ Pool C_set1,20,704.1,711.667,704.6,711.167
Full Match ｜ Spain vs The Netherlands ｜ CEV U22 Volleyball European Championship 2026 Men ｜ Pool C_set1,21,731.567,749.733,732.067,749.233
Full Match ｜ Spain vs The Netherlands ｜ CEV U22 Volleyball European Championship 2026 Men ｜ Pool C_set1,22,769.0,781.133,769.5,780.633
Full Match ｜ Spain vs The Netherlands ｜ CEV U22 Volleyball European Championship 2026 Men ｜ Pool C_set1,23,799.233,806.3,799.733,805.8
Full Match ｜ Spain vs The Netherlands ｜ CEV U22 Volleyball European Championship 2026 Men ｜ Pool C_set1,24,826.1,829.967,826.6,829.467
Full Match ｜ Spain vs The Netherlands ｜ CEV U22 Volleyball European Championship 2026 Men ｜ Pool C_set1,25,849.767,854.0,850.267,853.467
Full Match ｜ Spain vs The Netherlands ｜ CEV U22 Volleyball European Championship 2026 Men ｜ Pool C_set1,26,874.033,877.767,874.533,877.267
Full Match ｜ Spain vs The Netherlands ｜ CEV U22 Volleyball European Championship 2026 Men ｜ Pool C_set1,27,891.7,896.1,892.2,895.6
Full Match ｜ Spain vs The Netherlands ｜ CEV U22 Volleyball European Championship 2026 Men ｜ Pool C_set1,28,910.3,917.633,910.8,917.133
Full Match ｜ Spain vs The Netherlands ｜ CEV U22 Volleyball European Championship 2026 Men ｜ Pool C_set1,29,937.2,946.8,937.7,946.3
Full Match ｜ Spain vs The Netherlands ｜ CEV U22 Volleyball European Championship 2026 Men ｜ Pool C_set1,30,1020.767,1035.533,1021.267,1035.033
Full Match ｜ Spain vs The Netherlands ｜ CEV U22 Volleyball European Championship 2026 Men ｜ Pool C_set1,31,1056.867,1064.267,1057.367,1063.767
Full Match ｜ Spain vs The Netherlands ｜ CEV U22 Volleyball European Championship 2026 Men ｜ Pool C_set1,32,1080.7,1088.2,1081.2,1087.7
Full Match ｜ Spain vs The Netherlands ｜ CEV U22 Volleyball European Championship 2026 Men ｜ Pool C_set1,33,1106.633,1113.7,1107.133,1113.2
Full Match ｜ Spain vs The Netherlands ｜ CEV U22 Volleyball European Championship 2026 Men ｜ Pool C_set1,34,1133.667,1137.567,1134.167,1137.067
Full Match ｜ Spain vs The Netherlands ｜ CEV U22 Volleyball European Championship 2026 Men ｜ Pool C_set1,35,1152.067,1159.133,1152.567,1158.633
Full Match ｜ Spain vs The Netherlands ｜ CEV U22 Volleyball European Championship 2026 Men ｜ Pool C_set1,36,1195.933,1211.633,1196.433,1211.133
Full Match ｜ Spain vs The Netherlands ｜ CEV U22 Volleyball European Championship 2026 Men ｜ Pool C_set1,37,1230.6,1242.667,1231.1,1242.167
Full Match ｜ Spain vs The Netherlands ｜ CEV U22 Volleyball European Championship 2026 Men ｜ Pool C_set1,38,1271.7,1277.7,1272.2,1277.2
Full Match ｜ Spain vs The Netherlands ｜ CEV U22 Volleyball European Championship 2026 Men ｜ Pool C_set1,39,1297.5,1308.067,1298.0,1307.567
Full Match ｜ Spain vs The Netherlands ｜ CEV U22 Volleyball European Championship 2026 Men ｜ Pool C_set1,40,1369.933,1378.867,1370.433,1378.367
Full Match ｜ Türkiye vs. Spain ｜ CEV U22 Volleyball European Championship 2026 Women ｜ Pool D_set1,1,20.467,32.667,20.967,32.167
Full Match ｜ Türkiye vs. Spain ｜ CEV U22 Volleyball European Championship 2026 Women ｜ Pool D_set1,2,49.333,64.967,49.833,64.467
Full Match ｜ Türkiye vs. Spain ｜ CEV U22 Volleyball European Championship 2026 Women ｜ Pool D_set1,3,94.667,106.6,95.167,106.1
Full Match ｜ Türkiye vs. Spain ｜ CEV U22 Volleyball European Championship 2026 Women ｜ Pool D_set1,4,123.5,128.4,124.0,127.9
Full Match ｜ Türkiye vs. Spain ｜ CEV U22 Volleyball European Championship 2026 Women ｜ Pool D_set1,5,144.7,152.067,145.2,151.567
Full Match ｜ Türkiye vs. Spain ｜ CEV U22 Volleyball European Championship 2026 Women ｜ Pool D_set1,6,173.3,186.533,173.8,186.033
Full Match ｜ Türkiye vs. Spain ｜ CEV U22 Volleyball European Championship 2026 Women ｜ Pool D_set1,7,205.967,215.3,206.467,214.8
Full Match ｜ Türkiye vs. Spain ｜ CEV U22 Volleyball European Championship 2026 Women ｜ Pool D_set1,8,232.333,236.533,232.833,236.033
Full Match ｜ Türkiye vs. Spain ｜ CEV U22 Volleyball European Championship 2026 Women ｜ Pool D_set1,9,255.6,263.9,256.1,263.4
Full Match ｜ Türkiye vs. Spain ｜ CEV U22 Volleyball European Championship 2026 Women ｜ Pool D_set1,10,280.867,287.733,281.367,287.233
Full Match ｜ Türkiye vs. Spain ｜ CEV U22 Volleyball European Championship 2026 Women ｜ Pool D_set1,11,301.7,309.167,302.2,308.667
Full Match ｜ Türkiye vs. Spain ｜ CEV U22 Volleyball European Championship 2026 Women ｜ Pool D_set1,12,350.8,358.333,351.3,357.833
Full Match ｜ Türkiye vs. Spain ｜ CEV U22 Volleyball European Championship 2026 Women ｜ Pool D_set1,13,373.867,393.267,374.367,392.767
Full Match ｜ Türkiye vs. Spain ｜ CEV U22 Volleyball European Championship 2026 Women ｜ Pool D_set1,14,409.233,416.133,409.733,415.633
Full Match ｜ Türkiye vs. Spain ｜ CEV U22 Volleyball European Championship 2026 Women ｜ Pool D_set1,15,430.067,437.133,430.567,436.633
Full Match ｜ Türkiye vs. Spain ｜ CEV U22 Volleyball European Championship 2026 Women ｜ Pool D_set1,16,456.933,464.0,457.433,463.5
Full Match ｜ Türkiye vs. Spain ｜ CEV U22 Volleyball European Championship 2026 Women ｜ Pool D_set1,17,478.767,483.1,479.267,482.6
Full Match ｜ Türkiye vs. Spain ｜ CEV U22 Volleyball European Championship 2026 Women ｜ Pool D_set1,18,495.167,506.667,495.667,506.167
Full Match ｜ Türkiye vs. Spain ｜ CEV U22 Volleyball European Championship 2026 Women ｜ Pool D_set1,19,521.2,528.867,521.7,528.367
Full Match ｜ Türkiye vs. Spain ｜ CEV U22 Volleyball European Championship 2026 Women ｜ Pool D_set1,20,542.9,550.533,543.4,550.033
Full Match ｜ Türkiye vs. Spain ｜ CEV U22 Volleyball European Championship 2026 Women ｜ Pool D_set1,21,565.567,581.633,566.067,581.133
Full Match ｜ Türkiye vs. Spain ｜ CEV U22 Volleyball European Championship 2026 Women ｜ Pool D_set1,22,647.367,656.733,647.867,656.233
Full Match ｜ Türkiye vs. Spain ｜ CEV U22 Volleyball European Championship 2026 Women ｜ Pool D_set1,23,674.133,693.5,674.633,693.0
Full Match ｜ Türkiye vs. Spain ｜ CEV U22 Volleyball European Championship 2026 Women ｜ Pool D_set1,24,711.033,715.867,711.533,715.367
Full Match ｜ Türkiye vs. Spain ｜ CEV U22 Volleyball European Championship 2026 Women ｜ Pool D_set1,25,731.5,736.1,732.0,735.6
Full Match ｜ Türkiye vs. Spain ｜ CEV U22 Volleyball European Championship 2026 Women ｜ Pool D_set1,26,750.933,759.933,751.433,759.433
Full Match ｜ Türkiye vs. Spain ｜ CEV U22 Volleyball European Championship 2026 Women ｜ Pool D_set1,27,823.6,831.467,824.1,830.967
Full Match ｜ Türkiye vs. Spain ｜ CEV U22 Volleyball European Championship 2026 Women ｜ Pool D_set1,28,848.933,872.4,849.433,871.9
Full Match ｜ Türkiye vs. Spain ｜ CEV U22 Volleyball European Championship 2026 Women ｜ Pool D_set1,29,891.767,930.067,892.267,929.567
Full Match ｜ Türkiye vs. Spain ｜ CEV U22 Volleyball European Championship 2026 Women ｜ Pool D_set1,30,952.667,960.133,953.167,959.633
Full Match ｜ Türkiye vs. Spain ｜ CEV U22 Volleyball European Championship 2026 Women ｜ Pool D_set1,31,978.133,985.967,978.633,985.467
Full Match ｜ Türkiye vs. Spain ｜ CEV U22 Volleyball European Championship 2026 Women ｜ Pool D_set1,32,1004.867,1016.167,1005.367,1015.667
Full Match ｜ Türkiye vs. Spain ｜ CEV U22 Volleyball European Championship 2026 Women ｜ Pool D_set1,33,1031.333,1035.433,1031.833,1034.933
Full Match ｜ Türkiye vs. Spain ｜ CEV U22 Volleyball European Championship 2026 Women ｜ Pool D_set1,34,1070.9,1079.1,1071.4,1078.6
Full Match ｜ Türkiye vs. Spain ｜ CEV U22 Volleyball European Championship 2026 Women ｜ Pool D_set1,35,1097.533,1104.133,1098.033,1103.633
Full Match ｜ Türkiye vs. Spain ｜ CEV U22 Volleyball European Championship 2026 Women ｜ Pool D_set1,36,1119.767,1124.067,1120.267,1123.567
Full Match ｜ Türkiye vs. Spain ｜ CEV U22 Volleyball European Championship 2026 Women ｜ Pool D_set1,37,1142.167,1151.767,1142.667,1151.267
Full Match ｜ Türkiye vs. Spain ｜ CEV U22 Volleyball European Championship 2026 Women ｜ Pool D_set1,38,1171.133,1183.767,1171.633,1183.267
Full Match ｜ Türkiye vs. Spain ｜ CEV U22 Volleyball European Championship 2026 Women ｜ Pool D_set1,39,1206.5,1214.767,1207.0,1214.267
Full Match ｜ Türkiye vs. Spain ｜ CEV U22 Volleyball European Championship 2026 Women ｜ Pool D_set1,40,1282.5,1298.0,1283.0,1294.367
Full Match ｜ Türkiye vs. Spain ｜ CEV U22 Volleyball European Championship 2026 Women ｜ Pool D_set1,41,1322.667,1331.467,1323.167,1330.967
Full Match ｜ Türkiye vs. Spain ｜ CEV U22 Volleyball European Championship 2026 Women ｜ Pool D_set1,42,1348.5,1356.133,1349.0,1355.633
Full Match ｜ Türkiye vs. Spain ｜ CEV U22 Volleyball European Championship 2026 Women ｜ Pool D_set1,43,1382.5,1397.833,1383.0,1397.333
Full Match ｜ Türkiye vs. Spain ｜ CEV U22 Volleyball European Championship 2026 Women ｜ Pool D_set1,44,1414.8,1425.5,1415.3,1425.0
Full Match ｜ Türkiye vs. Spain ｜ CEV U22 Volleyball European Championship 2026 Women ｜ Pool D_set1,45,1494.533,1510.433,1495.033,1509.933
Full Match ｜ Türkiye vs. Spain ｜ CEV U22 Volleyball European Championship 2026 Women ｜ Pool D_set1,46,1529.6,1538.367,1530.1,1537.867
Full Match ｜ Türkiye vs. Spain ｜ CEV U22 Volleyball European Championship 2026 Women ｜ Pool D_set1,47,1557.9,1570.533,1558.4,1570.033
Full Match ｜ Türkiye vs. Spain ｜ CEV U22 Volleyball European Championship 2026 Women ｜ Pool D_set1,48,1598.767,1605.9,1599.267,1605.4
Full Match ｜ Türkiye vs. Spain ｜ CEV U22 Volleyball European Championship 2026 Women ｜ Pool D_set1,49,1621.0,1625.333,1621.5,1624.833
Full Match ｜ Türkiye vs. Spain ｜ CEV U22 Volleyball European Championship 2026 Women ｜ Pool D_set1,50,1654.1,1683.4,1654.6,1682.9
Full Match ｜ Türkiye vs. Spain ｜ CEV U22 Volleyball European Championship 2026 Women ｜ Pool D_set1,51,1708.933,1719.733,1709.433,1719.233
Full Match ｜ Türkiye vs. Spain ｜ CEV U22 Volleyball European Championship 2026 Women ｜ Pool D_set1,52,1747.533,1755.467,1748.033,1754.967
Full Match ｜ Türkiye vs. Spain ｜ CEV U22 Volleyball European Championship 2026 Women ｜ Pool D_set1,53,1772.933,1780.7,1773.433,1780.2
Full Match ｜ Türkiye vs. Spain ｜ CEV U22 Volleyball European Championship 2026 Women ｜ Pool D_set1,54,1798.333,1807.867,1798.833,1807.367
Italy vs. Finland - Classificationn 5-8 ｜ Boys' U19 World Champs 2025 - Full Match_set1,1,4.3,13.067,4.8,12.567
Italy vs. Finland - Classificationn 5-8 ｜ Boys' U19 World Champs 2025 - Full Match_set1,2,27.867,33.4,28.367,32.9
Italy vs. Finland - Classificationn 5-8 ｜ Boys' U19 World Champs 2025 - Full Match_set1,3,47.133,51.1,47.633,50.6
Italy vs. Finland - Classificationn 5-8 ｜ Boys' U19 World Champs 2025 - Full Match_set1,4,66.5,70.767,67.0,70.267
Italy vs. Finland - Classificationn 5-8 ｜ Boys' U19 World Champs 2025 - Full Match_set1,5,92.3,96.5,92.8,96.0
Italy vs. Finland - Classificationn 5-8 ｜ Boys' U19 World Champs 2025 - Full Match_set1,6,112.667,126.5,113.167,126.0
Italy vs. Finland - Classificationn 5-8 ｜ Boys' U19 World Champs 2025 - Full Match_set1,7,140.667,163.367,141.167,162.867
Italy vs. Finland - Classificationn 5-8 ｜ Boys' U19 World Champs 2025 - Full Match_set1,8,176.233,180.6,176.733,180.1
Italy vs. Finland - Classificationn 5-8 ｜ Boys' U19 World Champs 2025 - Full Match_set1,9,193.267,202.433,193.767,201.933
Italy vs. Finland - Classificationn 5-8 ｜ Boys' U19 World Champs 2025 - Full Match_set1,10,214.6,222.8,215.1,222.3
Italy vs. Finland - Classificationn 5-8 ｜ Boys' U19 World Champs 2025 - Full Match_set1,11,237.433,247.1,237.933,246.6
Italy vs. Finland - Classificationn 5-8 ｜ Boys' U19 World Champs 2025 - Full Match_set1,12,258.833,268.8,259.333,268.3
Italy vs. Finland - Classificationn 5-8 ｜ Boys' U19 World Champs 2025 - Full Match_set1,13,279.967,291.867,280.467,291.367
Italy vs. Finland - Classificationn 5-8 ｜ Boys' U19 World Champs 2025 - Full Match_set1,14,352.967,360.167,353.467,359.667
Italy vs. Finland - Classificationn 5-8 ｜ Boys' U19 World Champs 2025 - Full Match_set1,15,375.6,382.667,376.1,382.167
Italy vs. Finland - Classificationn 5-8 ｜ Boys' U19 World Champs 2025 - Full Match_set1,16,397.167,400.867,397.667,400.367
Italy vs. Finland - Classificationn 5-8 ｜ Boys' U19 World Champs 2025 - Full Match_set1,17,416.033,422.667,416.533,422.167
Italy vs. Finland - Classificationn 5-8 ｜ Boys' U19 World Champs 2025 - Full Match_set1,18,439.0,444.933,439.5,444.433
Italy vs. Finland - Classificationn 5-8 ｜ Boys' U19 World Champs 2025 - Full Match_set1,19,463.167,477.333,463.667,476.833
Italy vs. Finland - Classificationn 5-8 ｜ Boys' U19 World Champs 2025 - Full Match_set1,20,538.367,545.1,538.867,544.6
Italy vs. Finland - Classificationn 5-8 ｜ Boys' U19 World Champs 2025 - Full Match_set1,21,560.867,571.7,561.367,571.2
Italy vs. Finland - Classificationn 5-8 ｜ Boys' U19 World Champs 2025 - Full Match_set1,22,631.133,639.5,631.633,639.0
Italy vs. Finland - Classificationn 5-8 ｜ Boys' U19 World Champs 2025 - Full Match_set1,23,662.233,683.4,662.733,682.9
Italy vs. Finland - Classificationn 5-8 ｜ Boys' U19 World Champs 2025 - Full Match_set1,24,699.733,726.067,700.233,725.567
Italy vs. Finland - Classificationn 5-8 ｜ Boys' U19 World Champs 2025 - Full Match_set1,25,744.9,752.6,745.4,752.1
Italy vs. Finland - Classificationn 5-8 ｜ Boys' U19 World Champs 2025 - Full Match_set1,26,767.567,774.333,768.067,773.833
Italy vs. Finland - Classificationn 5-8 ｜ Boys' U19 World Champs 2025 - Full Match_set1,27,789.833,798.367,790.333,797.867
Italy vs. Finland - Classificationn 5-8 ｜ Boys' U19 World Champs 2025 - Full Match_set1,28,833.767,842.633,834.267,842.133
Italy vs. Finland - Classificationn 5-8 ｜ Boys' U19 World Champs 2025 - Full Match_set1,29,873.067,876.9,873.567,876.4
Italy vs. Finland - Classificationn 5-8 ｜ Boys' U19 World Champs 2025 - Full Match_set1,30,893.0,901.1,893.5,900.6
Italy vs. Finland - Classificationn 5-8 ｜ Boys' U19 World Champs 2025 - Full Match_set1,31,916.467,931.333,916.967,930.833
Italy vs. Finland - Classificationn 5-8 ｜ Boys' U19 World Champs 2025 - Full Match_set1,32,993.167,1009.167,993.667,1008.667
Italy vs. Finland - Classificationn 5-8 ｜ Boys' U19 World Champs 2025 - Full Match_set1,33,1026.6,1047.9,1027.1,1047.4
Italy vs. Finland - Classificationn 5-8 ｜ Boys' U19 World Champs 2025 - Full Match_set1,34,1063.9,1075.367,1064.4,1074.867
Italy vs. Finland - Classificationn 5-8 ｜ Boys' U19 World Champs 2025 - Full Match_set1,35,1089.667,1105.3,1090.167,1104.8
Italy vs. Finland - Classificationn 5-8 ｜ Boys' U19 World Champs 2025 - Full Match_set1,36,1122.967,1131.567,1123.467,1131.067
Italy vs. Finland - Classificationn 5-8 ｜ Boys' U19 World Champs 2025 - Full Match_set1,37,1151.8,1158.133,1152.3,1157.633
Italy vs. Finland - Classificationn 5-8 ｜ Boys' U19 World Champs 2025 - Full Match_set1,38,1188.367,1196.2,1188.867,1195.7
Italy vs. Finland - Classificationn 5-8 ｜ Boys' U19 World Champs 2025 - Full Match_set1,39,1210.767,1214.6,1211.267,1214.1
Italy vs. Finland - Classificationn 5-8 ｜ Boys' U19 World Champs 2025 - Full Match_set1,40,1229.4,1240.667,1229.9,1240.167
Italy vs. Finland - Classificationn 5-8 ｜ Boys' U19 World Champs 2025 - Full Match_set1,41,1255.533,1262.7,1256.033,1262.2
Italy vs. Finland - Classificationn 5-8 ｜ Boys' U19 World Champs 2025 - Full Match_set1,42,1278.267,1282.067,1278.767,1281.567
Italy vs. Finland - Classificationn 5-8 ｜ Boys' U19 World Champs 2025 - Full Match_set1,43,1299.533,1306.133,1300.033,1305.633
Italy vs. Finland - Classificationn 5-8 ｜ Boys' U19 World Champs 2025 - Full Match_set1,44,1334.633,1342.5,1335.133,1342.0
Italy vs. Finland - Classificationn 5-8 ｜ Boys' U19 World Champs 2025 - Full Match_set1,45,1398.4,1409.8,1398.9,1409.3
JT Thunders 🇯🇵 vs. Wolfdogs Nagoya 🇯🇵 ｜ SV League 2026 ｜ Full Match - Volleyball_set1,1,-0.265,16.115,0.235,15.615
JT Thunders 🇯🇵 vs. Wolfdogs Nagoya 🇯🇵 ｜ SV League 2026 ｜ Full Match - Volleyball_set1,2,40.542,51.8,41.042,51.3
JT Thunders 🇯🇵 vs. Wolfdogs Nagoya 🇯🇵 ｜ SV League 2026 ｜ Full Match - Volleyball_set1,3,74.009,80.362,74.509,79.862
JT Thunders 🇯🇵 vs. Wolfdogs Nagoya 🇯🇵 ｜ SV League 2026 ｜ Full Match - Volleyball_set1,4,99.668,107.139,100.168,106.639
JT Thunders 🇯🇵 vs. Wolfdogs Nagoya 🇯🇵 ｜ SV League 2026 ｜ Full Match - Volleyball_set1,5,124.926,131.697,125.426,131.197
JT Thunders 🇯🇵 vs. Wolfdogs Nagoya 🇯🇵 ｜ SV League 2026 ｜ Full Match - Volleyball_set1,6,152.254,165.297,152.754,164.797
JT Thunders 🇯🇵 vs. Wolfdogs Nagoya 🇯🇵 ｜ SV League 2026 ｜ Full Match - Volleyball_set1,7,187.722,191.957,188.222,191.457
JT Thunders 🇯🇵 vs. Wolfdogs Nagoya 🇯🇵 ｜ SV League 2026 ｜ Full Match - Volleyball_set1,8,212.948,219.985,213.448,219.485
JT Thunders 🇯🇵 vs. Wolfdogs Nagoya 🇯🇵 ｜ SV League 2026 ｜ Full Match - Volleyball_set1,9,237.606,252.017,238.106,251.517
JT Thunders 🇯🇵 vs. Wolfdogs Nagoya 🇯🇵 ｜ SV League 2026 ｜ Full Match - Volleyball_set1,10,274.843,283.081,275.343,282.581
JT Thunders 🇯🇵 vs. Wolfdogs Nagoya 🇯🇵 ｜ SV League 2026 ｜ Full Match - Volleyball_set1,11,298.933,309.491,299.433,308.991
JT Thunders 🇯🇵 vs. Wolfdogs Nagoya 🇯🇵 ｜ SV League 2026 ｜ Full Match - Volleyball_set1,12,332.5,336.334,333.0,335.834
JT Thunders 🇯🇵 vs. Wolfdogs Nagoya 🇯🇵 ｜ SV League 2026 ｜ Full Match - Volleyball_set1,13,352.587,360.358,353.087,359.858
JT Thunders 🇯🇵 vs. Wolfdogs Nagoya 🇯🇵 ｜ SV League 2026 ｜ Full Match - Volleyball_set1,14,379.013,386.485,379.513,385.985
JT Thunders 🇯🇵 vs. Wolfdogs Nagoya 🇯🇵 ｜ SV League 2026 ｜ Full Match - Volleyball_set1,15,405.573,413.845,406.073,413.345
JT Thunders 🇯🇵 vs. Wolfdogs Nagoya 🇯🇵 ｜ SV League 2026 ｜ Full Match - Volleyball_set1,16,435.203,438.553,435.703,438.053
JT Thunders 🇯🇵 vs. Wolfdogs Nagoya 🇯🇵 ｜ SV League 2026 ｜ Full Match - Volleyball_set1,17,458.493,464.93,458.993,464.43
JT Thunders 🇯🇵 vs. Wolfdogs Nagoya 🇯🇵 ｜ SV League 2026 ｜ Full Match - Volleyball_set1,18,481.516,492.858,482.016,492.358
JT Thunders 🇯🇵 vs. Wolfdogs Nagoya 🇯🇵 ｜ SV League 2026 ｜ Full Match - Volleyball_set1,19,569.237,583.515,569.737,583.015
JT Thunders 🇯🇵 vs. Wolfdogs Nagoya 🇯🇵 ｜ SV League 2026 ｜ Full Match - Volleyball_set1,20,603.905,614.629,604.405,614.129
JT Thunders 🇯🇵 vs. Wolfdogs Nagoya 🇯🇵 ｜ SV League 2026 ｜ Full Match - Volleyball_set1,21,638.239,642.14,638.739,641.64
JT Thunders 🇯🇵 vs. Wolfdogs Nagoya 🇯🇵 ｜ SV League 2026 ｜ Full Match - Volleyball_set1,22,662.163,676.074,662.663,675.574
JT Thunders 🇯🇵 vs. Wolfdogs Nagoya 🇯🇵 ｜ SV League 2026 ｜ Full Match - Volleyball_set1,23,698.266,712.844,698.766,712.344
JT Thunders 🇯🇵 vs. Wolfdogs Nagoya 🇯🇵 ｜ SV League 2026 ｜ Full Match - Volleyball_set1,24,736.971,744.809,737.471,744.309
JT Thunders 🇯🇵 vs. Wolfdogs Nagoya 🇯🇵 ｜ SV League 2026 ｜ Full Match - Volleyball_set1,25,763.197,766.948,763.697,766.448
JT Thunders 🇯🇵 vs. Wolfdogs Nagoya 🇯🇵 ｜ SV League 2026 ｜ Full Match - Volleyball_set1,26,784.752,793.091,785.252,792.591
JT Thunders 🇯🇵 vs. Wolfdogs Nagoya 🇯🇵 ｜ SV League 2026 ｜ Full Match - Volleyball_set1,27,813.631,824.189,814.131,823.689
JT Thunders 🇯🇵 vs. Wolfdogs Nagoya 🇯🇵 ｜ SV League 2026 ｜ Full Match - Volleyball_set1,28,848.683,852.617,849.183,852.117
JT Thunders 🇯🇵 vs. Wolfdogs Nagoya 🇯🇵 ｜ SV League 2026 ｜ Full Match - Volleyball_set1,29,868.903,876.407,869.403,875.907
JT Thunders 🇯🇵 vs. Wolfdogs Nagoya 🇯🇵 ｜ SV League 2026 ｜ Full Match - Volleyball_set1,30,896.264,902.784,896.764,902.284
JT Thunders 🇯🇵 vs. Wolfdogs Nagoya 🇯🇵 ｜ SV League 2026 ｜ Full Match - Volleyball_set1,31,926.827,946.361,927.327,945.861
JT Thunders 🇯🇵 vs. Wolfdogs Nagoya 🇯🇵 ｜ SV League 2026 ｜ Full Match - Volleyball_set1,32,968.235,974.872,968.735,974.372
JT Thunders 🇯🇵 vs. Wolfdogs Nagoya 🇯🇵 ｜ SV League 2026 ｜ Full Match - Volleyball_set1,33,997.098,1006.154,997.598,1005.654
JT Thunders 🇯🇵 vs. Wolfdogs Nagoya 🇯🇵 ｜ SV League 2026 ｜ Full Match - Volleyball_set1,34,1082.383,1085.767,1082.883,1085.267
JT Thunders 🇯🇵 vs. Wolfdogs Nagoya 🇯🇵 ｜ SV League 2026 ｜ Full Match - Volleyball_set1,35,1112.813,1119.25,1113.313,1118.75
JT Thunders 🇯🇵 vs. Wolfdogs Nagoya 🇯🇵 ｜ SV League 2026 ｜ Full Match - Volleyball_set1,36,1142.91,1155.653,1143.41,1155.153
JT Thunders 🇯🇵 vs. Wolfdogs Nagoya 🇯🇵 ｜ SV League 2026 ｜ Full Match - Volleyball_set1,37,1220.621,1228.359,1221.121,1227.859
JT Thunders 🇯🇵 vs. Wolfdogs Nagoya 🇯🇵 ｜ SV League 2026 ｜ Full Match - Volleyball_set1,38,1254.455,1262.677,1254.955,1262.177
JT Thunders 🇯🇵 vs. Wolfdogs Nagoya 🇯🇵 ｜ SV League 2026 ｜ Full Match - Volleyball_set1,39,1331.865,1339.003,1332.365,1338.503
JT Thunders 🇯🇵 vs. Wolfdogs Nagoya 🇯🇵 ｜ SV League 2026 ｜ Full Match - Volleyball_set1,40,1370.904,1381.245,1371.404,1380.745
JT Thunders 🇯🇵 vs. Wolfdogs Nagoya 🇯🇵 ｜ SV League 2026 ｜ Full Match - Volleyball_set1,41,1442.276,1446.544,1442.776,1446.044
JT Thunders 🇯🇵 vs. Wolfdogs Nagoya 🇯🇵 ｜ SV League 2026 ｜ Full Match - Volleyball_set1,42,1469.837,1477.458,1470.337,1476.958
JT Thunders 🇯🇵 vs. Wolfdogs Nagoya 🇯🇵 ｜ SV League 2026 ｜ Full Match - Volleyball_set1,43,1510.844,1517.531,1511.344,1517.031
JT Thunders 🇯🇵 vs. Wolfdogs Nagoya 🇯🇵 ｜ SV League 2026 ｜ Full Match - Volleyball_set1,44,1541.408,1548.045,1541.908,1547.545
JT Thunders 🇯🇵 vs. Wolfdogs Nagoya 🇯🇵 ｜ SV League 2026 ｜ Full Match - Volleyball_set1,45,1566.066,1573.787,1566.566,1573.287
JT Thunders 🇯🇵 vs. Wolfdogs Nagoya 🇯🇵 ｜ SV League 2026 ｜ Full Match - Volleyball_set1,46,1595.362,1611.525,1595.862,1611.025
Japan vs. USA - Ranking 15-16 ｜ Boys' U19 World Champs 2025 - Full Match_set1,1,9.867,20.033,10.367,19.533
Japan vs. USA - Ranking 15-16 ｜ Boys' U19 World Champs 2025 - Full Match_set1,2,43.3,47.4,43.8,46.9
Japan vs. USA - Ranking 15-16 ｜ Boys' U19 World Champs 2025 - Full Match_set1,3,61.233,68.8,61.733,68.3
Japan vs. USA - Ranking 15-16 ｜ Boys' U19 World Champs 2025 - Full Match_set1,4,84.867,104.483,85.367,103.983
Japan vs. USA - Ranking 15-16 ｜ Boys' U19 World Champs 2025 - Full Match_set1,5,121.767,137.5,122.267,137.0
Japan vs. USA - Ranking 15-16 ｜ Boys' U19 World Champs 2025 - Full Match_set1,6,152.167,165.383,152.667,164.883
Japan vs. USA - Ranking 15-16 ｜ Boys' U19 World Champs 2025 - Full Match_set1,7,180.917,192.583,181.417,192.083
Japan vs. USA - Ranking 15-16 ｜ Boys' U19 World Champs 2025 - Full Match_set1,8,205.767,213.3,206.267,212.8
Japan vs. USA - Ranking 15-16 ｜ Boys' U19 World Champs 2025 - Full Match_set1,9,228.967,233.5,229.467,233.0
Japan vs. USA - Ranking 15-16 ｜ Boys' U19 World Champs 2025 - Full Match_set1,10,246.8,250.75,247.3,250.25
Japan vs. USA - Ranking 15-16 ｜ Boys' U19 World Champs 2025 - Full Match_set1,11,262.633,270.867,263.133,270.367
Japan vs. USA - Ranking 15-16 ｜ Boys' U19 World Champs 2025 - Full Match_set1,12,283.633,287.8,284.133,287.3
Japan vs. USA - Ranking 15-16 ｜ Boys' U19 World Champs 2025 - Full Match_set1,13,302.333,311.333,302.833,310.833
Japan vs. USA - Ranking 15-16 ｜ Boys' U19 World Champs 2025 - Full Match_set1,14,354.5,358.733,355.0,358.233
Japan vs. USA - Ranking 15-16 ｜ Boys' U19 World Champs 2025 - Full Match_set1,15,370.7,374.783,371.2,374.283
Japan vs. USA - Ranking 15-16 ｜ Boys' U19 World Champs 2025 - Full Match_set1,16,387.1,392.667,387.6,392.167
Japan vs. USA - Ranking 15-16 ｜ Boys' U19 World Champs 2025 - Full Match_set1,17,407.533,411.8,408.033,411.3
Japan vs. USA - Ranking 15-16 ｜ Boys' U19 World Champs 2025 - Full Match_set1,18,426.167,430.183,426.667,429.683
Japan vs. USA - Ranking 15-16 ｜ Boys' U19 World Champs 2025 - Full Match_set1,19,444.617,452.2,445.117,451.7
Japan vs. USA - Ranking 15-16 ｜ Boys' U19 World Champs 2025 - Full Match_set1,20,466.4,470.7,466.9,470.2
Japan vs. USA - Ranking 15-16 ｜ Boys' U19 World Champs 2025 - Full Match_set1,21,485.0,491.5,485.5,491.0
Japan vs. USA - Ranking 15-16 ｜ Boys' U19 World Champs 2025 - Full Match_set1,22,506.067,510.433,506.567,509.933
Japan vs. USA - Ranking 15-16 ｜ Boys' U19 World Champs 2025 - Full Match_set1,23,524.167,532.8,524.667,532.3
Japan vs. USA - Ranking 15-16 ｜ Boys' U19 World Champs 2025 - Full Match_set1,24,547.267,567.683,547.767,567.183
Japan vs. USA - Ranking 15-16 ｜ Boys' U19 World Champs 2025 - Full Match_set1,25,586.1,598.3,586.6,597.8
Japan vs. USA - Ranking 15-16 ｜ Boys' U19 World Champs 2025 - Full Match_set1,26,614.267,621.0,614.767,618.967
Japan vs. USA - Ranking 15-16 ｜ Boys' U19 World Champs 2025 - Full Match_set1,27,637.833,644.117,638.333,643.617
Japan vs. USA - Ranking 15-16 ｜ Boys' U19 World Champs 2025 - Full Match_set1,28,715.867,737.533,716.367,737.033
Japan vs. USA - Ranking 15-16 ｜ Boys' U19 World Champs 2025 - Full Match_set1,29,755.367,759.4,755.867,758.9
Japan vs. USA - Ranking 15-16 ｜ Boys' U19 World Champs 2025 - Full Match_set1,30,773.5,785.867,774.0,785.367
Japan vs. USA - Ranking 15-16 ｜ Boys' U19 World Champs 2025 - Full Match_set1,31,803.0,810.9,803.5,810.4
Japan vs. USA - Ranking 15-16 ｜ Boys' U19 World Champs 2025 - Full Match_set1,32,839.4,850.733,839.9,850.233
Japan vs. USA - Ranking 15-16 ｜ Boys' U19 World Champs 2025 - Full Match_set1,33,913.067,930.733,913.567,930.233
Japan vs. USA - Ranking 15-16 ｜ Boys' U19 World Champs 2025 - Full Match_set1,34,955.633,962.267,956.133,961.767
Japan vs. USA - Ranking 15-16 ｜ Boys' U19 World Champs 2025 - Full Match_set1,35,977.567,981.833,978.067,981.333
Japan vs. USA - Ranking 15-16 ｜ Boys' U19 World Champs 2025 - Full Match_set1,36,1004.0,1012.133,1004.5,1011.633
Japan vs. USA - Ranking 15-16 ｜ Boys' U19 World Champs 2025 - Full Match_set1,37,1027.5,1043.867,1028.0,1043.367
Japan vs. USA - Ranking 15-16 ｜ Boys' U19 World Champs 2025 - Full Match_set1,38,1083.433,1093.567,1083.933,1093.067
Japan vs. USA - Ranking 15-16 ｜ Boys' U19 World Champs 2025 - Full Match_set1,39,1109.3,1120.15,1109.8,1119.65
Japan vs. USA - Ranking 15-16 ｜ Boys' U19 World Champs 2025 - Full Match_set1,40,1138.4,1144.483,1138.9,1143.983
Japan vs. USA - Ranking 15-16 ｜ Boys' U19 World Champs 2025 - Full Match_set1,41,1161.467,1169.267,1161.967,1168.767
Japan vs. USA - Ranking 15-16 ｜ Boys' U19 World Champs 2025 - Full Match_set1,42,1184.867,1192.267,1185.367,1191.767
Japan vs. USA - Ranking 15-16 ｜ Boys' U19 World Champs 2025 - Full Match_set1,43,1207.8,1211.967,1208.3,1211.467
Japan vs. USA - Ranking 15-16 ｜ Boys' U19 World Champs 2025 - Full Match_set1,44,1275.367,1283.867,1275.867,1283.367
Japan vs. USA - Ranking 15-16 ｜ Boys' U19 World Champs 2025 - Full Match_set1,45,1299.733,1309.0,1300.233,1306.417
Japan 🇯🇵 vs. China 🇨🇳 ｜ VNL 2025 - Full Match ｜ Week 2_set1,1,0.86,8.02,1.36,7.52
Japan 🇯🇵 vs. China 🇨🇳 ｜ VNL 2025 - Full Match ｜ Week 2_set1,2,23.5,31.18,24.0,30.68
Japan 🇯🇵 vs. China 🇨🇳 ｜ VNL 2025 - Full Match ｜ Week 2_set1,3,46.22,60.78,46.72,60.28
Japan 🇯🇵 vs. China 🇨🇳 ｜ VNL 2025 - Full Match ｜ Week 2_set1,4,77.18,85.42,77.68,84.92
Japan 🇯🇵 vs. China 🇨🇳 ｜ VNL 2025 - Full Match ｜ Week 2_set1,5,105.38,112.82,105.88,112.32
Japan 🇯🇵 vs. China 🇨🇳 ｜ VNL 2025 - Full Match ｜ Week 2_set1,6,128.34,157.42,128.84,156.92
Japan 🇯🇵 vs. China 🇨🇳 ｜ VNL 2025 - Full Match ｜ Week 2_set1,7,223.5,235.14,224.0,234.64
Japan 🇯🇵 vs. China 🇨🇳 ｜ VNL 2025 - Full Match ｜ Week 2_set1,8,253.74,268.38,254.24,267.88
Japan 🇯🇵 vs. China 🇨🇳 ｜ VNL 2025 - Full Match ｜ Week 2_set1,9,284.3,292.66,284.8,292.16
Japan 🇯🇵 vs. China 🇨🇳 ｜ VNL 2025 - Full Match ｜ Week 2_set1,10,309.22,321.22,309.72,320.72
Japan 🇯🇵 vs. China 🇨🇳 ｜ VNL 2025 - Full Match ｜ Week 2_set1,11,341.3,348.54,341.8,348.04
Japan 🇯🇵 vs. China 🇨🇳 ｜ VNL 2025 - Full Match ｜ Week 2_set1,12,365.06,373.22,365.56,372.72
Japan 🇯🇵 vs. China 🇨🇳 ｜ VNL 2025 - Full Match ｜ Week 2_set1,13,395.06,403.06,395.56,402.56
Japan 🇯🇵 vs. China 🇨🇳 ｜ VNL 2025 - Full Match ｜ Week 2_set1,14,419.42,438.42,419.92,437.92
Japan 🇯🇵 vs. China 🇨🇳 ｜ VNL 2025 - Full Match ｜ Week 2_set1,15,453.42,457.66,453.92,457.16
Japan 🇯🇵 vs. China 🇨🇳 ｜ VNL 2025 - Full Match ｜ Week 2_set1,16,475.06,493.02,475.56,492.52
Japan 🇯🇵 vs. China 🇨🇳 ｜ VNL 2025 - Full Match ｜ Week 2_set1,17,513.18,517.42,513.68,516.92
Japan 🇯🇵 vs. China 🇨🇳 ｜ VNL 2025 - Full Match ｜ Week 2_set1,18,530.22,539.46,530.72,538.96
Japan 🇯🇵 vs. China 🇨🇳 ｜ VNL 2025 - Full Match ｜ Week 2_set1,19,553.7,560.74,554.2,560.24
Japan 🇯🇵 vs. China 🇨🇳 ｜ VNL 2025 - Full Match ｜ Week 2_set1,20,575.14,582.98,575.64,582.48
Japan 🇯🇵 vs. China 🇨🇳 ｜ VNL 2025 - Full Match ｜ Week 2_set1,21,598.42,609.46,598.92,608.96
Japan 🇯🇵 vs. China 🇨🇳 ｜ VNL 2025 - Full Match ｜ Week 2_set1,22,674.66,686.9,675.16,686.4
Japan 🇯🇵 vs. China 🇨🇳 ｜ VNL 2025 - Full Match ｜ Week 2_set1,23,703.7,709.5,704.2,709.0
Japan 🇯🇵 vs. China 🇨🇳 ｜ VNL 2025 - Full Match ｜ Week 2_set1,24,744.1,760.1,744.6,759.6
Japan 🇯🇵 vs. China 🇨🇳 ｜ VNL 2025 - Full Match ｜ Week 2_set1,25,783.94,791.94,784.44,791.44
Japan 🇯🇵 vs. China 🇨🇳 ｜ VNL 2025 - Full Match ｜ Week 2_set1,26,811.62,818.5,812.12,818.0
Japan 🇯🇵 vs. China 🇨🇳 ｜ VNL 2025 - Full Match ｜ Week 2_set1,27,846.9,854.06,847.4,853.56
Japan 🇯🇵 vs. China 🇨🇳 ｜ VNL 2025 - Full Match ｜ Week 2_set1,28,872.38,888.22,872.88,887.72
Japan 🇯🇵 vs. China 🇨🇳 ｜ VNL 2025 - Full Match ｜ Week 2_set1,29,963.46,967.9,963.96,967.4
Japan 🇯🇵 vs. China 🇨🇳 ｜ VNL 2025 - Full Match ｜ Week 2_set1,30,988.86,996.5,989.36,996.0
Japan 🇯🇵 vs. China 🇨🇳 ｜ VNL 2025 - Full Match ｜ Week 2_set1,31,1024.38,1031.34,1024.88,1030.84
Japan 🇯🇵 vs. China 🇨🇳 ｜ VNL 2025 - Full Match ｜ Week 2_set1,32,1046.74,1053.3,1047.24,1052.8
Japan 🇯🇵 vs. China 🇨🇳 ｜ VNL 2025 - Full Match ｜ Week 2_set1,33,1071.38,1078.14,1071.88,1077.64
Japan 🇯🇵 vs. China 🇨🇳 ｜ VNL 2025 - Full Match ｜ Week 2_set1,34,1095.02,1103.02,1095.52,1102.52
Japan 🇯🇵 vs. China 🇨🇳 ｜ VNL 2025 - Full Match ｜ Week 2_set1,35,1124.26,1131.66,1124.76,1131.16
Japan 🇯🇵 vs. China 🇨🇳 ｜ VNL 2025 - Full Match ｜ Week 2_set1,36,1145.82,1152.78,1146.32,1152.28
Japan 🇯🇵 vs. China 🇨🇳 ｜ VNL 2025 - Full Match ｜ Week 2_set1,37,1166.74,1172.86,1167.24,1172.36
Japan 🇯🇵 vs. China 🇨🇳 ｜ VNL 2025 - Full Match ｜ Week 2_set1,38,1187.7,1195.18,1188.2,1194.68
Japan 🇯🇵 vs. China 🇨🇳 ｜ VNL 2025 - Full Match ｜ Week 2_set1,39,1211.06,1234.18,1211.56,1233.68
Japan 🇯🇵 vs. China 🇨🇳 ｜ VNL 2025 - Full Match ｜ Week 2_set1,40,1248.62,1264.38,1249.12,1263.88
Japan 🇯🇵 vs. Czechia 🇨🇿 ｜ VNL 2025 - Full Match ｜ Week 2_set1,1,1.14,8.1,1.64,7.6
Japan 🇯🇵 vs. Czechia 🇨🇿 ｜ VNL 2025 - Full Match ｜ Week 2_set1,2,23.86,28.78,24.36,28.28
Japan 🇯🇵 vs. Czechia 🇨🇿 ｜ VNL 2025 - Full Match ｜ Week 2_set1,3,45.66,61.18,46.16,60.68
Japan 🇯🇵 vs. Czechia 🇨🇿 ｜ VNL 2025 - Full Match ｜ Week 2_set1,4,79.3,86.18,79.8,85.68
Japan 🇯🇵 vs. Czechia 🇨🇿 ｜ VNL 2025 - Full Match ｜ Week 2_set1,5,100.9,107.86,101.4,107.36
Japan 🇯🇵 vs. Czechia 🇨🇿 ｜ VNL 2025 - Full Match ｜ Week 2_set1,6,126.62,137.58,127.12,137.08
Japan 🇯🇵 vs. Czechia 🇨🇿 ｜ VNL 2025 - Full Match ｜ Week 2_set1,7,155.9,166.38,156.4,165.88
Japan 🇯🇵 vs. Czechia 🇨🇿 ｜ VNL 2025 - Full Match ｜ Week 2_set1,8,184.58,188.98,185.08,188.48
Japan 🇯🇵 vs. Czechia 🇨🇿 ｜ VNL 2025 - Full Match ｜ Week 2_set1,9,206.9,214.06,207.44,213.56
Japan 🇯🇵 vs. Czechia 🇨🇿 ｜ VNL 2025 - Full Match ｜ Week 2_set1,10,231.18,237.74,231.68,237.24
Japan 🇯🇵 vs. Czechia 🇨🇿 ｜ VNL 2025 - Full Match ｜ Week 2_set1,11,253.3,264.18,253.8,263.68
Japan 🇯🇵 vs. Czechia 🇨🇿 ｜ VNL 2025 - Full Match ｜ Week 2_set1,12,282.18,294.58,282.68,294.08
Japan 🇯🇵 vs. Czechia 🇨🇿 ｜ VNL 2025 - Full Match ｜ Week 2_set1,13,356.78,361.18,357.28,360.68
Japan 🇯🇵 vs. Czechia 🇨🇿 ｜ VNL 2025 - Full Match ｜ Week 2_set1,14,376.94,385.82,377.44,385.32
Japan 🇯🇵 vs. Czechia 🇨🇿 ｜ VNL 2025 - Full Match ｜ Week 2_set1,15,402.3,427.1,402.8,426.6
Japan 🇯🇵 vs. Czechia 🇨🇿 ｜ VNL 2025 - Full Match ｜ Week 2_set1,16,446.82,453.7,447.32,453.2
Japan 🇯🇵 vs. Czechia 🇨🇿 ｜ VNL 2025 - Full Match ｜ Week 2_set1,17,470.66,481.1,471.16,480.6
Japan 🇯🇵 vs. Czechia 🇨🇿 ｜ VNL 2025 - Full Match ｜ Week 2_set1,18,498.1,509.1,498.6,508.6
Japan 🇯🇵 vs. Czechia 🇨🇿 ｜ VNL 2025 - Full Match ｜ Week 2_set1,19,525.94,530.14,526.44,529.64
Japan 🇯🇵 vs. Czechia 🇨🇿 ｜ VNL 2025 - Full Match ｜ Week 2_set1,20,544.38,551.3,544.88,550.8
Japan 🇯🇵 vs. Czechia 🇨🇿 ｜ VNL 2025 - Full Match ｜ Week 2_set1,21,566.38,573.94,566.84,573.44
Japan 🇯🇵 vs. Czechia 🇨🇿 ｜ VNL 2025 - Full Match ｜ Week 2_set1,22,588.38,596.0,588.88,594.84
Japan 🇯🇵 vs. Czechia 🇨🇿 ｜ VNL 2025 - Full Match ｜ Week 2_set1,23,610.54,614.82,611.04,614.32
Japan 🇯🇵 vs. Czechia 🇨🇿 ｜ VNL 2025 - Full Match ｜ Week 2_set1,24,629.5,637.18,630.0,636.68
Japan 🇯🇵 vs. Czechia 🇨🇿 ｜ VNL 2025 - Full Match ｜ Week 2_set1,25,652.94,664.74,653.44,664.24
Japan 🇯🇵 vs. Czechia 🇨🇿 ｜ VNL 2025 - Full Match ｜ Week 2_set1,26,680.46,685.78,680.96,685.28
Japan 🇯🇵 vs. Czechia 🇨🇿 ｜ VNL 2025 - Full Match ｜ Week 2_set1,27,749.74,756.94,750.24,756.44
Japan 🇯🇵 vs. Czechia 🇨🇿 ｜ VNL 2025 - Full Match ｜ Week 2_set1,28,773.78,789.38,774.28,788.88
Japan 🇯🇵 vs. Czechia 🇨🇿 ｜ VNL 2025 - Full Match ｜ Week 2_set1,29,806.42,817.9,806.92,817.4
Japan 🇯🇵 vs. Czechia 🇨🇿 ｜ VNL 2025 - Full Match ｜ Week 2_set1,30,844.94,848.94,845.44,848.44
Japan 🇯🇵 vs. Czechia 🇨🇿 ｜ VNL 2025 - Full Match ｜ Week 2_set1,31,861.9,876.78,862.4,876.28
Japan 🇯🇵 vs. Czechia 🇨🇿 ｜ VNL 2025 - Full Match ｜ Week 2_set1,32,890.86,897.38,891.36,896.88
Japan 🇯🇵 vs. Czechia 🇨🇿 ｜ VNL 2025 - Full Match ｜ Week 2_set1,33,963.7,970.38,964.2,969.88
Japan 🇯🇵 vs. Czechia 🇨🇿 ｜ VNL 2025 - Full Match ｜ Week 2_set1,34,989.42,1002.5,989.92,1002.0
Japan 🇯🇵 vs. Czechia 🇨🇿 ｜ VNL 2025 - Full Match ｜ Week 2_set1,35,1023.02,1038.18,1023.52,1037.68
Japan 🇯🇵 vs. Czechia 🇨🇿 ｜ VNL 2025 - Full Match ｜ Week 2_set1,36,1056.98,1063.66,1057.48,1063.16
Japan 🇯🇵 vs. Czechia 🇨🇿 ｜ VNL 2025 - Full Match ｜ Week 2_set1,37,1090.9,1102.34,1091.4,1101.84
Japan 🇯🇵 vs. Czechia 🇨🇿 ｜ VNL 2025 - Full Match ｜ Week 2_set1,38,1121.7,1125.82,1122.2,1125.32
Japan 🇯🇵 vs. Czechia 🇨🇿 ｜ VNL 2025 - Full Match ｜ Week 2_set1,39,1141.66,1150.7,1142.16,1150.2
Japan 🇯🇵 vs. Czechia 🇨🇿 ｜ VNL 2025 - Full Match ｜ Week 2_set1,40,1165.62,1169.54,1166.12,1169.04
Japan 🇯🇵 vs. Czechia 🇨🇿 ｜ VNL 2025 - Full Match ｜ Week 2_set1,41,1182.86,1197.66,1183.36,1197.16
Japan 🇯🇵 vs. Czechia 🇨🇿 ｜ VNL 2025 - Full Match ｜ Week 2_set1,42,1216.703,1222.66,1216.703,1222.16
Japan 🇯🇵 vs. Czechia 🇨🇿 ｜ VNL 2025 - Full Match ｜ Week 2_set1,43,1246.46,1264.42,1246.96,1263.92
Japan 🇯🇵 vs. Czechia 🇨🇿 ｜ VNL 2025 - Full Match ｜ Week 2_set1,44,1301.38,1308.66,1301.88,1308.16
Japan 🇯🇵 vs. Czechia 🇨🇿 ｜ VNL 2025 - Full Match ｜ Week 2_set1,45,1334.78,1341.7,1335.28,1341.2
Japan 🇯🇵 vs. Czechia 🇨🇿 ｜ VNL 2025 - Full Match ｜ Week 2_set1,46,1430.1,1436.94,1430.6,1436.44
Japan 🇯🇵 vs. Czechia 🇨🇿 ｜ VNL 2025 - Full Match ｜ Week 2_set1,47,1453.46,1460.9,1453.96,1460.4
Japan 🇯🇵 vs. Dominican Republic 🇩🇴 ｜ VNL 2025 - Full Match ｜ Week 1_set1,1,1.54,9.18,2.04,8.68
Japan 🇯🇵 vs. Dominican Republic 🇩🇴 ｜ VNL 2025 - Full Match ｜ Week 1_set1,2,25.54,32.82,26.04,32.32
Japan 🇯🇵 vs. Dominican Republic 🇩🇴 ｜ VNL 2025 - Full Match ｜ Week 1_set1,3,46.86,68.02,47.36,67.52
Japan 🇯🇵 vs. Dominican Republic 🇩🇴 ｜ VNL 2025 - Full Match ｜ Week 1_set1,4,85.38,113.42,85.88,112.92
Japan 🇯🇵 vs. Dominican Republic 🇩🇴 ｜ VNL 2025 - Full Match ｜ Week 1_set1,5,129.66,140.82,130.16,140.32
Japan 🇯🇵 vs. Dominican Republic 🇩🇴 ｜ VNL 2025 - Full Match ｜ Week 1_set1,6,163.9,171.1,164.4,170.6
Japan 🇯🇵 vs. Dominican Republic 🇩🇴 ｜ VNL 2025 - Full Match ｜ Week 1_set1,7,183.34,191.62,183.84,191.12
Japan 🇯🇵 vs. Dominican Republic 🇩🇴 ｜ VNL 2025 - Full Match ｜ Week 1_set1,8,206.98,213.86,207.48,213.36
Japan 🇯🇵 vs. Dominican Republic 🇩🇴 ｜ VNL 2025 - Full Match ｜ Week 1_set1,9,230.06,237.46,230.56,236.96
Japan 🇯🇵 vs. Dominican Republic 🇩🇴 ｜ VNL 2025 - Full Match ｜ Week 1_set1,10,254.22,267.06,254.72,266.56
Japan 🇯🇵 vs. Dominican Republic 🇩🇴 ｜ VNL 2025 - Full Match ｜ Week 1_set1,11,283.58,287.42,284.08,286.92
Japan 🇯🇵 vs. Dominican Republic 🇩🇴 ｜ VNL 2025 - Full Match ｜ Week 1_set1,12,304.46,311.58,304.96,311.08
Japan 🇯🇵 vs. Dominican Republic 🇩🇴 ｜ VNL 2025 - Full Match ｜ Week 1_set1,13,329.74,339.54,330.24,339.04
Japan 🇯🇵 vs. Dominican Republic 🇩🇴 ｜ VNL 2025 - Full Match ｜ Week 1_set1,14,356.18,372.38,356.68,371.88
Japan 🇯🇵 vs. Dominican Republic 🇩🇴 ｜ VNL 2025 - Full Match ｜ Week 1_set1,15,392.3,399.22,392.8,398.72
Japan 🇯🇵 vs. Dominican Republic 🇩🇴 ｜ VNL 2025 - Full Match ｜ Week 1_set1,16,418.54,430.1,419.04,429.6
Japan 🇯🇵 vs. Dominican Republic 🇩🇴 ｜ VNL 2025 - Full Match ｜ Week 1_set1,17,489.14,495.1,489.64,494.6
Japan 🇯🇵 vs. Dominican Republic 🇩🇴 ｜ VNL 2025 - Full Match ｜ Week 1_set1,18,511.02,526.26,511.52,525.76
Japan 🇯🇵 vs. Dominican Republic 🇩🇴 ｜ VNL 2025 - Full Match ｜ Week 1_set1,19,540.26,547.46,540.76,546.96
Japan 🇯🇵 vs. Dominican Republic 🇩🇴 ｜ VNL 2025 - Full Match ｜ Week 1_set1,20,559.9,568.46,560.44,567.96
Japan 🇯🇵 vs. Dominican Republic 🇩🇴 ｜ VNL 2025 - Full Match ｜ Week 1_set1,21,583.94,592.22,584.44,591.72
Japan 🇯🇵 vs. Dominican Republic 🇩🇴 ｜ VNL 2025 - Full Match ｜ Week 1_set1,22,607.94,615.02,608.44,614.52
Japan 🇯🇵 vs. Dominican Republic 🇩🇴 ｜ VNL 2025 - Full Match ｜ Week 1_set1,23,631.46,645.46,631.96,644.96
Japan 🇯🇵 vs. Dominican Republic 🇩🇴 ｜ VNL 2025 - Full Match ｜ Week 1_set1,24,662.18,675.0,662.68,672.4
Japan 🇯🇵 vs. Dominican Republic 🇩🇴 ｜ VNL 2025 - Full Match ｜ Week 1_set1,25,692.06,700.78,692.56,700.28
Japan 🇯🇵 vs. Dominican Republic 🇩🇴 ｜ VNL 2025 - Full Match ｜ Week 1_set1,26,717.78,738.62,718.28,738.12
Japan 🇯🇵 vs. Dominican Republic 🇩🇴 ｜ VNL 2025 - Full Match ｜ Week 1_set1,27,754.1,758.26,754.6,757.76
Japan 🇯🇵 vs. Dominican Republic 🇩🇴 ｜ VNL 2025 - Full Match ｜ Week 1_set1,28,773.18,781.42,773.68,780.92
Japan 🇯🇵 vs. Dominican Republic 🇩🇴 ｜ VNL 2025 - Full Match ｜ Week 1_set1,29,806.06,814.0,806.56,812.36
Japan 🇯🇵 vs. Dominican Republic 🇩🇴 ｜ VNL 2025 - Full Match ｜ Week 1_set1,30,843.94,856.38,844.44,855.88
Japan 🇯🇵 vs. Dominican Republic 🇩🇴 ｜ VNL 2025 - Full Match ｜ Week 1_set1,31,874.18,881.54,874.68,881.04
Japan 🇯🇵 vs. Dominican Republic 🇩🇴 ｜ VNL 2025 - Full Match ｜ Week 1_set1,32,900.62,905.42,901.12,904.92
Japan 🇯🇵 vs. Dominican Republic 🇩🇴 ｜ VNL 2025 - Full Match ｜ Week 1_set1,33,983.78,995.94,984.28,995.44
Japan 🇯🇵 vs. Dominican Republic 🇩🇴 ｜ VNL 2025 - Full Match ｜ Week 1_set1,34,1014.74,1021.66,1015.24,1021.16
Japan 🇯🇵 vs. Dominican Republic 🇩🇴 ｜ VNL 2025 - Full Match ｜ Week 1_set1,35,1040.94,1067.74,1041.44,1067.24
Japan 🇯🇵 vs. Dominican Republic 🇩🇴 ｜ VNL 2025 - Full Match ｜ Week 1_set1,36,1089.98,1093.98,1090.48,1093.48
Japan 🇯🇵 vs. Dominican Republic 🇩🇴 ｜ VNL 2025 - Full Match ｜ Week 1_set1,37,1120.26,1132.34,1120.76,1131.84
Japan 🇯🇵 vs. Dominican Republic 🇩🇴 ｜ VNL 2025 - Full Match ｜ Week 1_set1,38,1156.46,1163.58,1156.96,1163.08
Japan 🇯🇵 vs. Dominican Republic 🇩🇴 ｜ VNL 2025 - Full Match ｜ Week 1_set1,39,1218.54,1226.22,1219.04,1225.72
Japan 🇯🇵 vs. Dominican Republic 🇩🇴 ｜ VNL 2025 - Full Match ｜ Week 1_set1,40,1242.7,1251.46,1243.2,1250.96
Japan 🇯🇵 vs. Dominican Republic 🇩🇴 ｜ VNL 2025 - Full Match ｜ Week 1_set1,41,1267.82,1285.62,1268.32,1285.12
Japan 🇯🇵 vs. Dominican Republic 🇩🇴 ｜ VNL 2025 - Full Match ｜ Week 1_set1,42,1362.9,1378.74,1363.4,1378.24
Japan 🇯🇵 vs. Dominican Republic 🇩🇴 ｜ VNL 2025 - Full Match ｜ Week 1_set1,43,1396.42,1403.26,1396.92,1402.76
Japan 🇯🇵 vs. France 🇫🇷 ｜ VNL 2025 - Full Match ｜ Week 3_set1,1,-0.38,7.14,0.16,6.68
Japan 🇯🇵 vs. France 🇫🇷 ｜ VNL 2025 - Full Match ｜ Week 3_set1,2,20.94,27.9,21.44,27.4
Japan 🇯🇵 vs. France 🇫🇷 ｜ VNL 2025 - Full Match ｜ Week 3_set1,3,43.22,51.02,43.72,50.52
Japan 🇯🇵 vs. France 🇫🇷 ｜ VNL 2025 - Full Match ｜ Week 3_set1,4,69.74,82.54,70.24,82.04
Japan 🇯🇵 vs. France 🇫🇷 ｜ VNL 2025 - Full Match ｜ Week 3_set1,5,99.54,114.78,100.04,114.28
Japan 🇯🇵 vs. France 🇫🇷 ｜ VNL 2025 - Full Match ｜ Week 3_set1,6,180.14,200.46,180.64,199.96
Japan 🇯🇵 vs. France 🇫🇷 ｜ VNL 2025 - Full Match ｜ Week 3_set1,7,219.34,231.18,219.84,230.68
Japan 🇯🇵 vs. France 🇫🇷 ｜ VNL 2025 - Full Match ｜ Week 3_set1,8,250.02,258.38,250.52,257.88
Japan 🇯🇵 vs. France 🇫🇷 ｜ VNL 2025 - Full Match ｜ Week 3_set1,9,271.94,287.62,272.44,287.12
Japan 🇯🇵 vs. France 🇫🇷 ｜ VNL 2025 - Full Match ｜ Week 3_set1,10,305.9,310.18,306.4,309.68
Japan 🇯🇵 vs. France 🇫🇷 ｜ VNL 2025 - Full Match ｜ Week 3_set1,11,326.34,330.1,326.84,329.6
Japan 🇯🇵 vs. France 🇫🇷 ｜ VNL 2025 - Full Match ｜ Week 3_set1,12,345.38,349.42,345.88,348.92
Japan 🇯🇵 vs. France 🇫🇷 ｜ VNL 2025 - Full Match ｜ Week 3_set1,13,364.42,368.22,364.92,367.72
Japan 🇯🇵 vs. France 🇫🇷 ｜ VNL 2025 - Full Match ｜ Week 3_set1,14,381.7,385.66,382.2,385.16
Japan 🇯🇵 vs. France 🇫🇷 ｜ VNL 2025 - Full Match ｜ Week 3_set1,15,401.22,405.02,401.72,404.52
Japan 🇯🇵 vs. France 🇫🇷 ｜ VNL 2025 - Full Match ｜ Week 3_set1,16,418.78,436.5,419.28,436.0
Japan 🇯🇵 vs. France 🇫🇷 ｜ VNL 2025 - Full Match ｜ Week 3_set1,17,452.86,461.1,453.36,460.6
Japan 🇯🇵 vs. France 🇫🇷 ｜ VNL 2025 - Full Match ｜ Week 3_set1,18,477.3,486.46,477.8,485.96
Japan 🇯🇵 vs. France 🇫🇷 ｜ VNL 2025 - Full Match ｜ Week 3_set1,19,500.82,512.78,501.32,512.28
Japan 🇯🇵 vs. France 🇫🇷 ｜ VNL 2025 - Full Match ｜ Week 3_set1,20,527.98,532.18,528.48,531.68
Japan 🇯🇵 vs. France 🇫🇷 ｜ VNL 2025 - Full Match ｜ Week 3_set1,21,545.22,549.1,545.72,548.6
Japan 🇯🇵 vs. France 🇫🇷 ｜ VNL 2025 - Full Match ｜ Week 3_set1,22,564.38,572.02,564.88,571.52
Japan 🇯🇵 vs. France 🇫🇷 ｜ VNL 2025 - Full Match ｜ Week 3_set1,23,588.06,595.26,588.56,594.76
Japan 🇯🇵 vs. France 🇫🇷 ｜ VNL 2025 - Full Match ｜ Week 3_set1,24,605.58,616.98,606.08,616.48
Japan 🇯🇵 vs. France 🇫🇷 ｜ VNL 2025 - Full Match ｜ Week 3_set1,25,634.46,641.62,634.96,641.12
Japan 🇯🇵 vs. France 🇫🇷 ｜ VNL 2025 - Full Match ｜ Week 3_set1,26,658.58,663.3,659.08,662.8
Japan 🇯🇵 vs. France 🇫🇷 ｜ VNL 2025 - Full Match ｜ Week 3_set1,27,742.46,758.66,742.96,758.16
Japan 🇯🇵 vs. France 🇫🇷 ｜ VNL 2025 - Full Match ｜ Week 3_set1,28,775.18,790.46,775.68,789.96
Japan 🇯🇵 vs. France 🇫🇷 ｜ VNL 2025 - Full Match ｜ Week 3_set1,29,808.66,812.9,809.16,812.4
Japan 🇯🇵 vs. France 🇫🇷 ｜ VNL 2025 - Full Match ｜ Week 3_set1,30,827.78,842.3,828.28,841.8
Japan 🇯🇵 vs. France 🇫🇷 ｜ VNL 2025 - Full Match ｜ Week 3_set1,31,862.18,869.54,862.68,869.04
Japan 🇯🇵 vs. France 🇫🇷 ｜ VNL 2025 - Full Match ｜ Week 3_set1,32,894.62,898.66,895.12,898.16
Japan 🇯🇵 vs. France 🇫🇷 ｜ VNL 2025 - Full Match ｜ Week 3_set1,33,917.94,925.06,918.44,924.56
Japan 🇯🇵 vs. France 🇫🇷 ｜ VNL 2025 - Full Match ｜ Week 3_set1,34,941.3,947.86,941.8,947.36
Japan 🇯🇵 vs. France 🇫🇷 ｜ VNL 2025 - Full Match ｜ Week 3_set1,35,999.38,1005.86,999.88,1005.36
Japan 🇯🇵 vs. France 🇫🇷 ｜ VNL 2025 - Full Match ｜ Week 3_set1,36,1077.1,1108.0,1077.6,1089.32
Japan 🇯🇵 vs. France 🇫🇷 ｜ VNL 2025 - Full Match ｜ Week 3_set1,37,1333.66,1349.98,1334.16,1349.48
Japan 🇯🇵 vs. France 🇫🇷 ｜ VNL 2025 - Full Match ｜ Week 3_set1,38,1365.3,1373.5,1365.8,1373.0
Japan 🇯🇵 vs. France 🇫🇷 ｜ VNL 2025 - Full Match ｜ Week 3_set1,39,1387.66,1394.98,1388.16,1394.48
Japan 🇯🇵 vs. France 🇫🇷 ｜ VNL 2025 - Full Match ｜ Week 3_set1,40,1410.38,1428.14,1410.88,1427.64
Japan 🇯🇵 vs. France 🇫🇷 ｜ VNL 2025 - Full Match ｜ Week 3_set1,41,1444.54,1461.7,1445.04,1461.2
Japan 🇯🇵 vs. France 🇫🇷 ｜ VNL 2025 - Full Match ｜ Week 3_set1,42,1481.3,1487.06,1481.3,1486.56
Japan 🇯🇵 vs. France 🇫🇷 ｜ VNL 2025 - Full Match ｜ Week 3_set1,43,1549.1,1580.46,1549.6,1579.96
Japan 🇯🇵 vs. France 🇫🇷 ｜ VNL 2025 - Full Match ｜ Week 3_set1,44,1605.02,1611.3,1605.52,1610.8
Japan 🇯🇵 vs. France 🇫🇷 ｜ VNL 2025 - Full Match ｜ Week 3_set1,45,1649.9,1660.82,1650.4,1660.32
Japan 🇯🇵 vs. France 🇫🇷 ｜ VNL 2025 - Full Match ｜ Week 3_set1,46,1679.06,1686.02,1679.56,1685.52
Japan 🇯🇵 vs. France 🇫🇷 ｜ VNL 2025 - Full Match ｜ Week 3_set1,47,1707.78,1716.14,1708.28,1715.64
Japan 🇯🇵 vs. France 🇫🇷 ｜ VNL 2025 - Full Match ｜ Week 3_set1,48,1732.7,1740.06,1733.2,1739.56
Japan 🇯🇵 vs. Netherlands 🇳🇱 ｜ VNL 2025 - Full Match ｜ Week 1_set1,1,-0.98,6.38,0.0,5.88
Japan 🇯🇵 vs. Netherlands 🇳🇱 ｜ VNL 2025 - Full Match ｜ Week 1_set1,2,25.46,35.0,25.96,31.52
Japan 🇯🇵 vs. Netherlands 🇳🇱 ｜ VNL 2025 - Full Match ｜ Week 1_set1,3,56.94,86.34,57.44,85.84
Japan 🇯🇵 vs. Netherlands 🇳🇱 ｜ VNL 2025 - Full Match ｜ Week 1_set1,4,107.78,118.34,108.28,117.84
Japan 🇯🇵 vs. Netherlands 🇳🇱 ｜ VNL 2025 - Full Match ｜ Week 1_set1,5,185.62,192.22,186.12,191.72
Japan 🇯🇵 vs. Netherlands 🇳🇱 ｜ VNL 2025 - Full Match ｜ Week 1_set1,6,208.58,215.86,209.08,215.36
Japan 🇯🇵 vs. Netherlands 🇳🇱 ｜ VNL 2025 - Full Match ｜ Week 1_set1,7,228.94,236.26,229.44,235.76
Japan 🇯🇵 vs. Netherlands 🇳🇱 ｜ VNL 2025 - Full Match ｜ Week 1_set1,8,252.7,256.46,253.2,255.96
Japan 🇯🇵 vs. Netherlands 🇳🇱 ｜ VNL 2025 - Full Match ｜ Week 1_set1,9,272.06,278.94,272.56,278.44
Japan 🇯🇵 vs. Netherlands 🇳🇱 ｜ VNL 2025 - Full Match ｜ Week 1_set1,10,294.38,300.7,294.88,300.2
Japan 🇯🇵 vs. Netherlands 🇳🇱 ｜ VNL 2025 - Full Match ｜ Week 1_set1,11,320.38,327.06,320.88,326.56
Japan 🇯🇵 vs. Netherlands 🇳🇱 ｜ VNL 2025 - Full Match ｜ Week 1_set1,12,344.74,357.02,345.24,356.52
Japan 🇯🇵 vs. Netherlands 🇳🇱 ｜ VNL 2025 - Full Match ｜ Week 1_set1,13,374.7,381.34,375.2,380.84
Japan 🇯🇵 vs. Netherlands 🇳🇱 ｜ VNL 2025 - Full Match ｜ Week 1_set1,14,398.3,405.5,398.8,405.0
Japan 🇯🇵 vs. Netherlands 🇳🇱 ｜ VNL 2025 - Full Match ｜ Week 1_set1,15,421.62,429.02,422.12,428.52
Japan 🇯🇵 vs. Netherlands 🇳🇱 ｜ VNL 2025 - Full Match ｜ Week 1_set1,16,447.02,451.26,447.52,450.76
Japan 🇯🇵 vs. Netherlands 🇳🇱 ｜ VNL 2025 - Full Match ｜ Week 1_set1,17,468.18,477.06,468.68,476.56
Japan 🇯🇵 vs. Netherlands 🇳🇱 ｜ VNL 2025 - Full Match ｜ Week 1_set1,18,538.7,542.14,539.2,541.64
Japan 🇯🇵 vs. Netherlands 🇳🇱 ｜ VNL 2025 - Full Match ｜ Week 1_set1,19,553.98,561.1,554.48,560.6
Japan 🇯🇵 vs. Netherlands 🇳🇱 ｜ VNL 2025 - Full Match ｜ Week 1_set1,20,580.06,583.82,580.56,583.32
Japan 🇯🇵 vs. Netherlands 🇳🇱 ｜ VNL 2025 - Full Match ｜ Week 1_set1,21,601.54,614.18,602.04,613.68
Japan 🇯🇵 vs. Netherlands 🇳🇱 ｜ VNL 2025 - Full Match ｜ Week 1_set1,22,629.62,638.18,630.12,637.68
Japan 🇯🇵 vs. Netherlands 🇳🇱 ｜ VNL 2025 - Full Match ｜ Week 1_set1,23,653.98,670.0,654.48,667.84
Japan 🇯🇵 vs. Netherlands 🇳🇱 ｜ VNL 2025 - Full Match ｜ Week 1_set1,24,692.7,699.46,693.2,698.96
Japan 🇯🇵 vs. Netherlands 🇳🇱 ｜ VNL 2025 - Full Match ｜ Week 1_set1,25,716.14,719.86,716.64,719.36
Japan 🇯🇵 vs. Netherlands 🇳🇱 ｜ VNL 2025 - Full Match ｜ Week 1_set1,26,736.58,743.66,737.08,743.16
Japan 🇯🇵 vs. Netherlands 🇳🇱 ｜ VNL 2025 - Full Match ｜ Week 1_set1,27,760.42,768.34,760.92,767.84
Japan 🇯🇵 vs. Netherlands 🇳🇱 ｜ VNL 2025 - Full Match ｜ Week 1_set1,28,785.74,797.18,786.24,796.68
Japan 🇯🇵 vs. Netherlands 🇳🇱 ｜ VNL 2025 - Full Match ｜ Week 1_set1,29,813.5,817.66,814.0,817.16
Japan 🇯🇵 vs. Netherlands 🇳🇱 ｜ VNL 2025 - Full Match ｜ Week 1_set1,30,882.02,888.42,882.52,887.92
Japan 🇯🇵 vs. Netherlands 🇳🇱 ｜ VNL 2025 - Full Match ｜ Week 1_set1,31,906.66,914.0,907.16,912.32
Japan 🇯🇵 vs. Netherlands 🇳🇱 ｜ VNL 2025 - Full Match ｜ Week 1_set1,32,934.02,942.1,934.52,941.6
Japan 🇯🇵 vs. Netherlands 🇳🇱 ｜ VNL 2025 - Full Match ｜ Week 1_set1,33,955.34,959.46,955.84,958.96
Japan 🇯🇵 vs. Netherlands 🇳🇱 ｜ VNL 2025 - Full Match ｜ Week 1_set1,34,974.1,994.78,974.6,994.28
Japan 🇯🇵 vs. Netherlands 🇳🇱 ｜ VNL 2025 - Full Match ｜ Week 1_set1,35,1065.34,1072.26,1065.84,1071.76
Japan 🇯🇵 vs. Netherlands 🇳🇱 ｜ VNL 2025 - Full Match ｜ Week 1_set1,36,1089.86,1110.5,1090.36,1110.0
Japan 🇯🇵 vs. Netherlands 🇳🇱 ｜ VNL 2025 - Full Match ｜ Week 1_set1,37,1130.86,1140.62,1131.36,1140.12
Japan 🇯🇵 vs. Netherlands 🇳🇱 ｜ VNL 2025 - Full Match ｜ Week 1_set1,38,1171.22,1174.94,1171.72,1174.44
Japan 🇯🇵 vs. Netherlands 🇳🇱 ｜ VNL 2025 - Full Match ｜ Week 1_set1,39,1195.38,1203.06,1195.88,1202.56
Japan 🇯🇵 vs. Netherlands 🇳🇱 ｜ VNL 2025 - Full Match ｜ Week 1_set1,40,1217.34,1221.14,1217.84,1220.64
Japan 🇯🇵 vs. Netherlands 🇳🇱 ｜ VNL 2025 - Full Match ｜ Week 1_set1,41,1237.26,1244.66,1237.76,1244.16
Japan 🇯🇵 vs. Netherlands 🇳🇱 ｜ VNL 2025 - Full Match ｜ Week 1_set1,42,1258.66,1266.02,1259.16,1265.52
Japan 🇯🇵 vs. Netherlands 🇳🇱 ｜ VNL 2025 - Full Match ｜ Week 1_set1,43,1280.54,1292.0,1281.04,1287.84
Japan 🇯🇵 vs. Serbia 🇷🇸 ｜ VNL 2025 - Full Match ｜ Week 1_set1,1,1.26,5.02,1.76,4.52
Japan 🇯🇵 vs. Serbia 🇷🇸 ｜ VNL 2025 - Full Match ｜ Week 1_set1,2,19.82,26.22,20.32,25.72
Japan 🇯🇵 vs. Serbia 🇷🇸 ｜ VNL 2025 - Full Match ｜ Week 1_set1,3,42.62,57.02,43.12,56.52
Japan 🇯🇵 vs. Serbia 🇷🇸 ｜ VNL 2025 - Full Match ｜ Week 1_set1,4,74.9,104.62,75.4,104.12
Japan 🇯🇵 vs. Serbia 🇷🇸 ｜ VNL 2025 - Full Match ｜ Week 1_set1,5,126.74,133.62,127.24,133.12
Japan 🇯🇵 vs. Serbia 🇷🇸 ｜ VNL 2025 - Full Match ｜ Week 1_set1,6,151.66,156.98,152.16,156.48
Japan 🇯🇵 vs. Serbia 🇷🇸 ｜ VNL 2025 - Full Match ｜ Week 1_set1,7,174.62,179.42,175.12,178.92
Japan 🇯🇵 vs. Serbia 🇷🇸 ｜ VNL 2025 - Full Match ｜ Week 1_set1,8,198.42,205.34,198.92,204.84
Japan 🇯🇵 vs. Serbia 🇷🇸 ｜ VNL 2025 - Full Match ｜ Week 1_set1,9,224.34,228.06,224.84,227.56
Japan 🇯🇵 vs. Serbia 🇷🇸 ｜ VNL 2025 - Full Match ｜ Week 1_set1,10,245.22,259.42,245.72,258.92
Japan 🇯🇵 vs. Serbia 🇷🇸 ｜ VNL 2025 - Full Match ｜ Week 1_set1,11,277.1,284.74,277.6,284.24
Japan 🇯🇵 vs. Serbia 🇷🇸 ｜ VNL 2025 - Full Match ｜ Week 1_set1,12,303.38,312.02,303.88,311.52
Japan 🇯🇵 vs. Serbia 🇷🇸 ｜ VNL 2025 - Full Match ｜ Week 1_set1,13,330.98,337.22,331.48,336.72
Japan 🇯🇵 vs. Serbia 🇷🇸 ｜ VNL 2025 - Full Match ｜ Week 1_set1,14,354.46,358.14,354.96,357.64
Japan 🇯🇵 vs. Serbia 🇷🇸 ｜ VNL 2025 - Full Match ｜ Week 1_set1,15,372.94,385.34,373.44,384.84
Japan 🇯🇵 vs. Serbia 🇷🇸 ｜ VNL 2025 - Full Match ｜ Week 1_set1,16,404.1,411.7,404.6,411.2
Japan 🇯🇵 vs. Serbia 🇷🇸 ｜ VNL 2025 - Full Match ｜ Week 1_set1,17,427.02,434.5,427.52,434.0
Japan 🇯🇵 vs. Serbia 🇷🇸 ｜ VNL 2025 - Full Match ｜ Week 1_set1,18,450.1,459.14,450.6,458.64
Japan 🇯🇵 vs. Serbia 🇷🇸 ｜ VNL 2025 - Full Match ｜ Week 1_set1,19,476.7,483.9,477.2,483.4
Japan 🇯🇵 vs. Serbia 🇷🇸 ｜ VNL 2025 - Full Match ｜ Week 1_set1,20,500.54,507.5,501.04,507.0
Japan 🇯🇵 vs. Serbia 🇷🇸 ｜ VNL 2025 - Full Match ｜ Week 1_set1,21,523.02,529.66,523.52,529.16
Japan 🇯🇵 vs. Serbia 🇷🇸 ｜ VNL 2025 - Full Match ｜ Week 1_set1,22,548.86,555.54,549.36,555.04
Japan 🇯🇵 vs. Serbia 🇷🇸 ｜ VNL 2025 - Full Match ｜ Week 1_set1,23,573.46,588.26,573.96,587.76
Japan 🇯🇵 vs. Serbia 🇷🇸 ｜ VNL 2025 - Full Match ｜ Week 1_set1,24,611.62,615.34,612.12,614.84
Japan 🇯🇵 vs. Serbia 🇷🇸 ｜ VNL 2025 - Full Match ｜ Week 1_set1,25,628.02,634.74,628.52,634.24
Japan 🇯🇵 vs. Serbia 🇷🇸 ｜ VNL 2025 - Full Match ｜ Week 1_set1,26,651.3,658.46,651.8,657.96
Japan 🇯🇵 vs. Serbia 🇷🇸 ｜ VNL 2025 - Full Match ｜ Week 1_set1,27,677.7,685.66,678.2,685.16
Japan 🇯🇵 vs. Serbia 🇷🇸 ｜ VNL 2025 - Full Match ｜ Week 1_set1,28,704.54,712.3,705.04,711.8
Japan 🇯🇵 vs. Serbia 🇷🇸 ｜ VNL 2025 - Full Match ｜ Week 1_set1,29,732.86,736.58,733.36,736.08
Japan 🇯🇵 vs. Serbia 🇷🇸 ｜ VNL 2025 - Full Match ｜ Week 1_set1,30,753.7,760.46,754.2,759.96
Japan 🇯🇵 vs. Serbia 🇷🇸 ｜ VNL 2025 - Full Match ｜ Week 1_set1,31,775.9,782.58,776.4,782.08
Japan 🇯🇵 vs. Serbia 🇷🇸 ｜ VNL 2025 - Full Match ｜ Week 1_set1,32,799.82,805.1,800.32,804.6
Japan 🇯🇵 vs. Serbia 🇷🇸 ｜ VNL 2025 - Full Match ｜ Week 1_set1,33,820.98,832.66,821.48,832.16
Japan 🇯🇵 vs. Serbia 🇷🇸 ｜ VNL 2025 - Full Match ｜ Week 1_set1,34,898.58,906.18,899.08,905.68
Japan 🇯🇵 vs. Serbia 🇷🇸 ｜ VNL 2025 - Full Match ｜ Week 1_set1,35,922.94,929.1,923.44,928.6
Japan 🇯🇵 vs. Serbia 🇷🇸 ｜ VNL 2025 - Full Match ｜ Week 1_set1,36,948.78,959.86,949.28,959.36
Japan 🇯🇵 vs. Serbia 🇷🇸 ｜ VNL 2025 - Full Match ｜ Week 1_set1,37,977.42,984.14,977.92,983.64
Japan 🇯🇵 vs. Serbia 🇷🇸 ｜ VNL 2025 - Full Match ｜ Week 1_set1,38,1011.86,1019.0,1012.36,1018.64
Japan 🇯🇵 vs. Serbia 🇷🇸 ｜ VNL 2025 - Full Match ｜ Week 1_set1,39,1044.1,1047.74,1044.6,1047.24
Japan 🇯🇵 vs. Serbia 🇷🇸 ｜ VNL 2025 - Full Match ｜ Week 1_set1,40,1066.1,1072.46,1066.6,1071.96
Japan 🇯🇵 vs. Serbia 🇷🇸 ｜ VNL 2025 - Full Match ｜ Week 1_set1,41,1099.58,1103.38,1100.08,1102.88
Japan 🇯🇵 vs. Serbia 🇷🇸 ｜ VNL 2025 - Full Match ｜ Week 1_set1,42,1171.14,1181.18,1171.64,1180.68
Japan 🇯🇵 vs. Serbia 🇷🇸 ｜ VNL 2025 - Full Match ｜ Week 1_set1,43,1204.02,1211.7,1204.52,1211.2
Japan 🇯🇵 vs. Serbia 🇷🇸 ｜ VNL 2025 - Full Match ｜ Week 1_set1,44,1245.78,1249.62,1246.28,1249.12
Japan 🇯🇵 vs. Serbia 🇷🇸 ｜ VNL 2025 - Full Match ｜ Week 1_set1,45,1266.98,1270.78,1267.48,1270.28
Jtekt Stings 🇯🇵 - Suntory Sunbirds Osaka 🇯🇵 ｜ SV League 2026 ｜ Full Match - Volleyball_set1,1,0.002,15.264,0.502,14.764
Jtekt Stings 🇯🇵 - Suntory Sunbirds Osaka 🇯🇵 ｜ SV League 2026 ｜ Full Match - Volleyball_set1,2,31.783,47.579,32.283,47.079
Jtekt Stings 🇯🇵 - Suntory Sunbirds Osaka 🇯🇵 ｜ SV League 2026 ｜ Full Match - Volleyball_set1,3,60.896,67.032,61.396,66.532
Jtekt Stings 🇯🇵 - Suntory Sunbirds Osaka 🇯🇵 ｜ SV League 2026 ｜ Full Match - Volleyball_set1,4,87.372,94.059,87.872,93.559
Jtekt Stings 🇯🇵 - Suntory Sunbirds Osaka 🇯🇵 ｜ SV League 2026 ｜ Full Match - Volleyball_set1,5,112.314,123.789,112.814,123.289
Jtekt Stings 🇯🇵 - Suntory Sunbirds Osaka 🇯🇵 ｜ SV League 2026 ｜ Full Match - Volleyball_set1,6,140.442,163.145,140.942,162.645
Jtekt Stings 🇯🇵 - Suntory Sunbirds Osaka 🇯🇵 ｜ SV League 2026 ｜ Full Match - Volleyball_set1,7,237.239,245.644,237.739,245.144
Jtekt Stings 🇯🇵 - Suntory Sunbirds Osaka 🇯🇵 ｜ SV League 2026 ｜ Full Match - Volleyball_set1,8,318.236,325.724,318.736,325.224
Jtekt Stings 🇯🇵 - Suntory Sunbirds Osaka 🇯🇵 ｜ SV League 2026 ｜ Full Match - Volleyball_set1,9,342.043,354.603,342.543,354.103
Jtekt Stings 🇯🇵 - Suntory Sunbirds Osaka 🇯🇵 ｜ SV League 2026 ｜ Full Match - Volleyball_set1,10,370.655,378.443,371.155,377.943
Jtekt Stings 🇯🇵 - Suntory Sunbirds Osaka 🇯🇵 ｜ SV League 2026 ｜ Full Match - Volleyball_set1,11,396.414,407.939,396.914,407.439
Jtekt Stings 🇯🇵 - Suntory Sunbirds Osaka 🇯🇵 ｜ SV League 2026 ｜ Full Match - Volleyball_set1,12,425.96,431.596,426.46,431.096
Jtekt Stings 🇯🇵 - Suntory Sunbirds Osaka 🇯🇵 ｜ SV League 2026 ｜ Full Match - Volleyball_set1,13,446.03,453.885,446.53,453.385
Jtekt Stings 🇯🇵 - Suntory Sunbirds Osaka 🇯🇵 ｜ SV League 2026 ｜ Full Match - Volleyball_set1,14,521.523,531.73,522.023,531.23
Jtekt Stings 🇯🇵 - Suntory Sunbirds Osaka 🇯🇵 ｜ SV League 2026 ｜ Full Match - Volleyball_set1,15,549.817,553.935,550.317,553.435
Jtekt Stings 🇯🇵 - Suntory Sunbirds Osaka 🇯🇵 ｜ SV League 2026 ｜ Full Match - Volleyball_set1,16,571.022,588.453,571.522,587.953
Jtekt Stings 🇯🇵 - Suntory Sunbirds Osaka 🇯🇵 ｜ SV League 2026 ｜ Full Match - Volleyball_set1,17,608.977,613.611,609.477,613.111
Jtekt Stings 🇯🇵 - Suntory Sunbirds Osaka 🇯🇵 ｜ SV League 2026 ｜ Full Match - Volleyball_set1,18,631.633,635.517,632.133,635.017
Jtekt Stings 🇯🇵 - Suntory Sunbirds Osaka 🇯🇵 ｜ SV League 2026 ｜ Full Match - Volleyball_set1,19,651.653,658.757,652.153,658.257
Jtekt Stings 🇯🇵 - Suntory Sunbirds Osaka 🇯🇵 ｜ SV League 2026 ｜ Full Match - Volleyball_set1,20,677.645,681.513,678.145,681.013
Jtekt Stings 🇯🇵 - Suntory Sunbirds Osaka 🇯🇵 ｜ SV League 2026 ｜ Full Match - Volleyball_set1,21,697.098,715.613,697.598,715.113
Jtekt Stings 🇯🇵 - Suntory Sunbirds Osaka 🇯🇵 ｜ SV League 2026 ｜ Full Match - Volleyball_set1,22,732.033,738.269,732.533,737.769
Jtekt Stings 🇯🇵 - Suntory Sunbirds Osaka 🇯🇵 ｜ SV League 2026 ｜ Full Match - Volleyball_set1,23,755.523,762.026,756.023,761.526
Jtekt Stings 🇯🇵 - Suntory Sunbirds Osaka 🇯🇵 ｜ SV League 2026 ｜ Full Match - Volleyball_set1,24,778.279,791.739,778.779,791.239
Jtekt Stings 🇯🇵 - Suntory Sunbirds Osaka 🇯🇵 ｜ SV League 2026 ｜ Full Match - Volleyball_set1,25,876.711,883.748,877.211,883.248
Jtekt Stings 🇯🇵 - Suntory Sunbirds Osaka 🇯🇵 ｜ SV League 2026 ｜ Full Match - Volleyball_set1,26,900.401,914.846,900.901,914.346
Jtekt Stings 🇯🇵 - Suntory Sunbirds Osaka 🇯🇵 ｜ SV League 2026 ｜ Full Match - Volleyball_set1,27,938.105,942.373,938.605,941.873
Jtekt Stings 🇯🇵 - Suntory Sunbirds Osaka 🇯🇵 ｜ SV League 2026 ｜ Full Match - Volleyball_set1,28,958.592,965.496,959.092,964.996
Jtekt Stings 🇯🇵 - Suntory Sunbirds Osaka 🇯🇵 ｜ SV League 2026 ｜ Full Match - Volleyball_set1,29,984.185,992.757,984.685,992.257
Jtekt Stings 🇯🇵 - Suntory Sunbirds Osaka 🇯🇵 ｜ SV League 2026 ｜ Full Match - Volleyball_set1,30,1007.808,1018.516,1008.308,1018.016
Jtekt Stings 🇯🇵 - Suntory Sunbirds Osaka 🇯🇵 ｜ SV League 2026 ｜ Full Match - Volleyball_set1,31,1037.571,1050.0,1038.071,1049.614
Jtekt Stings 🇯🇵 - Suntory Sunbirds Osaka 🇯🇵 ｜ SV League 2026 ｜ Full Match - Volleyball_set1,32,1124.008,1135.817,1124.508,1135.317
Jtekt Stings 🇯🇵 - Suntory Sunbirds Osaka 🇯🇵 ｜ SV League 2026 ｜ Full Match - Volleyball_set1,33,1159.693,1166.531,1160.193,1166.031
Jtekt Stings 🇯🇵 - Suntory Sunbirds Osaka 🇯🇵 ｜ SV League 2026 ｜ Full Match - Volleyball_set1,34,1185.252,1188.703,1185.752,1188.203
Jtekt Stings 🇯🇵 - Suntory Sunbirds Osaka 🇯🇵 ｜ SV League 2026 ｜ Full Match - Volleyball_set1,35,1207.441,1214.495,1207.941,1213.995
Jtekt Stings 🇯🇵 - Suntory Sunbirds Osaka 🇯🇵 ｜ SV League 2026 ｜ Full Match - Volleyball_set1,36,1241.008,1244.458,1241.508,1243.958
Jtekt Stings 🇯🇵 - Suntory Sunbirds Osaka 🇯🇵 ｜ SV League 2026 ｜ Full Match - Volleyball_set1,37,1281.015,1287.852,1281.515,1287.352
Jtekt Stings 🇯🇵 - Suntory Sunbirds Osaka 🇯🇵 ｜ SV League 2026 ｜ Full Match - Volleyball_set1,38,1314.181,1321.218,1314.681,1320.718
Jtekt Stings 🇯🇵 - Suntory Sunbirds Osaka 🇯🇵 ｜ SV League 2026 ｜ Full Match - Volleyball_set1,39,1339.006,1360.658,1339.506,1360.158
Korea vs. Bulgaria - Classification 5-8 ｜ Boys' U19 World Champs 2025 - Full Match_set1,1,7.267,13.967,7.767,13.467
Korea vs. Bulgaria - Classification 5-8 ｜ Boys' U19 World Champs 2025 - Full Match_set1,2,27.667,31.4,28.167,30.9
Korea vs. Bulgaria - Classification 5-8 ｜ Boys' U19 World Champs 2025 - Full Match_set1,3,46.433,53.867,46.933,53.367
Korea vs. Bulgaria - Classification 5-8 ｜ Boys' U19 World Champs 2025 - Full Match_set1,4,68.167,72.4,68.667,71.9
Korea vs. Bulgaria - Classification 5-8 ｜ Boys' U19 World Champs 2025 - Full Match_set1,5,90.367,97.8,90.867,97.3
Korea vs. Bulgaria - Classification 5-8 ｜ Boys' U19 World Champs 2025 - Full Match_set1,6,112.867,131.767,113.367,131.267
Korea vs. Bulgaria - Classification 5-8 ｜ Boys' U19 World Champs 2025 - Full Match_set1,7,192.133,202.1,192.633,201.6
Korea vs. Bulgaria - Classification 5-8 ｜ Boys' U19 World Champs 2025 - Full Match_set1,8,218.4,244.5,218.9,244.0
Korea vs. Bulgaria - Classification 5-8 ｜ Boys' U19 World Champs 2025 - Full Match_set1,9,258.567,270.367,259.067,269.867
Korea vs. Bulgaria - Classification 5-8 ｜ Boys' U19 World Champs 2025 - Full Match_set1,10,287.5,294.433,288.0,293.933
Korea vs. Bulgaria - Classification 5-8 ｜ Boys' U19 World Champs 2025 - Full Match_set1,11,311.567,320.867,312.067,320.367
Korea vs. Bulgaria - Classification 5-8 ｜ Boys' U19 World Champs 2025 - Full Match_set1,12,340.867,347.967,341.367,347.467
Korea vs. Bulgaria - Classification 5-8 ｜ Boys' U19 World Champs 2025 - Full Match_set1,13,365.6,369.4,366.1,368.9
Korea vs. Bulgaria - Classification 5-8 ｜ Boys' U19 World Champs 2025 - Full Match_set1,14,381.233,398.0,381.733,397.5
Korea vs. Bulgaria - Classification 5-8 ｜ Boys' U19 World Champs 2025 - Full Match_set1,15,410.3,418.233,410.8,417.733
Korea vs. Bulgaria - Classification 5-8 ｜ Boys' U19 World Champs 2025 - Full Match_set1,16,432.733,453.867,433.233,453.367
Korea vs. Bulgaria - Classification 5-8 ｜ Boys' U19 World Champs 2025 - Full Match_set1,17,471.167,477.967,471.667,477.467
Korea vs. Bulgaria - Classification 5-8 ｜ Boys' U19 World Champs 2025 - Full Match_set1,18,493.233,496.8,493.733,496.3
Korea vs. Bulgaria - Classification 5-8 ｜ Boys' U19 World Champs 2025 - Full Match_set1,19,510.733,516.9,511.233,516.4
Korea vs. Bulgaria - Classification 5-8 ｜ Boys' U19 World Champs 2025 - Full Match_set1,20,531.533,538.433,532.033,537.933
Korea vs. Bulgaria - Classification 5-8 ｜ Boys' U19 World Champs 2025 - Full Match_set1,21,552.7,559.3,553.2,558.8
Korea vs. Bulgaria - Classification 5-8 ｜ Boys' U19 World Champs 2025 - Full Match_set1,22,573.333,577.3,573.833,576.8
Korea vs. Bulgaria - Classification 5-8 ｜ Boys' U19 World Champs 2025 - Full Match_set1,23,592.8,601.0,593.3,600.5
Korea vs. Bulgaria - Classification 5-8 ｜ Boys' U19 World Champs 2025 - Full Match_set1,24,661.5,668.567,662.0,668.067
Korea vs. Bulgaria - Classification 5-8 ｜ Boys' U19 World Champs 2025 - Full Match_set1,25,683.867,692.067,684.367,691.567
Korea vs. Bulgaria - Classification 5-8 ｜ Boys' U19 World Champs 2025 - Full Match_set1,26,706.467,712.733,706.967,712.233
Korea vs. Bulgaria - Classification 5-8 ｜ Boys' U19 World Champs 2025 - Full Match_set1,27,767.9,772.1,768.4,771.6
Korea vs. Bulgaria - Classification 5-8 ｜ Boys' U19 World Champs 2025 - Full Match_set1,28,786.0,799.133,786.5,798.633
Korea vs. Bulgaria - Classification 5-8 ｜ Boys' U19 World Champs 2025 - Full Match_set1,29,818.867,825.8,819.367,825.3
Korea vs. Bulgaria - Classification 5-8 ｜ Boys' U19 World Champs 2025 - Full Match_set1,30,883.367,887.5,883.867,887.0
Korea vs. Bulgaria - Classification 5-8 ｜ Boys' U19 World Champs 2025 - Full Match_set1,31,903.2,908.167,903.7,907.667
Korea vs. Bulgaria - Classification 5-8 ｜ Boys' U19 World Champs 2025 - Full Match_set1,32,924.367,928.0,924.867,927.5
Korea vs. Bulgaria - Classification 5-8 ｜ Boys' U19 World Champs 2025 - Full Match_set1,33,946.567,954.167,947.067,953.667
Korea vs. Bulgaria - Classification 5-8 ｜ Boys' U19 World Champs 2025 - Full Match_set1,34,970.533,974.3,971.033,973.8
Korea vs. Bulgaria - Classification 5-8 ｜ Boys' U19 World Champs 2025 - Full Match_set1,35,991.833,1005.233,992.333,1004.733
Korea vs. Bulgaria - Classification 5-8 ｜ Boys' U19 World Champs 2025 - Full Match_set1,36,1024.033,1033.9,1024.533,1033.4
Korea vs. Bulgaria - Classification 5-8 ｜ Boys' U19 World Champs 2025 - Full Match_set1,37,1046.233,1053.8,1046.733,1053.3
Korea vs. Bulgaria - Classification 5-8 ｜ Boys' U19 World Champs 2025 - Full Match_set1,38,1069.9,1076.933,1070.4,1076.433
Korea vs. Bulgaria - Classification 5-8 ｜ Boys' U19 World Champs 2025 - Full Match_set1,39,1094.367,1109.8,1094.867,1109.3
Korea vs. Bulgaria - Classification 5-8 ｜ Boys' U19 World Champs 2025 - Full Match_set1,40,1126.5,1133.4,1127.0,1132.9
Korea vs. Bulgaria - Classification 5-8 ｜ Boys' U19 World Champs 2025 - Full Match_set1,41,1150.467,1178.767,1150.967,1178.267
Korea vs. Bulgaria - Classification 5-8 ｜ Boys' U19 World Champs 2025 - Full Match_set1,42,1194.3,1198.133,1194.3,1197.633
Korea vs. Finland - Ranking 11-12 ｜ Boys' U19 World Champs 2025 - Full Match_set1,1,2.933,16.833,3.433,16.333
Korea vs. Finland - Ranking 11-12 ｜ Boys' U19 World Champs 2025 - Full Match_set1,2,30.133,33.583,30.633,33.083
Korea vs. Finland - Ranking 11-12 ｜ Boys' U19 World Champs 2025 - Full Match_set1,3,46.433,53.3,46.933,52.8
Korea vs. Finland - Ranking 11-12 ｜ Boys' U19 World Champs 2025 - Full Match_set1,4,69.367,77.0,69.867,76.533
Korea vs. Finland - Ranking 11-12 ｜ Boys' U19 World Champs 2025 - Full Match_set1,5,92.0,99.333,92.5,98.833
Korea vs. Finland - Ranking 11-12 ｜ Boys' U19 World Champs 2025 - Full Match_set1,6,113.433,122.233,113.933,121.733
Korea vs. Finland - Ranking 11-12 ｜ Boys' U19 World Champs 2025 - Full Match_set1,7,137.233,145.0,137.733,144.5
Korea vs. Finland - Ranking 11-12 ｜ Boys' U19 World Champs 2025 - Full Match_set1,8,159.967,167.733,160.467,167.233
Korea vs. Finland - Ranking 11-12 ｜ Boys' U19 World Champs 2025 - Full Match_set1,9,180.417,189.367,180.917,188.867
Korea vs. Finland - Ranking 11-12 ｜ Boys' U19 World Champs 2025 - Full Match_set1,10,205.267,211.5,205.767,211.0
Korea vs. Finland - Ranking 11-12 ｜ Boys' U19 World Champs 2025 - Full Match_set1,11,225.583,229.483,226.083,228.983
Korea vs. Finland - Ranking 11-12 ｜ Boys' U19 World Champs 2025 - Full Match_set1,12,239.867,256.8,240.367,256.3
Korea vs. Finland - Ranking 11-12 ｜ Boys' U19 World Champs 2025 - Full Match_set1,13,272.5,276.1,273.0,275.6
Korea vs. Finland - Ranking 11-12 ｜ Boys' U19 World Champs 2025 - Full Match_set1,14,286.8,305.8,287.3,305.3
Korea vs. Finland - Ranking 11-12 ｜ Boys' U19 World Champs 2025 - Full Match_set1,15,316.8,328.267,317.3,327.767
Korea vs. Finland - Ranking 11-12 ｜ Boys' U19 World Champs 2025 - Full Match_set1,16,342.1,348.033,342.6,347.533
Korea vs. Finland - Ranking 11-12 ｜ Boys' U19 World Champs 2025 - Full Match_set1,17,362.733,369.6,363.233,369.1
Korea vs. Finland - Ranking 11-12 ｜ Boys' U19 World Champs 2025 - Full Match_set1,18,385.667,393.0,386.167,392.5
Korea vs. Finland - Ranking 11-12 ｜ Boys' U19 World Champs 2025 - Full Match_set1,19,407.6,411.883,408.1,411.383
Korea vs. Finland - Ranking 11-12 ｜ Boys' U19 World Champs 2025 - Full Match_set1,20,424.283,431.233,424.783,430.733
Korea vs. Finland - Ranking 11-12 ｜ Boys' U19 World Champs 2025 - Full Match_set1,21,445.333,452.0,445.833,450.417
Korea vs. Finland - Ranking 11-12 ｜ Boys' U19 World Champs 2025 - Full Match_set1,22,467.8,474.1,468.3,473.6
Korea vs. Finland - Ranking 11-12 ｜ Boys' U19 World Champs 2025 - Full Match_set1,23,494.983,502.2,495.483,501.7
Korea vs. Finland - Ranking 11-12 ｜ Boys' U19 World Champs 2025 - Full Match_set1,24,514.683,518.533,515.183,518.033
Korea vs. Finland - Ranking 11-12 ｜ Boys' U19 World Champs 2025 - Full Match_set1,25,529.367,537.017,529.867,536.517
Korea vs. Finland - Ranking 11-12 ｜ Boys' U19 World Champs 2025 - Full Match_set1,26,550.0,557.333,550.5,556.833
Korea vs. Finland - Ranking 11-12 ｜ Boys' U19 World Champs 2025 - Full Match_set1,27,588.333,594.917,588.833,594.417
Korea vs. Finland - Ranking 11-12 ｜ Boys' U19 World Champs 2025 - Full Match_set1,28,607.733,620.117,608.233,619.617
Korea vs. Finland - Ranking 11-12 ｜ Boys' U19 World Champs 2025 - Full Match_set1,29,638.433,644.967,638.933,644.467
Korea vs. Finland - Ranking 11-12 ｜ Boys' U19 World Champs 2025 - Full Match_set1,30,657.517,664.3,658.017,663.8
Korea vs. Finland - Ranking 11-12 ｜ Boys' U19 World Champs 2025 - Full Match_set1,31,677.6,685.15,678.1,684.65
Korea vs. Finland - Ranking 11-12 ｜ Boys' U19 World Champs 2025 - Full Match_set1,32,748.333,752.1,748.833,751.6
Korea vs. Finland - Ranking 11-12 ｜ Boys' U19 World Champs 2025 - Full Match_set1,33,765.567,776.2,766.067,775.7
Korea vs. Finland - Ranking 11-12 ｜ Boys' U19 World Champs 2025 - Full Match_set1,34,789.583,797.183,790.083,796.683
Korea vs. Finland - Ranking 11-12 ｜ Boys' U19 World Champs 2025 - Full Match_set1,35,863.1,866.517,863.6,866.017
Korea vs. Finland - Ranking 11-12 ｜ Boys' U19 World Champs 2025 - Full Match_set1,36,887.017,895.167,887.517,894.667
Korea vs. Finland - Ranking 11-12 ｜ Boys' U19 World Champs 2025 - Full Match_set1,37,919.517,933.683,920.017,933.183
Korea vs. Finland - Ranking 11-12 ｜ Boys' U19 World Champs 2025 - Full Match_set1,38,958.717,966.133,959.217,965.633
Korea vs. Finland - Ranking 11-12 ｜ Boys' U19 World Champs 2025 - Full Match_set1,39,981.333,993.367,981.833,992.867
Korea vs. Finland - Ranking 11-12 ｜ Boys' U19 World Champs 2025 - Full Match_set1,40,1054.033,1060.133,1054.533,1059.633
Korea vs. Finland - Ranking 11-12 ｜ Boys' U19 World Champs 2025 - Full Match_set1,41,1076.8,1083.0,1077.3,1082.5
Korea vs. Finland - Ranking 11-12 ｜ Boys' U19 World Champs 2025 - Full Match_set1,42,1100.4,1107.667,1100.9,1107.167
Korea vs. Finland - Ranking 11-12 ｜ Boys' U19 World Champs 2025 - Full Match_set1,43,1167.533,1178.067,1168.033,1177.567
Korea vs. Finland - Ranking 11-12 ｜ Boys' U19 World Champs 2025 - Full Match_set1,44,1190.05,1196.967,1190.55,1196.467
Osaka Bluteon vs Diamond Food Fine Chef - Full Match ｜ SV. League World Tour 2025 ｜ Volleyball_set1,1,7.209,15.314,7.709,14.814
Osaka Bluteon vs Diamond Food Fine Chef - Full Match ｜ SV. League World Tour 2025 ｜ Volleyball_set1,2,31.199,39.905,31.699,39.405
Osaka Bluteon vs Diamond Food Fine Chef - Full Match ｜ SV. League World Tour 2025 ｜ Volleyball_set1,3,53.789,58.29,54.289,57.79
Osaka Bluteon vs Diamond Food Fine Chef - Full Match ｜ SV. League World Tour 2025 ｜ Volleyball_set1,4,82.551,86.518,83.051,86.018
Osaka Bluteon vs Diamond Food Fine Chef - Full Match ｜ SV. League World Tour 2025 ｜ Volleyball_set1,5,101.937,109.208,102.437,108.708
Osaka Bluteon vs Diamond Food Fine Chef - Full Match ｜ SV. League World Tour 2025 ｜ Volleyball_set1,6,126.261,132.664,126.761,132.164
Osaka Bluteon vs Diamond Food Fine Chef - Full Match ｜ SV. League World Tour 2025 ｜ Volleyball_set1,7,147.716,156.788,148.216,156.288
Osaka Bluteon vs Diamond Food Fine Chef - Full Match ｜ SV. League World Tour 2025 ｜ Volleyball_set1,8,180.482,184.55,180.982,184.05
Osaka Bluteon vs Diamond Food Fine Chef - Full Match ｜ SV. League World Tour 2025 ｜ Volleyball_set1,9,201.87,209.241,202.37,208.741
Osaka Bluteon vs Diamond Food Fine Chef - Full Match ｜ SV. League World Tour 2025 ｜ Volleyball_set1,10,272.307,276.041,272.807,275.541
Osaka Bluteon vs Diamond Food Fine Chef - Full Match ｜ SV. League World Tour 2025 ｜ Volleyball_set1,11,291.993,300.0,292.493,298.631
Osaka Bluteon vs Diamond Food Fine Chef - Full Match ｜ SV. League World Tour 2025 ｜ Volleyball_set1,12,321.089,327.159,321.589,326.659
Osaka Bluteon vs Diamond Food Fine Chef - Full Match ｜ SV. League World Tour 2025 ｜ Volleyball_set1,13,347.549,354.286,348.049,353.786
Osaka Bluteon vs Diamond Food Fine Chef - Full Match ｜ SV. League World Tour 2025 ｜ Volleyball_set1,14,374.743,400.265,375.243,399.765
Osaka Bluteon vs Diamond Food Fine Chef - Full Match ｜ SV. League World Tour 2025 ｜ Volleyball_set1,15,430.298,474.606,430.798,474.106
Osaka Bluteon vs Diamond Food Fine Chef - Full Match ｜ SV. League World Tour 2025 ｜ Volleyball_set1,16,501.269,517.716,501.769,517.216
Osaka Bluteon vs Diamond Food Fine Chef - Full Match ｜ SV. League World Tour 2025 ｜ Volleyball_set1,17,537.238,544.075,537.738,543.575
Osaka Bluteon vs Diamond Food Fine Chef - Full Match ｜ SV. League World Tour 2025 ｜ Volleyball_set1,18,564.933,580.278,565.433,579.778
Osaka Bluteon vs Diamond Food Fine Chef - Full Match ｜ SV. League World Tour 2025 ｜ Volleyball_set1,19,598.566,606.638,599.066,606.138
Osaka Bluteon vs Diamond Food Fine Chef - Full Match ｜ SV. League World Tour 2025 ｜ Volleyball_set1,20,623.291,633.665,623.791,633.165
Osaka Bluteon vs Diamond Food Fine Chef - Full Match ｜ SV. League World Tour 2025 ｜ Volleyball_set1,21,649.117,657.288,649.617,656.788
Osaka Bluteon vs Diamond Food Fine Chef - Full Match ｜ SV. League World Tour 2025 ｜ Volleyball_set1,22,734.335,744.943,734.835,744.443
Osaka Bluteon vs Diamond Food Fine Chef - Full Match ｜ SV. League World Tour 2025 ｜ Volleyball_set1,23,760.294,769.567,760.794,769.067
Osaka Bluteon vs Diamond Food Fine Chef - Full Match ｜ SV. League World Tour 2025 ｜ Volleyball_set1,24,787.0,791.923,787.0,791.423
Osaka Bluteon vs Diamond Food Fine Chef - Full Match ｜ SV. League World Tour 2025 ｜ Volleyball_set1,25,803.804,810.341,804.304,809.841
Osaka Bluteon vs Diamond Food Fine Chef - Full Match ｜ SV. League World Tour 2025 ｜ Volleyball_set1,26,822.69,830.0,823.19,829.661
Osaka Bluteon vs Diamond Food Fine Chef - Full Match ｜ SV. League World Tour 2025 ｜ Volleyball_set1,27,845.766025,851.382,845.766025,850.882
Osaka Bluteon vs Diamond Food Fine Chef - Full Match ｜ SV. League World Tour 2025 ｜ Volleyball_set1,28,876.244,884.716,876.744,884.216
Osaka Bluteon vs Diamond Food Fine Chef - Full Match ｜ SV. League World Tour 2025 ｜ Volleyball_set1,29,902.136,908.239,902.636,907.739
Osaka Bluteon vs Diamond Food Fine Chef - Full Match ｜ SV. League World Tour 2025 ｜ Volleyball_set1,30,927.094,934.198,927.594,933.698
Osaka Bluteon vs Diamond Food Fine Chef - Full Match ｜ SV. League World Tour 2025 ｜ Volleyball_set1,31,952.62,960.992,953.12,960.492
Osaka Bluteon vs Diamond Food Fine Chef - Full Match ｜ SV. League World Tour 2025 ｜ Volleyball_set1,32,978.112,987.618,978.612,987.118
Osaka Bluteon vs Diamond Food Fine Chef - Full Match ｜ SV. League World Tour 2025 ｜ Volleyball_set1,33,1016.283,1028.259,1016.783,1027.759
Osaka Bluteon vs Diamond Food Fine Chef - Full Match ｜ SV. League World Tour 2025 ｜ Volleyball_set1,34,1043.477,1050.281,1044.011,1049.781
Osaka Bluteon vs Diamond Food Fine Chef - Full Match ｜ SV. League World Tour 2025 ｜ Volleyball_set1,35,1114.548,1122.053,1115.048,1121.553
Osaka Bluteon vs Diamond Food Fine Chef - Full Match ｜ SV. League World Tour 2025 ｜ Volleyball_set1,36,1136.804,1143.975,1137.304,1143.475
Osaka Bluteon vs Diamond Food Fine Chef - Full Match ｜ SV. League World Tour 2025 ｜ Volleyball_set1,37,1164.932,1178.709,1165.432,1178.209
Osaka Bluteon vs Diamond Food Fine Chef - Full Match ｜ SV. League World Tour 2025 ｜ Volleyball_set1,38,1205.139,1209.273,1205.639,1208.773
Osaka Bluteon vs Diamond Food Fine Chef - Full Match ｜ SV. League World Tour 2025 ｜ Volleyball_set1,39,1226.994,1234.298,1227.494,1233.798
Osaka Bluteon vs Diamond Food Fine Chef - Full Match ｜ SV. League World Tour 2025 ｜ Volleyball_set1,40,1256.557,1265.93,1257.057,1265.43
Osaka Bluteon vs Diamond Food Fine Chef - Full Match ｜ SV. League World Tour 2025 ｜ Volleyball_set1,41,1283.751,1287.918,1284.251,1287.418
Osaka Bluteon vs Diamond Food Fine Chef - Full Match ｜ SV. League World Tour 2025 ｜ Volleyball_set1,42,1303.303,1313.844,1303.803,1313.344
Osaka Bluteon vs Diamond Food Fine Chef - Full Match ｜ SV. League World Tour 2025 ｜ Volleyball_set1,43,1341.542,1348.346,1342.042,1347.846
Osaka Bluteon vs Diamond Food Fine Chef - Full Match ｜ SV. League World Tour 2025 ｜ Volleyball_set1,44,1380.0,1387.451,1380.0,1386.951
Osaka Bluteon vs Diamond Food Fine Chef - Full Match ｜ SV. League World Tour 2025 ｜ Volleyball_set1,45,1412.413,1428.492,1412.913,1427.992
Osaka Bluteon vs Diamond Food Fine Chef - Full Match ｜ SV. League World Tour 2025 ｜ Volleyball_set1,46,1446.547,1458.122,1447.047,1457.622
Osaka Bluteon vs Diamond Food Fine Chef - Full Match ｜ SV. League World Tour 2025 ｜ Volleyball_set1,47,1534.902,1547.478,1535.402,1546.978
Osaka Bluteon vs. Toray Arrows Shizuoka - Full Match ｜ SV. League World Tour 2025 ｜ Volleyball_set1,1,9.344,17.316,9.844,16.816
Osaka Bluteon vs. Toray Arrows Shizuoka - Full Match ｜ SV. League World Tour 2025 ｜ Volleyball_set1,2,38.106,46.378,38.606,45.878
Osaka Bluteon vs. Toray Arrows Shizuoka - Full Match ｜ SV. League World Tour 2025 ｜ Volleyball_set1,3,73.508,77.242,74.008,76.742
Osaka Bluteon vs. Toray Arrows Shizuoka - Full Match ｜ SV. League World Tour 2025 ｜ Volleyball_set1,4,101.369,110.642,101.869,110.142
Osaka Bluteon vs. Toray Arrows Shizuoka - Full Match ｜ SV. League World Tour 2025 ｜ Volleyball_set1,5,131.066,134.9,131.566,134.4
Osaka Bluteon vs. Toray Arrows Shizuoka - Full Match ｜ SV. League World Tour 2025 ｜ Volleyball_set1,6,154.523,159.024,155.023,158.524
Osaka Bluteon vs. Toray Arrows Shizuoka - Full Match ｜ SV. League World Tour 2025 ｜ Volleyball_set1,7,177.379,180.746,177.879,180.246
Osaka Bluteon vs. Toray Arrows Shizuoka - Full Match ｜ SV. League World Tour 2025 ｜ Volleyball_set1,8,198.5,202.201,199.0,201.701
Osaka Bluteon vs. Toray Arrows Shizuoka - Full Match ｜ SV. League World Tour 2025 ｜ Volleyball_set1,9,220.855,226.959,221.355,226.459
Osaka Bluteon vs. Toray Arrows Shizuoka - Full Match ｜ SV. League World Tour 2025 ｜ Volleyball_set1,10,251.62,259.825,252.12,259.325
Osaka Bluteon vs. Toray Arrows Shizuoka - Full Match ｜ SV. League World Tour 2025 ｜ Volleyball_set1,11,274.376,300.666,274.876,300.166
Osaka Bluteon vs. Toray Arrows Shizuoka - Full Match ｜ SV. League World Tour 2025 ｜ Volleyball_set1,12,319.387,345.544,319.887,345.044
Osaka Bluteon vs. Toray Arrows Shizuoka - Full Match ｜ SV. League World Tour 2025 ｜ Volleyball_set1,13,371.906,382.547,372.406,382.047
Osaka Bluteon vs. Toray Arrows Shizuoka - Full Match ｜ SV. League World Tour 2025 ｜ Volleyball_set1,14,411.446,418.517,411.946,418.017
Osaka Bluteon vs. Toray Arrows Shizuoka - Full Match ｜ SV. League World Tour 2025 ｜ Volleyball_set1,15,442.844,446.878,443.344,446.378
Osaka Bluteon vs. Toray Arrows Shizuoka - Full Match ｜ SV. League World Tour 2025 ｜ Volleyball_set1,16,465.033,471.736,465.533,471.236
Osaka Bluteon vs. Toray Arrows Shizuoka - Full Match ｜ SV. League World Tour 2025 ｜ Volleyball_set1,17,499.934,506.171,500.434,505.671
Osaka Bluteon vs. Toray Arrows Shizuoka - Full Match ｜ SV. League World Tour 2025 ｜ Volleyball_set1,18,521.322,525.29,521.822,524.79
Osaka Bluteon vs. Toray Arrows Shizuoka - Full Match ｜ SV. League World Tour 2025 ｜ Volleyball_set1,19,546.548,563.228,547.048,562.728
Osaka Bluteon vs. Toray Arrows Shizuoka - Full Match ｜ SV. League World Tour 2025 ｜ Volleyball_set1,20,587.522,591.156,588.022,590.656
Osaka Bluteon vs. Toray Arrows Shizuoka - Full Match ｜ SV. League World Tour 2025 ｜ Volleyball_set1,21,608.743,614.012,609.243,613.512
Osaka Bluteon vs. Toray Arrows Shizuoka - Full Match ｜ SV. League World Tour 2025 ｜ Volleyball_set1,22,637.171,650.081,637.671,649.581
Osaka Bluteon vs. Toray Arrows Shizuoka - Full Match ｜ SV. League World Tour 2025 ｜ Volleyball_set1,23,674.709,696.895,675.209,696.395
Osaka Bluteon vs. Toray Arrows Shizuoka - Full Match ｜ SV. League World Tour 2025 ｜ Volleyball_set1,24,720.955,729.294,721.455,728.794
Osaka Bluteon vs. Toray Arrows Shizuoka - Full Match ｜ SV. League World Tour 2025 ｜ Volleyball_set1,25,748.149,752.951,748.649,752.451
Osaka Bluteon vs. Toray Arrows Shizuoka - Full Match ｜ SV. League World Tour 2025 ｜ Volleyball_set1,26,834.335,838.169,834.835,837.669
Osaka Bluteon vs. Toray Arrows Shizuoka - Full Match ｜ SV. League World Tour 2025 ｜ Volleyball_set1,27,853.955,860.859,854.455,860.359
Osaka Bluteon vs. Toray Arrows Shizuoka - Full Match ｜ SV. League World Tour 2025 ｜ Volleyball_set1,28,877.778,881.946,878.278,881.446
Osaka Bluteon vs. Toray Arrows Shizuoka - Full Match ｜ SV. League World Tour 2025 ｜ Volleyball_set1,29,895.329,928.993,895.829,928.493
Osaka Bluteon vs. Toray Arrows Shizuoka - Full Match ｜ SV. League World Tour 2025 ｜ Volleyball_set1,30,958.159,965.43,958.659,964.93
Osaka Bluteon vs. Toray Arrows Shizuoka - Full Match ｜ SV. League World Tour 2025 ｜ Volleyball_set1,31,1040.241,1053.6,1040.741,1046.044
Osaka Bluteon vs. Toray Arrows Shizuoka - Full Match ｜ SV. League World Tour 2025 ｜ Volleyball_set1,32,1147.047,1153.384,1147.547,1152.884
Osaka Bluteon vs. Toray Arrows Shizuoka - Full Match ｜ SV. League World Tour 2025 ｜ Volleyball_set1,33,1177.211,1181.646,1177.711,1181.146
Osaka Bluteon vs. Toray Arrows Shizuoka - Full Match ｜ SV. League World Tour 2025 ｜ Volleyball_set1,34,1200.1,1208.039,1200.6,1207.539
Osaka Bluteon vs. Toray Arrows Shizuoka - Full Match ｜ SV. League World Tour 2025 ｜ Volleyball_set1,35,1228.596,1236.634,1229.096,1236.134
Osaka Bluteon vs. Toray Arrows Shizuoka - Full Match ｜ SV. League World Tour 2025 ｜ Volleyball_set1,36,1253.854,1261.792,1254.354,1261.292
Osaka Bluteon vs. Toray Arrows Shizuoka - Full Match ｜ SV. League World Tour 2025 ｜ Volleyball_set1,37,1285.653,1289.253,1286.153,1288.753
Osaka Bluteon vs. Toray Arrows Shizuoka - Full Match ｜ SV. League World Tour 2025 ｜ Volleyball_set1,38,1312.713,1316.447,1313.213,1315.947
Osaka Bluteon vs. Toray Arrows Shizuoka - Full Match ｜ SV. League World Tour 2025 ｜ Volleyball_set1,39,1337.137,1349.847,1337.637,1349.347
Osaka Bluteon vs. Toray Arrows Shizuoka - Full Match ｜ SV. League World Tour 2025 ｜ Volleyball_set1,40,1425.159,1433.43,1425.659,1432.93
Osaka Bluteon vs. Toray Arrows Shizuoka - Full Match ｜ SV. League World Tour 2025 ｜ Volleyball_set1,41,1454.121,1457.855,1454.621,1457.355
Osaka Bluteon vs. Toray Arrows Shizuoka - Full Match ｜ SV. League World Tour 2025 ｜ Volleyball_set1,42,1480.747,1495.025,1481.247,1494.525
Osaka Bluteon vs. Toray Arrows Shizuoka - Full Match ｜ SV. League World Tour 2025 ｜ Volleyball_set1,43,1519.353,1531.228,1519.853,1530.728
Osaka Bluteon vs. Toray Arrows Shizuoka - Full Match ｜ SV. League World Tour 2025 ｜ Volleyball_set1,44,1552.219,1556.186,1552.719,1555.686
Osaka Bluteon vs. Toray Arrows Shizuoka - Full Match ｜ SV. League World Tour 2025 ｜ Volleyball_set1,45,1579.613,1587.318,1580.113,1586.818
Osaka Bluteon vs. Toray Arrows Shizuoka - Full Match ｜ SV. League World Tour 2025 ｜ Volleyball_set1,46,1611.812,1623.22,1612.312,1622.72
Osaka Bluteon 🇯🇵 vs. JTEKT Stings 🇯🇵 ｜ SV League 2026 ｜ Full Match - Volleyball_set1,1,0.402,14.947,0.902,14.447
Osaka Bluteon 🇯🇵 vs. JTEKT Stings 🇯🇵 ｜ SV League 2026 ｜ Full Match - Volleyball_set1,2,28.563,39.004,29.063,38.504
Osaka Bluteon 🇯🇵 vs. JTEKT Stings 🇯🇵 ｜ SV League 2026 ｜ Full Match - Volleyball_set1,3,57.109,66.265,57.609,65.765
Osaka Bluteon 🇯🇵 vs. JTEKT Stings 🇯🇵 ｜ SV League 2026 ｜ Full Match - Volleyball_set1,4,104.506,115.047,105.006,114.547
Osaka Bluteon 🇯🇵 vs. JTEKT Stings 🇯🇵 ｜ SV League 2026 ｜ Full Match - Volleyball_set1,5,133.301,140.472,133.801,139.972
Osaka Bluteon 🇯🇵 vs. JTEKT Stings 🇯🇵 ｜ SV League 2026 ｜ Full Match - Volleyball_set1,6,158.593,165.998,159.093,165.498
Osaka Bluteon 🇯🇵 vs. JTEKT Stings 🇯🇵 ｜ SV League 2026 ｜ Full Match - Volleyball_set1,7,179.648,195.294,180.148,194.794
Osaka Bluteon 🇯🇵 vs. JTEKT Stings 🇯🇵 ｜ SV League 2026 ｜ Full Match - Volleyball_set1,8,210.312,223.038,210.812,222.538
Osaka Bluteon 🇯🇵 vs. JTEKT Stings 🇯🇵 ｜ SV League 2026 ｜ Full Match - Volleyball_set1,9,241.776,257.306,242.276,256.806
Osaka Bluteon 🇯🇵 vs. JTEKT Stings 🇯🇵 ｜ SV League 2026 ｜ Full Match - Volleyball_set1,10,275.744,290.656,276.244,290.156
Osaka Bluteon 🇯🇵 vs. JTEKT Stings 🇯🇵 ｜ SV League 2026 ｜ Full Match - Volleyball_set1,11,319.954,326.491,320.454,325.991
Osaka Bluteon 🇯🇵 vs. JTEKT Stings 🇯🇵 ｜ SV League 2026 ｜ Full Match - Volleyball_set1,12,345.714,354.419,346.214,353.919
Osaka Bluteon 🇯🇵 vs. JTEKT Stings 🇯🇵 ｜ SV League 2026 ｜ Full Match - Volleyball_set1,13,375.377,393.041,375.877,392.541
Osaka Bluteon 🇯🇵 vs. JTEKT Stings 🇯🇵 ｜ SV League 2026 ｜ Full Match - Volleyball_set1,14,415.049,421.92,415.549,421.42
Osaka Bluteon 🇯🇵 vs. JTEKT Stings 🇯🇵 ｜ SV League 2026 ｜ Full Match - Volleyball_set1,15,438.039,444.96,438.539,444.46
Osaka Bluteon 🇯🇵 vs. JTEKT Stings 🇯🇵 ｜ SV League 2026 ｜ Full Match - Volleyball_set1,16,462.664,469.234,463.164,468.734
Osaka Bluteon 🇯🇵 vs. JTEKT Stings 🇯🇵 ｜ SV League 2026 ｜ Full Match - Volleyball_set1,17,486.988,493.291,487.488,492.791
Osaka Bluteon 🇯🇵 vs. JTEKT Stings 🇯🇵 ｜ SV League 2026 ｜ Full Match - Volleyball_set1,18,508.71,517.899,509.21,517.399
Osaka Bluteon 🇯🇵 vs. JTEKT Stings 🇯🇵 ｜ SV League 2026 ｜ Full Match - Volleyball_set1,19,592.093,596.962,592.593,596.462
Osaka Bluteon 🇯🇵 vs. JTEKT Stings 🇯🇵 ｜ SV League 2026 ｜ Full Match - Volleyball_set1,20,615.483,619.25,615.983,618.75
Osaka Bluteon 🇯🇵 vs. JTEKT Stings 🇯🇵 ｜ SV League 2026 ｜ Full Match - Volleyball_set1,21,636.104,642.607,636.604,642.107
Osaka Bluteon 🇯🇵 vs. JTEKT Stings 🇯🇵 ｜ SV League 2026 ｜ Full Match - Volleyball_set1,22,659.227,666.548,659.727,666.048
Osaka Bluteon 🇯🇵 vs. JTEKT Stings 🇯🇵 ｜ SV League 2026 ｜ Full Match - Volleyball_set1,23,683.151,691.0,683.651,689.471
Osaka Bluteon 🇯🇵 vs. JTEKT Stings 🇯🇵 ｜ SV League 2026 ｜ Full Match - Volleyball_set1,24,711.012,717.315,711.512,716.815
Osaka Bluteon 🇯🇵 vs. JTEKT Stings 🇯🇵 ｜ SV League 2026 ｜ Full Match - Volleyball_set1,25,734.435,741.506,734.935,741.006
Osaka Bluteon 🇯🇵 vs. JTEKT Stings 🇯🇵 ｜ SV League 2026 ｜ Full Match - Volleyball_set1,26,759.594,767.999,760.094,767.499
Osaka Bluteon 🇯🇵 vs. JTEKT Stings 🇯🇵 ｜ SV League 2026 ｜ Full Match - Volleyball_set1,27,836.737,844.142,837.237,843.642
Osaka Bluteon 🇯🇵 vs. JTEKT Stings 🇯🇵 ｜ SV League 2026 ｜ Full Match - Volleyball_set1,28,860.294,866.898,860.794,866.398
Osaka Bluteon 🇯🇵 vs. JTEKT Stings 🇯🇵 ｜ SV League 2026 ｜ Full Match - Volleyball_set1,29,884.986,893.258,885.486,892.758
Osaka Bluteon 🇯🇵 vs. JTEKT Stings 🇯🇵 ｜ SV League 2026 ｜ Full Match - Volleyball_set1,30,911.112,914.879,911.612,914.379
Osaka Bluteon 🇯🇵 vs. JTEKT Stings 🇯🇵 ｜ SV League 2026 ｜ Full Match - Volleyball_set1,31,945.146,959.407,945.646,958.907
Osaka Bluteon 🇯🇵 vs. JTEKT Stings 🇯🇵 ｜ SV League 2026 ｜ Full Match - Volleyball_set1,32,1003.604,1010.475,1004.104,1009.975
Osaka Bluteon 🇯🇵 vs. JTEKT Stings 🇯🇵 ｜ SV League 2026 ｜ Full Match - Volleyball_set1,33,1031.432,1046.978,1031.932,1046.478
Osaka Bluteon 🇯🇵 vs. JTEKT Stings 🇯🇵 ｜ SV League 2026 ｜ Full Match - Volleyball_set1,34,1120.855,1136.067,1121.355,1135.567
Osaka Bluteon 🇯🇵 vs. JTEKT Stings 🇯🇵 ｜ SV League 2026 ｜ Full Match - Volleyball_set1,35,1163.364,1168.766,1163.864,1168.266
Osaka Bluteon 🇯🇵 vs. JTEKT Stings 🇯🇵 ｜ SV League 2026 ｜ Full Match - Volleyball_set1,36,1190.824,1197.128,1191.324,1196.628
Osaka Bluteon 🇯🇵 vs. JTEKT Stings 🇯🇵 ｜ SV League 2026 ｜ Full Match - Volleyball_set1,37,1214.915,1218.883,1215.415,1218.383
Osaka Bluteon 🇯🇵 vs. JTEKT Stings 🇯🇵 ｜ SV League 2026 ｜ Full Match - Volleyball_set1,38,1233.234,1237.034,1233.734,1236.534
Osaka Bluteon 🇯🇵 vs. JTEKT Stings 🇯🇵 ｜ SV League 2026 ｜ Full Match - Volleyball_set1,39,1260.027,1275.656,1260.527,1275.156
Osaka Bluteon 🇯🇵 vs. JTEKT Stings 🇯🇵 ｜ SV League 2026 ｜ Full Match - Volleyball_set1,40,1295.262,1302.867,1295.762,1302.367
Osaka Bluteon 🇯🇵 vs. JTEKT Stings 🇯🇵 ｜ SV League 2026 ｜ Full Match - Volleyball_set1,41,1323.057,1330.211,1323.557,1329.711
Osaka Bluteon 🇯🇵 vs. JTEKT Stings 🇯🇵 ｜ SV League 2026 ｜ Full Match - Volleyball_set1,42,1348.015,1356.0,1348.515,1355.053
Osaka Bluteon 🇯🇵 vs. JTEKT Stings 🇯🇵 ｜ SV League 2026 ｜ Full Match - Volleyball_set1,43,1380.28,1388.269,1380.78,1387.769
Pakistan vs. USA - Classification 13-16 ｜ Boys' U19 World Champs 2025 - Full Match_set1,1,7.7,14.0,8.2,12.55
Pakistan vs. USA - Classification 13-16 ｜ Boys' U19 World Champs 2025 - Full Match_set1,2,31.667,43.567,32.167,43.067
Pakistan vs. USA - Classification 13-16 ｜ Boys' U19 World Champs 2025 - Full Match_set1,3,59.633,80.733,60.133,80.233
Pakistan vs. USA - Classification 13-16 ｜ Boys' U19 World Champs 2025 - Full Match_set1,4,96.967,101.2,97.467,100.7
Pakistan vs. USA - Classification 13-16 ｜ Boys' U19 World Champs 2025 - Full Match_set1,5,114.833,130.767,115.333,130.267
Pakistan vs. USA - Classification 13-16 ｜ Boys' U19 World Champs 2025 - Full Match_set1,6,146.417,154.0,146.917,152.95
Pakistan vs. USA - Classification 13-16 ｜ Boys' U19 World Champs 2025 - Full Match_set1,7,172.567,179.4,173.067,178.9
Pakistan vs. USA - Classification 13-16 ｜ Boys' U19 World Champs 2025 - Full Match_set1,8,195.933,210.7,196.433,210.2
Pakistan vs. USA - Classification 13-16 ｜ Boys' U19 World Champs 2025 - Full Match_set1,9,268.767,274.633,269.267,274.133
Pakistan vs. USA - Classification 13-16 ｜ Boys' U19 World Champs 2025 - Full Match_set1,10,289.617,297.067,290.117,296.567
Pakistan vs. USA - Classification 13-16 ｜ Boys' U19 World Champs 2025 - Full Match_set1,11,312.617,316.833,313.117,316.333
Pakistan vs. USA - Classification 13-16 ｜ Boys' U19 World Champs 2025 - Full Match_set1,12,331.35,335.167,331.85,334.667
Pakistan vs. USA - Classification 13-16 ｜ Boys' U19 World Champs 2025 - Full Match_set1,13,348.867,352.75,349.367,352.25
Pakistan vs. USA - Classification 13-16 ｜ Boys' U19 World Champs 2025 - Full Match_set1,14,368.017,372.4,368.517,371.9
Pakistan vs. USA - Classification 13-16 ｜ Boys' U19 World Champs 2025 - Full Match_set1,15,433.55,440.117,434.05,439.617
Pakistan vs. USA - Classification 13-16 ｜ Boys' U19 World Champs 2025 - Full Match_set1,16,458.967,475.0,459.467,473.9
Pakistan vs. USA - Classification 13-16 ｜ Boys' U19 World Champs 2025 - Full Match_set1,17,499.667,507.717,500.167,507.217
Pakistan vs. USA - Classification 13-16 ｜ Boys' U19 World Champs 2025 - Full Match_set1,18,521.667,527.5,522.167,527.0
Pakistan vs. USA - Classification 13-16 ｜ Boys' U19 World Champs 2025 - Full Match_set1,19,542.1,546.55,542.6,546.05
Pakistan vs. USA - Classification 13-16 ｜ Boys' U19 World Champs 2025 - Full Match_set1,20,568.533,576.433,569.033,575.933
Pakistan vs. USA - Classification 13-16 ｜ Boys' U19 World Champs 2025 - Full Match_set1,21,592.733,607.083,593.233,606.583
Pakistan vs. USA - Classification 13-16 ｜ Boys' U19 World Champs 2025 - Full Match_set1,22,623.633,634.067,624.133,633.567
Pakistan vs. USA - Classification 13-16 ｜ Boys' U19 World Champs 2025 - Full Match_set1,23,654.833,665.733,655.333,665.233
Pakistan vs. USA - Classification 13-16 ｜ Boys' U19 World Champs 2025 - Full Match_set1,24,682.7,690.333,683.2,689.833
Pakistan vs. USA - Classification 13-16 ｜ Boys' U19 World Champs 2025 - Full Match_set1,25,703.367,721.983,703.867,721.483
Pakistan vs. USA - Classification 13-16 ｜ Boys' U19 World Champs 2025 - Full Match_set1,26,738.233,755.533,738.733,755.033
Pakistan vs. USA - Classification 13-16 ｜ Boys' U19 World Champs 2025 - Full Match_set1,27,772.417,778.933,772.917,778.433
Pakistan vs. USA - Classification 13-16 ｜ Boys' U19 World Champs 2025 - Full Match_set1,28,791.517,799.133,792.017,798.633
Pakistan vs. USA - Classification 13-16 ｜ Boys' U19 World Champs 2025 - Full Match_set1,29,812.25,819.467,812.75,818.967
Pakistan vs. USA - Classification 13-16 ｜ Boys' U19 World Champs 2025 - Full Match_set1,30,839.183,850.933,839.683,850.433
Pakistan vs. USA - Classification 13-16 ｜ Boys' U19 World Champs 2025 - Full Match_set1,31,867.283,871.667,867.783,871.167
Pakistan vs. USA - Classification 13-16 ｜ Boys' U19 World Champs 2025 - Full Match_set1,32,888.35,902.9,888.85,902.4
Pakistan vs. USA - Classification 13-16 ｜ Boys' U19 World Champs 2025 - Full Match_set1,33,1079.85,1086.783,1080.35,1086.283
Pakistan vs. USA - Classification 13-16 ｜ Boys' U19 World Champs 2025 - Full Match_set1,34,1102.517,1106.383,1103.017,1105.883
Pakistan vs. USA - Classification 13-16 ｜ Boys' U19 World Champs 2025 - Full Match_set1,35,1120.233,1128.733,1120.733,1128.233
Pakistan vs. USA - Classification 13-16 ｜ Boys' U19 World Champs 2025 - Full Match_set1,36,1142.217,1156.233,1142.717,1155.733
Pakistan vs. USA - Classification 13-16 ｜ Boys' U19 World Champs 2025 - Full Match_set1,37,1168.267,1174.25,1168.767,1173.75
Pakistan vs. USA - Classification 13-16 ｜ Boys' U19 World Champs 2025 - Full Match_set1,38,1188.617,1194.3,1189.117,1193.8
Pakistan vs. USA - Classification 13-16 ｜ Boys' U19 World Champs 2025 - Full Match_set1,39,1210.133,1223.933,1210.633,1223.433
Poland vs. France - Final ｜ Boys' U19 World Champs 2025 - Full Match_set1,1,6.883,22.633,7.383,22.133
Poland vs. France - Final ｜ Boys' U19 World Champs 2025 - Full Match_set1,2,36.2,49.767,36.7,49.267
Poland vs. France - Final ｜ Boys' U19 World Champs 2025 - Full Match_set1,3,64.55,80.467,65.05,79.967
Poland vs. France - Final ｜ Boys' U19 World Champs 2025 - Full Match_set1,4,93.5,100.65,94.0,100.15
Poland vs. France - Final ｜ Boys' U19 World Champs 2025 - Full Match_set1,5,113.733,120.033,114.233,119.533
Poland vs. France - Final ｜ Boys' U19 World Champs 2025 - Full Match_set1,6,134.967,141.817,135.467,141.317
Poland vs. France - Final ｜ Boys' U19 World Champs 2025 - Full Match_set1,7,156.533,162.9,157.033,162.4
Poland vs. France - Final ｜ Boys' U19 World Champs 2025 - Full Match_set1,8,180.467,186.117,180.967,185.617
Poland vs. France - Final ｜ Boys' U19 World Champs 2025 - Full Match_set1,9,202.167,209.667,202.667,209.167
Poland vs. France - Final ｜ Boys' U19 World Champs 2025 - Full Match_set1,10,226.967,233.167,227.467,232.667
Poland vs. France - Final ｜ Boys' U19 World Champs 2025 - Full Match_set1,11,250.267,258.467,250.767,257.967
Poland vs. France - Final ｜ Boys' U19 World Champs 2025 - Full Match_set1,12,272.517,288.267,273.017,287.767
Poland vs. France - Final ｜ Boys' U19 World Champs 2025 - Full Match_set1,13,305.733,309.5,306.233,309.0
Poland vs. France - Final ｜ Boys' U19 World Champs 2025 - Full Match_set1,14,322.3,329.333,322.8,328.833
Poland vs. France - Final ｜ Boys' U19 World Champs 2025 - Full Match_set1,15,346.867,363.767,347.367,363.267
Poland vs. France - Final ｜ Boys' U19 World Champs 2025 - Full Match_set1,16,381.967,389.533,382.467,389.033
Poland vs. France - Final ｜ Boys' U19 World Champs 2025 - Full Match_set1,17,407.1,414.133,407.6,413.633
Poland vs. France - Final ｜ Boys' U19 World Champs 2025 - Full Match_set1,18,428.2,434.9,428.7,434.4
Poland vs. France - Final ｜ Boys' U19 World Champs 2025 - Full Match_set1,19,449.4,462.067,449.9,461.567
Poland vs. France - Final ｜ Boys' U19 World Champs 2025 - Full Match_set1,20,477.867,485.4,478.367,484.9
Poland vs. France - Final ｜ Boys' U19 World Champs 2025 - Full Match_set1,21,499.683,506.3,500.183,505.8
Poland vs. France - Final ｜ Boys' U19 World Champs 2025 - Full Match_set1,22,520.267,557.133,520.767,556.633
Poland vs. France - Final ｜ Boys' U19 World Champs 2025 - Full Match_set1,23,575.7,579.667,576.2,579.167
Poland vs. France - Final ｜ Boys' U19 World Champs 2025 - Full Match_set1,24,592.233,607.267,592.733,606.767
Poland vs. France - Final ｜ Boys' U19 World Champs 2025 - Full Match_set1,25,671.033,678.167,671.533,677.667
Poland vs. France - Final ｜ Boys' U19 World Champs 2025 - Full Match_set1,26,697.567,704.467,698.067,703.967
Poland vs. France - Final ｜ Boys' U19 World Champs 2025 - Full Match_set1,27,724.033,728.1,724.533,727.6
Poland vs. France - Final ｜ Boys' U19 World Champs 2025 - Full Match_set1,28,741.467,747.567,741.967,747.067
Poland vs. France - Final ｜ Boys' U19 World Champs 2025 - Full Match_set1,29,763.667,770.3,764.167,769.8
Poland vs. France - Final ｜ Boys' U19 World Champs 2025 - Full Match_set1,30,793.233,797.45,793.733,796.95
Poland vs. France - Final ｜ Boys' U19 World Champs 2025 - Full Match_set1,31,812.033,822.867,812.533,822.367
Poland vs. France - Final ｜ Boys' U19 World Champs 2025 - Full Match_set1,32,842.867,846.833,843.367,846.333
Poland vs. France - Final ｜ Boys' U19 World Champs 2025 - Full Match_set1,33,862.1,873.417,862.6,872.917
Poland vs. France - Final ｜ Boys' U19 World Champs 2025 - Full Match_set1,34,893.767,897.7,894.267,897.2
Poland vs. France - Final ｜ Boys' U19 World Champs 2025 - Full Match_set1,35,910.733,927.733,911.233,927.233
Poland vs. France - Final ｜ Boys' U19 World Champs 2025 - Full Match_set1,36,945.067,952.333,945.567,951.833
Poland vs. France - Final ｜ Boys' U19 World Champs 2025 - Full Match_set1,37,966.35,974.267,966.85,973.767
Poland vs. France - Final ｜ Boys' U19 World Champs 2025 - Full Match_set1,38,987.5,991.95,988.0,991.45
Poland vs. France - Final ｜ Boys' U19 World Champs 2025 - Full Match_set1,39,1004.9,1012.0,1005.4,1011.5
Poland vs. France - Final ｜ Boys' U19 World Champs 2025 - Full Match_set1,40,1082.0,1088.833,1082.5,1088.333
Poland vs. France - Final ｜ Boys' U19 World Champs 2025 - Full Match_set1,41,1116.4,1133.433,1116.9,1132.933
Poland vs. France - Final ｜ Boys' U19 World Champs 2025 - Full Match_set1,42,1152.367,1161.733,1152.867,1161.233
Poland vs. France - Final ｜ Boys' U19 World Champs 2025 - Full Match_set1,43,1188.533,1195.067,1189.033,1194.567
Poland vs. France - Final ｜ Boys' U19 World Champs 2025 - Full Match_set1,44,1212.133,1216.067,1212.633,1215.567
Poland vs. France - Final ｜ Boys' U19 World Champs 2025 - Full Match_set1,45,1273.233,1277.517,1273.733,1277.017
Poland vs. France - Final ｜ Boys' U19 World Champs 2025 - Full Match_set1,46,1309.533,1316.733,1310.033,1316.233
Poland vs. France - Final ｜ Boys' U19 World Champs 2025 - Full Match_set1,47,1334.267,1342.667,1334.767,1342.167
Poland vs. Spain - Semi Final 1 ｜ Boys' U19 World Champs 2025 - Full Match_set1,1,4.767,17.167,5.267,16.667
Poland vs. Spain - Semi Final 1 ｜ Boys' U19 World Champs 2025 - Full Match_set1,2,29.367,36.533,29.867,36.033
Poland vs. Spain - Semi Final 1 ｜ Boys' U19 World Champs 2025 - Full Match_set1,3,52.4,56.233,52.9,55.733
Poland vs. Spain - Semi Final 1 ｜ Boys' U19 World Champs 2025 - Full Match_set1,4,72.0,81.533,72.5,81.033
Poland vs. Spain - Semi Final 1 ｜ Boys' U19 World Champs 2025 - Full Match_set1,5,96.7,110.133,97.2,109.633
Poland vs. Spain - Semi Final 1 ｜ Boys' U19 World Champs 2025 - Full Match_set1,6,124.233,131.133,124.733,130.633
Poland vs. Spain - Semi Final 1 ｜ Boys' U19 World Champs 2025 - Full Match_set1,7,147.0,155.4,147.5,154.9
Poland vs. Spain - Semi Final 1 ｜ Boys' U19 World Champs 2025 - Full Match_set1,8,172.467,185.9,172.967,185.4
Poland vs. Spain - Semi Final 1 ｜ Boys' U19 World Champs 2025 - Full Match_set1,9,336.733,342.533,337.233,342.033
Poland vs. Spain - Semi Final 1 ｜ Boys' U19 World Champs 2025 - Full Match_set1,10,359.767,369.5,360.267,369.0
Poland vs. Spain - Semi Final 1 ｜ Boys' U19 World Champs 2025 - Full Match_set1,11,386.367,405.233,386.867,404.733
Poland vs. Spain - Semi Final 1 ｜ Boys' U19 World Champs 2025 - Full Match_set1,12,423.5,430.467,424.0,429.967
Poland vs. Spain - Semi Final 1 ｜ Boys' U19 World Champs 2025 - Full Match_set1,13,445.333,463.233,445.833,462.733
Poland vs. Spain - Semi Final 1 ｜ Boys' U19 World Champs 2025 - Full Match_set1,14,524.333,534.033,524.833,533.533
Poland vs. Spain - Semi Final 1 ｜ Boys' U19 World Champs 2025 - Full Match_set1,15,548.467,557.367,548.967,556.867
Poland vs. Spain - Semi Final 1 ｜ Boys' U19 World Champs 2025 - Full Match_set1,16,571.733,577.8,572.233,577.3
Poland vs. Spain - Semi Final 1 ｜ Boys' U19 World Champs 2025 - Full Match_set1,17,595.833,603.833,596.333,603.333
Poland vs. Spain - Semi Final 1 ｜ Boys' U19 World Champs 2025 - Full Match_set1,18,622.8,632.4,623.3,631.9
Poland vs. Spain - Semi Final 1 ｜ Boys' U19 World Champs 2025 - Full Match_set1,19,649.167,656.5,649.667,656.0
Poland vs. Spain - Semi Final 1 ｜ Boys' U19 World Champs 2025 - Full Match_set1,20,670.967,685.267,671.467,684.767
Poland vs. Spain - Semi Final 1 ｜ Boys' U19 World Champs 2025 - Full Match_set1,21,699.233,712.7,699.733,712.2
Poland vs. Spain - Semi Final 1 ｜ Boys' U19 World Champs 2025 - Full Match_set1,22,729.933,742.767,730.433,742.267
Poland vs. Spain - Semi Final 1 ｜ Boys' U19 World Champs 2025 - Full Match_set1,23,757.5,761.9,758.0,761.4
Poland vs. Spain - Semi Final 1 ｜ Boys' U19 World Champs 2025 - Full Match_set1,24,775.433,783.7,775.933,783.2
Poland vs. Spain - Semi Final 1 ｜ Boys' U19 World Champs 2025 - Full Match_set1,25,809.567,815.667,810.067,815.167
Poland vs. Spain - Semi Final 1 ｜ Boys' U19 World Champs 2025 - Full Match_set1,26,840.1,848.733,840.6,848.233
Poland vs. Spain - Semi Final 1 ｜ Boys' U19 World Champs 2025 - Full Match_set1,27,904.467,911.3,904.967,910.8
Poland vs. Spain - Semi Final 1 ｜ Boys' U19 World Champs 2025 - Full Match_set1,28,924.667,932.733,925.167,932.233
Poland vs. Spain - Semi Final 1 ｜ Boys' U19 World Champs 2025 - Full Match_set1,29,1016.033,1022.633,1016.533,1022.133
Poland vs. Spain - Semi Final 1 ｜ Boys' U19 World Champs 2025 - Full Match_set1,30,1038.3,1057.7,1038.8,1057.2
Poland vs. Spain - Semi Final 1 ｜ Boys' U19 World Champs 2025 - Full Match_set1,31,1073.8,1092.933,1074.3,1092.433
Poland vs. Spain - Semi Final 1 ｜ Boys' U19 World Champs 2025 - Full Match_set1,32,1116.5,1129.0,1117.0,1128.5
Poland vs. Spain - Semi Final 1 ｜ Boys' U19 World Champs 2025 - Full Match_set1,33,1144.933,1152.367,1145.433,1151.867
Poland vs. Spain - Semi Final 1 ｜ Boys' U19 World Champs 2025 - Full Match_set1,34,1168.833,1175.8,1169.333,1175.3
Poland vs. Spain - Semi Final 1 ｜ Boys' U19 World Champs 2025 - Full Match_set1,35,1197.7,1206.0,1198.2,1205.2
Poland vs. Spain - Semi Final 1 ｜ Boys' U19 World Champs 2025 - Full Match_set1,36,1221.133,1227.967,1221.633,1227.467
Poland vs. Spain - Semi Final 1 ｜ Boys' U19 World Champs 2025 - Full Match_set1,37,1250.833,1258.133,1251.333,1257.633
Poland vs. Spain - Semi Final 1 ｜ Boys' U19 World Champs 2025 - Full Match_set1,38,1273.367,1280.267,1273.867,1279.767
Poland vs. Spain - Semi Final 1 ｜ Boys' U19 World Champs 2025 - Full Match_set1,39,1308.033,1314.867,1308.533,1314.367
Poland vs. Spain - Semi Final 1 ｜ Boys' U19 World Champs 2025 - Full Match_set1,40,1329.433,1340.267,1329.933,1339.767
Semi Final 1 - Osaka Bluteon vs. Stings Aichi ｜ SV League - Full Match ｜ Volleyball_set1,1,4.667,11.233,5.167,10.733
Semi Final 1 - Osaka Bluteon vs. Stings Aichi ｜ SV League - Full Match ｜ Volleyball_set1,2,32.467,39.767,32.967,39.267
Semi Final 1 - Osaka Bluteon vs. Stings Aichi ｜ SV League - Full Match ｜ Volleyball_set1,3,58.5,69.167,59.0,68.667
Semi Final 1 - Osaka Bluteon vs. Stings Aichi ｜ SV League - Full Match ｜ Volleyball_set1,4,88.333,95.6,88.833,95.1
Semi Final 1 - Osaka Bluteon vs. Stings Aichi ｜ SV League - Full Match ｜ Volleyball_set1,5,117.067,129.2,117.567,128.7
Semi Final 1 - Osaka Bluteon vs. Stings Aichi ｜ SV League - Full Match ｜ Volleyball_set1,6,153.233,160.533,153.733,160.033
Semi Final 1 - Osaka Bluteon vs. Stings Aichi ｜ SV League - Full Match ｜ Volleyball_set1,7,184.7,191.367,185.2,190.867
Semi Final 1 - Osaka Bluteon vs. Stings Aichi ｜ SV League - Full Match ｜ Volleyball_set1,8,225.367,232.0,225.867,231.4
Semi Final 1 - Osaka Bluteon vs. Stings Aichi ｜ SV League - Full Match ｜ Volleyball_set1,9,253.767,276.033,254.267,275.533
Semi Final 1 - Osaka Bluteon vs. Stings Aichi ｜ SV League - Full Match ｜ Volleyball_set1,10,296.967,303.733,297.467,303.233
Semi Final 1 - Osaka Bluteon vs. Stings Aichi ｜ SV League - Full Match ｜ Volleyball_set1,11,326.8,330.567,327.3,330.067
Semi Final 1 - Osaka Bluteon vs. Stings Aichi ｜ SV League - Full Match ｜ Volleyball_set1,12,345.467,351.633,345.967,351.133
Semi Final 1 - Osaka Bluteon vs. Stings Aichi ｜ SV League - Full Match ｜ Volleyball_set1,13,368.067,378.567,368.567,378.067
Semi Final 1 - Osaka Bluteon vs. Stings Aichi ｜ SV League - Full Match ｜ Volleyball_set1,14,396.033,405.7,396.533,405.2
Semi Final 1 - Osaka Bluteon vs. Stings Aichi ｜ SV League - Full Match ｜ Volleyball_set1,15,427.867,434.9,428.367,434.4
Semi Final 1 - Osaka Bluteon vs. Stings Aichi ｜ SV League - Full Match ｜ Volleyball_set1,16,455.967,463.3,456.467,462.8
Semi Final 1 - Osaka Bluteon vs. Stings Aichi ｜ SV League - Full Match ｜ Volleyball_set1,17,512.333,519.733,512.833,519.233
Semi Final 1 - Osaka Bluteon vs. Stings Aichi ｜ SV League - Full Match ｜ Volleyball_set1,18,537.3,544.0,537.8,542.967
Semi Final 1 - Osaka Bluteon vs. Stings Aichi ｜ SV League - Full Match ｜ Volleyball_set1,19,560.533,568.533,561.033,568.033
Semi Final 1 - Osaka Bluteon vs. Stings Aichi ｜ SV League - Full Match ｜ Volleyball_set1,20,589.9,593.667,590.4,593.167
Semi Final 1 - Osaka Bluteon vs. Stings Aichi ｜ SV League - Full Match ｜ Volleyball_set1,21,610.367,617.267,610.867,616.767
Semi Final 1 - Osaka Bluteon vs. Stings Aichi ｜ SV League - Full Match ｜ Volleyball_set1,22,653.867,657.933,654.367,657.433
Semi Final 1 - Osaka Bluteon vs. Stings Aichi ｜ SV League - Full Match ｜ Volleyball_set1,23,755.2,761.733,755.7,761.233
Semi Final 1 - Osaka Bluteon vs. Stings Aichi ｜ SV League - Full Match ｜ Volleyball_set1,24,785.3,788.967,785.8,788.467
Semi Final 1 - Osaka Bluteon vs. Stings Aichi ｜ SV League - Full Match ｜ Volleyball_set1,25,811.0,825.367,811.5,824.867
Semi Final 1 - Osaka Bluteon vs. Stings Aichi ｜ SV League - Full Match ｜ Volleyball_set1,26,850.567,858.367,851.067,857.867
Semi Final 1 - Osaka Bluteon vs. Stings Aichi ｜ SV League - Full Match ｜ Volleyball_set1,27,878.6,885.5,879.1,885.0
Semi Final 1 - Osaka Bluteon vs. Stings Aichi ｜ SV League - Full Match ｜ Volleyball_set1,28,906.467,910.2,906.967,909.7
Semi Final 1 - Osaka Bluteon vs. Stings Aichi ｜ SV League - Full Match ｜ Volleyball_set1,29,929.3,935.767,929.8,935.267
Semi Final 1 - Osaka Bluteon vs. Stings Aichi ｜ SV League - Full Match ｜ Volleyball_set1,30,955.333,962.4,955.833,961.9
Semi Final 1 - Osaka Bluteon vs. Stings Aichi ｜ SV League - Full Match ｜ Volleyball_set1,31,983.367,993.067,983.867,992.567
Semi Final 1 - Osaka Bluteon vs. Stings Aichi ｜ SV League - Full Match ｜ Volleyball_set1,32,1024.133,1031.267,1024.633,1030.767
Semi Final 1 - Osaka Bluteon vs. Stings Aichi ｜ SV League - Full Match ｜ Volleyball_set1,33,1050.1,1060.367,1050.6,1059.867
Semi Final 1 - Osaka Bluteon vs. Stings Aichi ｜ SV League - Full Match ｜ Volleyball_set1,34,1080.667,1095.033,1081.167,1095.6
Semi Final 1 - Osaka Bluteon vs. Stings Aichi ｜ SV League - Full Match ｜ Volleyball_set1,35,1117.467,1130.333,1117.967,1129.833
Semi Final 1 - Osaka Bluteon vs. Stings Aichi ｜ SV League - Full Match ｜ Volleyball_set1,36,1190.233,1197.667,1190.733,1197.167
Semi Final 1 - Osaka Bluteon vs. Stings Aichi ｜ SV League - Full Match ｜ Volleyball_set1,37,1218.333,1229.267,1218.833,1228.767
Semi Final 1 - Osaka Bluteon vs. Stings Aichi ｜ SV League - Full Match ｜ Volleyball_set1,38,1257.8,1269.933,1258.3,1269.433
Semi Final 1 - Osaka Bluteon vs. Stings Aichi ｜ SV League - Full Match ｜ Volleyball_set1,39,1358.3,1361.567,1358.8,1361.067
Semi Final 1 - Osaka Bluteon vs. Stings Aichi ｜ SV League - Full Match ｜ Volleyball_set1,40,1405.8,1409.533,1406.3,1409.033
Semi Final 1 - Osaka Bluteon vs. Stings Aichi ｜ SV League - Full Match ｜ Volleyball_set1,41,1435.533,1442.1,1436.033,1441.6
Semi Final 1 - Osaka Bluteon vs. Stings Aichi ｜ SV League - Full Match ｜ Volleyball_set1,42,1536.333,1556.0,1536.833,1553.833
Semi Final 1 - Osaka Bluteon vs. Stings Aichi ｜ SV League - Full Match ｜ Volleyball_set1,43,1579.9,1583.533,1580.4,1583.033
Semi Final 1 - Osaka Bluteon vs. Stings Aichi ｜ SV League - Full Match ｜ Volleyball_set1,44,1612.933,1619.667,1613.433,1619.167
Semi Final 1 - Osaka Bluteon vs. Stings Aichi ｜ SV League - Full Match ｜ Volleyball_set1,45,1651.967,1659.7,1652.467,1659.2
Semi Final 1 - Osaka Bluteon vs. Stings Aichi ｜ SV League - Full Match ｜ Volleyball_set1,46,1715.1,1722.167,1715.6,1721.667
Semi Final 1 - Osaka Bluteon vs. Stings Aichi ｜ SV League - Full Match ｜ Volleyball_set1,47,1756.0,1763.133,1756.5,1762.633
Semi Final 1 - Osaka Bluteon vs. Stings Aichi ｜ SV League - Full Match ｜ Volleyball_set1,48,1782.0,1789.467,1782.5,1788.967
Semi Final 1 - Osaka Bluteon vs. Stings Aichi ｜ SV League - Full Match ｜ Volleyball_set1,49,1820.833,1828.267,1821.333,1827.767
Semi Final 1 - Osaka Bluteon vs. Stings Aichi ｜ SV League - Full Match ｜ Volleyball_set1,50,1853.767,1864.4,1854.267,1863.9
Semi Final 1 - Osaka Bluteon vs. Stings Aichi ｜ SV League - Full Match ｜ Volleyball_set1,51,1888.0,1898.933,1888.5,1898.433
Semi Final 1 - Osaka Bluteon vs. Stings Aichi ｜ SV League - Full Match ｜ Volleyball_set1,52,1978.6,1985.967,1979.1,1985.467
Semi Final 1 - Osaka Bluteon vs. Stings Aichi ｜ SV League - Full Match ｜ Volleyball_set1,53,2010.6,2029.233,2011.1,2028.733
Semi Final 1 - Osaka Bluteon vs. Stings Aichi ｜ SV League - Full Match ｜ Volleyball_set1,54,2058.6,2065.367,2059.1,2064.867
Semi Final 1 - Osaka Bluteon vs. Stings Aichi ｜ SV League - Full Match ｜ Volleyball_set1,55,2088.8,2096.033,2089.3,2095.533
Semi Final 1 - Osaka Bluteon vs. Stings Aichi ｜ SV League - Full Match ｜ Volleyball_set1,56,2116.933,2123.767,2117.433,2123.267
Semi Final 1 - Osaka Bluteon vs. Stings Aichi ｜ SV League - Full Match ｜ Volleyball_set1,57,2142.5,2149.1,2143.0,2148.6
Semi Final 1 - Osaka Bluteon vs. Stings Aichi ｜ SV League - Full Match ｜ Volleyball_set1,58,2172.233,2175.933,2172.733,2175.433
Semi Final 1 - Osaka Bluteon vs. Stings Aichi ｜ SV League - Full Match ｜ Volleyball_set1,59,2190.633,2194.5,2191.133,2194.0
Semi Final 1 - Osaka Bluteon vs. Stings Aichi ｜ SV League - Full Match ｜ Volleyball_set1,60,2216.867,2228.333,2217.367,2227.833
Semi Final 1 - Osaka Bluteon vs. Stings Aichi ｜ SV League - Full Match ｜ Volleyball_set1,61,2252.167,2258.533,2252.667,2258.033
Semi Final 1 - Osaka Bluteon vs. Stings Aichi ｜ SV League - Full Match ｜ Volleyball_set1,62,2278.3,2285.233,2278.8,2284.733
Semi Final 1 - Osaka Bluteon vs. Stings Aichi ｜ SV League - Full Match ｜ Volleyball_set1,63,2314.433,2318.2,2314.933,2317.7
Semi Final 1 - Osaka Bluteon vs. Stings Aichi ｜ SV League - Full Match ｜ Volleyball_set1,64,2338.433,2345.8,2338.933,2345.3
Semi Final 1 - Suntory Sunbirds vs. Wolfdogs Nagoya ｜ SVL Playoff - Full Match ｜ Volleyball_set1,1,1.467,5.867,1.967,5.367
Semi Final 1 - Suntory Sunbirds vs. Wolfdogs Nagoya ｜ SVL Playoff - Full Match ｜ Volleyball_set1,2,20.4,36.767,20.9,36.267
Semi Final 1 - Suntory Sunbirds vs. Wolfdogs Nagoya ｜ SVL Playoff - Full Match ｜ Volleyball_set1,3,48.5,55.7,49.0,55.2
Semi Final 1 - Suntory Sunbirds vs. Wolfdogs Nagoya ｜ SVL Playoff - Full Match ｜ Volleyball_set1,4,64.567,71.1,65.067,70.6
Semi Final 1 - Suntory Sunbirds vs. Wolfdogs Nagoya ｜ SVL Playoff - Full Match ｜ Volleyball_set1,5,86.133,93.9,86.633,93.4
Semi Final 1 - Suntory Sunbirds vs. Wolfdogs Nagoya ｜ SVL Playoff - Full Match ｜ Volleyball_set1,6,112.133,119.067,112.633,118.567
Semi Final 1 - Suntory Sunbirds vs. Wolfdogs Nagoya ｜ SVL Playoff - Full Match ｜ Volleyball_set1,7,138.033,159.633,138.533,159.133
Semi Final 1 - Suntory Sunbirds vs. Wolfdogs Nagoya ｜ SVL Playoff - Full Match ｜ Volleyball_set1,8,179.433,183.133,179.933,182.633
Semi Final 1 - Suntory Sunbirds vs. Wolfdogs Nagoya ｜ SVL Playoff - Full Match ｜ Volleyball_set1,9,201.2,207.433,201.7,206.933
Semi Final 1 - Suntory Sunbirds vs. Wolfdogs Nagoya ｜ SVL Playoff - Full Match ｜ Volleyball_set1,10,226.4,234.367,226.9,233.867
Semi Final 1 - Suntory Sunbirds vs. Wolfdogs Nagoya ｜ SVL Playoff - Full Match ｜ Volleyball_set1,11,254.567,263.633,255.067,263.133
Semi Final 1 - Suntory Sunbirds vs. Wolfdogs Nagoya ｜ SVL Playoff - Full Match ｜ Volleyball_set1,12,280.533,286.8,281.033,286.3
Semi Final 1 - Suntory Sunbirds vs. Wolfdogs Nagoya ｜ SVL Playoff - Full Match ｜ Volleyball_set1,13,304.267,312.133,304.767,311.633
Semi Final 1 - Suntory Sunbirds vs. Wolfdogs Nagoya ｜ SVL Playoff - Full Match ｜ Volleyball_set1,14,327.333,338.333,327.833,337.833
Semi Final 1 - Suntory Sunbirds vs. Wolfdogs Nagoya ｜ SVL Playoff - Full Match ｜ Volleyball_set1,15,354.333,361.0,354.833,360.5
Semi Final 1 - Suntory Sunbirds vs. Wolfdogs Nagoya ｜ SVL Playoff - Full Match ｜ Volleyball_set1,16,385.133,391.367,385.633,390.867
Semi Final 1 - Suntory Sunbirds vs. Wolfdogs Nagoya ｜ SVL Playoff - Full Match ｜ Volleyball_set1,17,408.267,414.767,408.767,414.267
Semi Final 1 - Suntory Sunbirds vs. Wolfdogs Nagoya ｜ SVL Playoff - Full Match ｜ Volleyball_set1,18,428.533,435.467,429.033,434.967
Semi Final 1 - Suntory Sunbirds vs. Wolfdogs Nagoya ｜ SVL Playoff - Full Match ｜ Volleyball_set1,19,453.2,459.267,453.7,458.767
Semi Final 1 - Suntory Sunbirds vs. Wolfdogs Nagoya ｜ SVL Playoff - Full Match ｜ Volleyball_set1,20,478.0,485.367,478.5,484.867
Semi Final 1 - Suntory Sunbirds vs. Wolfdogs Nagoya ｜ SVL Playoff - Full Match ｜ Volleyball_set1,21,504.6,512.433,505.1,511.933
Semi Final 1 - Suntory Sunbirds vs. Wolfdogs Nagoya ｜ SVL Playoff - Full Match ｜ Volleyball_set1,22,532.4,539.7,532.9,539.2
Semi Final 1 - Suntory Sunbirds vs. Wolfdogs Nagoya ｜ SVL Playoff - Full Match ｜ Volleyball_set1,23,559.333,567.5,559.833,567.0
Semi Final 1 - Suntory Sunbirds vs. Wolfdogs Nagoya ｜ SVL Playoff - Full Match ｜ Volleyball_set1,24,652.067,655.9,652.567,655.4
Semi Final 1 - Suntory Sunbirds vs. Wolfdogs Nagoya ｜ SVL Playoff - Full Match ｜ Volleyball_set1,25,670.733,674.667,671.233,674.167
Semi Final 1 - Suntory Sunbirds vs. Wolfdogs Nagoya ｜ SVL Playoff - Full Match ｜ Volleyball_set1,26,689.567,697.1,690.067,696.6
Semi Final 1 - Suntory Sunbirds vs. Wolfdogs Nagoya ｜ SVL Playoff - Full Match ｜ Volleyball_set1,27,714.033,720.333,714.533,719.833
Semi Final 1 - Suntory Sunbirds vs. Wolfdogs Nagoya ｜ SVL Playoff - Full Match ｜ Volleyball_set1,28,744.1,760.767,744.6,760.267
Semi Final 1 - Suntory Sunbirds vs. Wolfdogs Nagoya ｜ SVL Playoff - Full Match ｜ Volleyball_set1,29,779.9,786.467,780.4,785.967
Semi Final 1 - Suntory Sunbirds vs. Wolfdogs Nagoya ｜ SVL Playoff - Full Match ｜ Volleyball_set1,30,802.5,809.067,803.0,808.567
Semi Final 1 - Suntory Sunbirds vs. Wolfdogs Nagoya ｜ SVL Playoff - Full Match ｜ Volleyball_set1,31,827.467,842.1,827.967,841.6
Semi Final 1 - Suntory Sunbirds vs. Wolfdogs Nagoya ｜ SVL Playoff - Full Match ｜ Volleyball_set1,32,863.233,870.733,863.733,870.233
Semi Final 1 - Suntory Sunbirds vs. Wolfdogs Nagoya ｜ SVL Playoff - Full Match ｜ Volleyball_set1,33,940.567,954.9,941.067,954.4
Semi Final 1 - Suntory Sunbirds vs. Wolfdogs Nagoya ｜ SVL Playoff - Full Match ｜ Volleyball_set1,34,978.333,982.167,978.833,981.667
Semi Final 1 - Suntory Sunbirds vs. Wolfdogs Nagoya ｜ SVL Playoff - Full Match ｜ Volleyball_set1,35,999.867,1003.5,1000.367,1003.0
Semi Final 1 - Suntory Sunbirds vs. Wolfdogs Nagoya ｜ SVL Playoff - Full Match ｜ Volleyball_set1,36,1021.5,1037.5,1022.0,1037.0
Semi Final 1 - Suntory Sunbirds vs. Wolfdogs Nagoya ｜ SVL Playoff - Full Match ｜ Volleyball_set1,37,1060.133,1067.267,1060.633,1066.767
Semi Final 1 - Suntory Sunbirds vs. Wolfdogs Nagoya ｜ SVL Playoff - Full Match ｜ Volleyball_set1,38,1092.2,1098.8,1092.7,1098.3
Semi Final 1 - Suntory Sunbirds vs. Wolfdogs Nagoya ｜ SVL Playoff - Full Match ｜ Volleyball_set1,39,1124.633,1134.533,1125.133,1134.033
Semi Final 1 - Suntory Sunbirds vs. Wolfdogs Nagoya ｜ SVL Playoff - Full Match ｜ Volleyball_set1,40,1202.067,1205.967,1202.567,1205.467
Semi Final 1 - Suntory Sunbirds vs. Wolfdogs Nagoya ｜ SVL Playoff - Full Match ｜ Volleyball_set1,41,1231.267,1242.333,1231.767,1241.833
Semi Final 1 - Suntory Sunbirds vs. Wolfdogs Nagoya ｜ SVL Playoff - Full Match ｜ Volleyball_set1,42,1261.467,1270.8,1261.967,1270.3
Semi Final 1 - Suntory Sunbirds vs. Wolfdogs Nagoya ｜ SVL Playoff - Full Match ｜ Volleyball_set1,43,1341.433,1351.367,1341.933,1350.867
Semi Final 1 - Suntory Sunbirds vs. Wolfdogs Nagoya ｜ SVL Playoff - Full Match ｜ Volleyball_set1,44,1374.8,1378.867,1375.3,1378.367
Semi Final 1 - Suntory Sunbirds vs. Wolfdogs Nagoya ｜ SVL Playoff - Full Match ｜ Volleyball_set1,45,1401.767,1408.267,1402.267,1407.767
Semi Final 1 - Suntory Sunbirds vs. Wolfdogs Nagoya ｜ SVL Playoff - Full Match ｜ Volleyball_set1,46,1431.967,1439.3,1432.467,1438.8
Semi Final 1 - Suntory Sunbirds vs. Wolfdogs Nagoya ｜ SVL Playoff - Full Match ｜ Volleyball_set1,47,1475.1,1481.8,1475.6,1481.3
Semi Final 2 - Osaka Bluteon vs. Stings Aichi ｜ SV League - Full Match ｜ Volleyball_set1,1,7.033,13.933,7.533,13.433
Semi Final 2 - Osaka Bluteon vs. Stings Aichi ｜ SV League - Full Match ｜ Volleyball_set1,2,31.1,37.633,31.6,37.133
Semi Final 2 - Osaka Bluteon vs. Stings Aichi ｜ SV League - Full Match ｜ Volleyball_set1,3,62.2,66.167,62.7,65.667
Semi Final 2 - Osaka Bluteon vs. Stings Aichi ｜ SV League - Full Match ｜ Volleyball_set1,4,86.933,91.933,87.433,91.433
Semi Final 2 - Osaka Bluteon vs. Stings Aichi ｜ SV League - Full Match ｜ Volleyball_set1,5,113.733,121.6,114.233,121.1
Semi Final 2 - Osaka Bluteon vs. Stings Aichi ｜ SV League - Full Match ｜ Volleyball_set1,6,140.3,147.967,140.8,147.467
Semi Final 2 - Osaka Bluteon vs. Stings Aichi ｜ SV League - Full Match ｜ Volleyball_set1,7,167.667,176.6,168.167,176.1
Semi Final 2 - Osaka Bluteon vs. Stings Aichi ｜ SV League - Full Match ｜ Volleyball_set1,8,197.433,201.233,197.933,200.733
Semi Final 2 - Osaka Bluteon vs. Stings Aichi ｜ SV League - Full Match ｜ Volleyball_set1,9,222.767,239.5,223.267,239.0
Semi Final 2 - Osaka Bluteon vs. Stings Aichi ｜ SV League - Full Match ｜ Volleyball_set1,10,260.733,271.133,261.233,270.633
Semi Final 2 - Osaka Bluteon vs. Stings Aichi ｜ SV League - Full Match ｜ Volleyball_set1,11,291.933,295.667,292.433,295.167
Semi Final 2 - Osaka Bluteon vs. Stings Aichi ｜ SV League - Full Match ｜ Volleyball_set1,12,314.633,329.9,315.133,329.4
Semi Final 2 - Osaka Bluteon vs. Stings Aichi ｜ SV League - Full Match ｜ Volleyball_set1,13,353.3,362.733,353.8,362.233
Semi Final 2 - Osaka Bluteon vs. Stings Aichi ｜ SV League - Full Match ｜ Volleyball_set1,14,403.733,411.3,404.233,410.8
Semi Final 2 - Osaka Bluteon vs. Stings Aichi ｜ SV League - Full Match ｜ Volleyball_set1,15,429.833,438.967,430.333,438.467
Semi Final 2 - Osaka Bluteon vs. Stings Aichi ｜ SV League - Full Match ｜ Volleyball_set1,16,459.233,464.9,459.733,464.4
Semi Final 2 - Osaka Bluteon vs. Stings Aichi ｜ SV League - Full Match ｜ Volleyball_set1,17,482.067,486.4,482.567,485.9
Semi Final 2 - Osaka Bluteon vs. Stings Aichi ｜ SV League - Full Match ｜ Volleyball_set1,18,505.0,524.333,505.5,523.833
Semi Final 2 - Osaka Bluteon vs. Stings Aichi ｜ SV League - Full Match ｜ Volleyball_set1,19,545.733,551.667,546.233,551.167
Semi Final 2 - Osaka Bluteon vs. Stings Aichi ｜ SV League - Full Match ｜ Volleyball_set1,20,568.433,577.333,568.933,576.833
Semi Final 2 - Osaka Bluteon vs. Stings Aichi ｜ SV League - Full Match ｜ Volleyball_set1,21,600.367,608.033,600.867,607.533
Semi Final 2 - Osaka Bluteon vs. Stings Aichi ｜ SV League - Full Match ｜ Volleyball_set1,22,627.867,641.933,628.367,641.433
Semi Final 2 - Osaka Bluteon vs. Stings Aichi ｜ SV League - Full Match ｜ Volleyball_set1,23,668.567,681.267,669.067,680.767
Semi Final 2 - Osaka Bluteon vs. Stings Aichi ｜ SV League - Full Match ｜ Volleyball_set1,24,768.767,776.3,769.267,775.8
Semi Final 2 - Osaka Bluteon vs. Stings Aichi ｜ SV League - Full Match ｜ Volleyball_set1,25,802.067,808.867,802.567,808.367
Semi Final 2 - Osaka Bluteon vs. Stings Aichi ｜ SV League - Full Match ｜ Volleyball_set1,26,826.767,833.967,827.267,833.467
Semi Final 2 - Osaka Bluteon vs. Stings Aichi ｜ SV League - Full Match ｜ Volleyball_set1,27,852.3,856.167,852.8,855.667
Semi Final 2 - Osaka Bluteon vs. Stings Aichi ｜ SV League - Full Match ｜ Volleyball_set1,28,875.667,882.3,876.167,881.8
Semi Final 2 - Osaka Bluteon vs. Stings Aichi ｜ SV League - Full Match ｜ Volleyball_set1,29,904.767,908.467,905.267,907.967
Semi Final 2 - Osaka Bluteon vs. Stings Aichi ｜ SV League - Full Match ｜ Volleyball_set1,30,990.0,996.0,990.5,993.3
Semi Final 2 - Osaka Bluteon vs. Stings Aichi ｜ SV League - Full Match ｜ Volleyball_set1,31,1077.4,1084.8,1077.9,1084.3
Semi Final 2 - Osaka Bluteon vs. Stings Aichi ｜ SV League - Full Match ｜ Volleyball_set1,32,1154.2,1158.533,1154.7,1158.033
Semi Final 2 - Osaka Bluteon vs. Stings Aichi ｜ SV League - Full Match ｜ Volleyball_set1,33,1200.2,1204.1,1200.7,1203.6
Semi Final 2 - Osaka Bluteon vs. Stings Aichi ｜ SV League - Full Match ｜ Volleyball_set1,34,1240.167,1247.467,1240.667,1246.967
Semi Final 2 - Osaka Bluteon vs. Stings Aichi ｜ SV League - Full Match ｜ Volleyball_set1,35,1269.867,1276.0,1270.367,1275.5
Semi Final 2 - Osaka Bluteon vs. Stings Aichi ｜ SV League - Full Match ｜ Volleyball_set1,36,1299.467,1303.1,1299.967,1302.6
Semi Final 2 - Osaka Bluteon vs. Stings Aichi ｜ SV League - Full Match ｜ Volleyball_set1,37,1323.5,1328.4,1324.0,1327.9
Semi Final 2 - Osaka Bluteon vs. Stings Aichi ｜ SV League - Full Match ｜ Volleyball_set1,38,1343.1,1359.633,1343.6,1359.133
Semi Final 2 - Osaka Bluteon vs. Stings Aichi ｜ SV League - Full Match ｜ Volleyball_set1,39,1388.967,1396.0,1389.467,1394.167
Semi Final 2 - Osaka Bluteon vs. Stings Aichi ｜ SV League - Full Match ｜ Volleyball_set1,40,1417.5,1424.8,1418.0,1424.3
Semi Final 2 - Osaka Bluteon vs. Stings Aichi ｜ SV League - Full Match ｜ Volleyball_set1,41,1455.267,1459.133,1455.767,1458.633
Semi Final 3 - Suntory Sunbirds vs. Wolfdogs Nagoya ｜ SVL Playoff - Full Match ｜ Volleyball_set1,1,4.367,11.333,4.867,10.833
Semi Final 3 - Suntory Sunbirds vs. Wolfdogs Nagoya ｜ SVL Playoff - Full Match ｜ Volleyball_set1,2,26.167,30.467,26.667,29.967
Semi Final 3 - Suntory Sunbirds vs. Wolfdogs Nagoya ｜ SVL Playoff - Full Match ｜ Volleyball_set1,3,50.533,67.5,51.033,67.0
Semi Final 3 - Suntory Sunbirds vs. Wolfdogs Nagoya ｜ SVL Playoff - Full Match ｜ Volleyball_set1,4,87.667,95.667,88.167,95.167
Semi Final 3 - Suntory Sunbirds vs. Wolfdogs Nagoya ｜ SVL Playoff - Full Match ｜ Volleyball_set1,5,113.333,120.4,113.833,119.9
Semi Final 3 - Suntory Sunbirds vs. Wolfdogs Nagoya ｜ SVL Playoff - Full Match ｜ Volleyball_set1,6,140.867,153.367,141.367,152.867
Semi Final 3 - Suntory Sunbirds vs. Wolfdogs Nagoya ｜ SVL Playoff - Full Match ｜ Volleyball_set1,7,175.967,182.633,176.467,182.133
Semi Final 3 - Suntory Sunbirds vs. Wolfdogs Nagoya ｜ SVL Playoff - Full Match ｜ Volleyball_set1,8,202.267,211.033,202.767,210.533
Semi Final 3 - Suntory Sunbirds vs. Wolfdogs Nagoya ｜ SVL Playoff - Full Match ｜ Volleyball_set1,9,232.3,237.367,232.8,236.867
Semi Final 3 - Suntory Sunbirds vs. Wolfdogs Nagoya ｜ SVL Playoff - Full Match ｜ Volleyball_set1,10,252.6,259.367,253.1,258.9
Semi Final 3 - Suntory Sunbirds vs. Wolfdogs Nagoya ｜ SVL Playoff - Full Match ｜ Volleyball_set1,11,281.5,285.167,282.0,284.667
Semi Final 3 - Suntory Sunbirds vs. Wolfdogs Nagoya ｜ SVL Playoff - Full Match ｜ Volleyball_set1,12,308.367,312.0,308.867,311.5
Semi Final 3 - Suntory Sunbirds vs. Wolfdogs Nagoya ｜ SVL Playoff - Full Match ｜ Volleyball_set1,13,328.067,335.3,328.567,334.8
Semi Final 3 - Suntory Sunbirds vs. Wolfdogs Nagoya ｜ SVL Playoff - Full Match ｜ Volleyball_set1,14,353.0,362.467,353.5,361.967
Semi Final 3 - Suntory Sunbirds vs. Wolfdogs Nagoya ｜ SVL Playoff - Full Match ｜ Volleyball_set1,15,429.8,444.8,430.3,444.3
Semi Final 3 - Suntory Sunbirds vs. Wolfdogs Nagoya ｜ SVL Playoff - Full Match ｜ Volleyball_set1,16,467.1,471.267,467.6,470.767
Semi Final 3 - Suntory Sunbirds vs. Wolfdogs Nagoya ｜ SVL Playoff - Full Match ｜ Volleyball_set1,17,490.1,501.267,490.6,500.767
Semi Final 3 - Suntory Sunbirds vs. Wolfdogs Nagoya ｜ SVL Playoff - Full Match ｜ Volleyball_set1,18,521.5,527.7,522.0,527.2
Semi Final 3 - Suntory Sunbirds vs. Wolfdogs Nagoya ｜ SVL Playoff - Full Match ｜ Volleyball_set1,19,545.5,552.3,546.0,551.8
Semi Final 3 - Suntory Sunbirds vs. Wolfdogs Nagoya ｜ SVL Playoff - Full Match ｜ Volleyball_set1,20,573.3,577.033,573.8,576.533
Semi Final 3 - Suntory Sunbirds vs. Wolfdogs Nagoya ｜ SVL Playoff - Full Match ｜ Volleyball_set1,21,594.733,601.733,595.233,601.233
Semi Final 3 - Suntory Sunbirds vs. Wolfdogs Nagoya ｜ SVL Playoff - Full Match ｜ Volleyball_set1,22,622.967,632.733,623.467,632.233
Semi Final 3 - Suntory Sunbirds vs. Wolfdogs Nagoya ｜ SVL Playoff - Full Match ｜ Volleyball_set1,23,656.333,667.167,656.833,666.667
Semi Final 3 - Suntory Sunbirds vs. Wolfdogs Nagoya ｜ SVL Playoff - Full Match ｜ Volleyball_set1,24,749.533,756.233,750.033,755.733
Semi Final 3 - Suntory Sunbirds vs. Wolfdogs Nagoya ｜ SVL Playoff - Full Match ｜ Volleyball_set1,25,832.433,841.233,832.933,840.733
Semi Final 3 - Suntory Sunbirds vs. Wolfdogs Nagoya ｜ SVL Playoff - Full Match ｜ Volleyball_set1,26,859.833,867.067,860.333,866.567
Semi Final 3 - Suntory Sunbirds vs. Wolfdogs Nagoya ｜ SVL Playoff - Full Match ｜ Volleyball_set1,27,885.0,888.633,885.5,888.133
Semi Final 3 - Suntory Sunbirds vs. Wolfdogs Nagoya ｜ SVL Playoff - Full Match ｜ Volleyball_set1,28,907.867,918.5,908.367,918.0
Semi Final 3 - Suntory Sunbirds vs. Wolfdogs Nagoya ｜ SVL Playoff - Full Match ｜ Volleyball_set1,29,986.5,995.867,987.0,995.367
Semi Final 3 - Suntory Sunbirds vs. Wolfdogs Nagoya ｜ SVL Playoff - Full Match ｜ Volleyball_set1,30,1013.233,1020.067,1013.733,1019.567
Semi Final 3 - Suntory Sunbirds vs. Wolfdogs Nagoya ｜ SVL Playoff - Full Match ｜ Volleyball_set1,31,1048.533,1057.067,1049.033,1056.567
Semi Final 3 - Suntory Sunbirds vs. Wolfdogs Nagoya ｜ SVL Playoff - Full Match ｜ Volleyball_set1,32,1080.567,1084.2,1081.067,1083.7
Semi Final 3 - Suntory Sunbirds vs. Wolfdogs Nagoya ｜ SVL Playoff - Full Match ｜ Volleyball_set1,33,1102.033,1106.833,1102.533,1106.333
Semi Final 3 - Suntory Sunbirds vs. Wolfdogs Nagoya ｜ SVL Playoff - Full Match ｜ Volleyball_set1,34,1177.8,1183.867,1178.3,1183.367
Semi Final 3 - Suntory Sunbirds vs. Wolfdogs Nagoya ｜ SVL Playoff - Full Match ｜ Volleyball_set1,35,1201.1,1216.6,1201.6,1216.1
Semi Final 3 - Suntory Sunbirds vs. Wolfdogs Nagoya ｜ SVL Playoff - Full Match ｜ Volleyball_set1,36,1239.033,1245.833,1239.533,1245.333
Semi Final 3 - Suntory Sunbirds vs. Wolfdogs Nagoya ｜ SVL Playoff - Full Match ｜ Volleyball_set1,37,1268.9,1276.033,1269.4,1275.533
Semi Final 3 - Suntory Sunbirds vs. Wolfdogs Nagoya ｜ SVL Playoff - Full Match ｜ Volleyball_set1,38,1293.5,1300.433,1294.0,1299.933
Semi Final 3 - Suntory Sunbirds vs. Wolfdogs Nagoya ｜ SVL Playoff - Full Match ｜ Volleyball_set1,39,1319.433,1327.4,1319.933,1326.9
Semi Final 3 - Suntory Sunbirds vs. Wolfdogs Nagoya ｜ SVL Playoff - Full Match ｜ Volleyball_set1,40,1394.8,1398.433,1395.3,1397.933
Semi Final 3 - Suntory Sunbirds vs. Wolfdogs Nagoya ｜ SVL Playoff - Full Match ｜ Volleyball_set1,41,1474.533,1478.333,1475.033,1477.833
Semi Final 3 - Suntory Sunbirds vs. Wolfdogs Nagoya ｜ SVL Playoff - Full Match ｜ Volleyball_set1,42,1496.833,1504.067,1497.333,1503.567
Semi Final 3 - Suntory Sunbirds vs. Wolfdogs Nagoya ｜ SVL Playoff - Full Match ｜ Volleyball_set1,43,1535.6,1542.6,1536.1,1542.1
Semi Final 3 - Suntory Sunbirds vs. Wolfdogs Nagoya ｜ SVL Playoff - Full Match ｜ Volleyball_set1,44,1571.7,1577.867,1572.2,1577.367
Semi Final 3 - Suntory Sunbirds vs. Wolfdogs Nagoya ｜ SVL Playoff - Full Match ｜ Volleyball_set1,45,1606.633,1610.467,1607.133,1609.967
Semi Final 3 - Suntory Sunbirds vs. Wolfdogs Nagoya ｜ SVL Playoff - Full Match ｜ Volleyball_set1,46,1637.167,1646.0,1637.667,1642.433
Semi Final 3 - Suntory Sunbirds vs. Wolfdogs Nagoya ｜ SVL Playoff - Full Match ｜ Volleyball_set1,47,1883.533,1887.867,1884.033,1887.367
Spain vs. Iran - Ranking 3-4 ｜ Boys' U19 World Champs 2025 - Full Match_set1,1,9.317,39.3,9.817,38.8
Spain vs. Iran - Ranking 3-4 ｜ Boys' U19 World Champs 2025 - Full Match_set1,2,53.633,60.133,54.133,59.633
Spain vs. Iran - Ranking 3-4 ｜ Boys' U19 World Champs 2025 - Full Match_set1,3,74.7,81.067,75.2,80.567
Spain vs. Iran - Ranking 3-4 ｜ Boys' U19 World Champs 2025 - Full Match_set1,4,123.067,134.567,123.567,134.067
Spain vs. Iran - Ranking 3-4 ｜ Boys' U19 World Champs 2025 - Full Match_set1,5,136.883,144.2,137.383,143.7
Spain vs. Iran - Ranking 3-4 ｜ Boys' U19 World Champs 2025 - Full Match_set1,6,161.667,171.433,162.167,170.933
Spain vs. Iran - Ranking 3-4 ｜ Boys' U19 World Champs 2025 - Full Match_set1,7,185.833,204.8,186.333,204.3
Spain vs. Iran - Ranking 3-4 ｜ Boys' U19 World Champs 2025 - Full Match_set1,8,222.767,229.733,223.267,229.233
Spain vs. Iran - Ranking 3-4 ｜ Boys' U19 World Champs 2025 - Full Match_set1,9,243.7,251.433,244.2,250.933
Spain vs. Iran - Ranking 3-4 ｜ Boys' U19 World Champs 2025 - Full Match_set1,10,267.733,295.767,268.233,295.267
Spain vs. Iran - Ranking 3-4 ｜ Boys' U19 World Champs 2025 - Full Match_set1,11,526.1,532.867,526.6,532.367
Spain vs. Iran - Ranking 3-4 ｜ Boys' U19 World Champs 2025 - Full Match_set1,12,548.55,561.567,549.05,561.067
Spain vs. Iran - Ranking 3-4 ｜ Boys' U19 World Champs 2025 - Full Match_set1,13,581.9,586.233,582.4,585.733
Spain vs. Iran - Ranking 3-4 ｜ Boys' U19 World Champs 2025 - Full Match_set1,14,601.083,610.0,601.583,607.75
Spain vs. Iran - Ranking 3-4 ｜ Boys' U19 World Champs 2025 - Full Match_set1,15,630.367,645.667,630.867,645.167
Spain vs. Iran - Ranking 3-4 ｜ Boys' U19 World Champs 2025 - Full Match_set1,16,663.467,676.0,663.967,674.167
Spain vs. Iran - Ranking 3-4 ｜ Boys' U19 World Champs 2025 - Full Match_set1,17,695.033,703.15,695.533,702.65
Spain vs. Iran - Ranking 3-4 ｜ Boys' U19 World Champs 2025 - Full Match_set1,18,721.133,729.6,721.633,729.1
Spain vs. Iran - Ranking 3-4 ｜ Boys' U19 World Champs 2025 - Full Match_set1,19,746.867,753.3,747.367,752.8
Spain vs. Iran - Ranking 3-4 ｜ Boys' U19 World Champs 2025 - Full Match_set1,20,768.233,772.3,768.733,771.8
Spain vs. Iran - Ranking 3-4 ｜ Boys' U19 World Champs 2025 - Full Match_set1,21,785.067,788.85,785.567,788.35
Spain vs. Iran - Ranking 3-4 ｜ Boys' U19 World Champs 2025 - Full Match_set1,22,802.467,826.267,802.967,825.767
Spain vs. Iran - Ranking 3-4 ｜ Boys' U19 World Champs 2025 - Full Match_set1,23,840.9,847.567,841.4,847.067
Spain vs. Iran - Ranking 3-4 ｜ Boys' U19 World Champs 2025 - Full Match_set1,24,864.1,867.967,864.6,867.467
Spain vs. Iran - Ranking 3-4 ｜ Boys' U19 World Champs 2025 - Full Match_set1,25,884.4,891.583,884.9,891.083
Spain vs. Iran - Ranking 3-4 ｜ Boys' U19 World Champs 2025 - Full Match_set1,26,908.55,915.65,909.05,915.15
Spain vs. Iran - Ranking 3-4 ｜ Boys' U19 World Champs 2025 - Full Match_set1,27,934.167,945.233,934.667,944.733
Spain vs. Iran - Ranking 3-4 ｜ Boys' U19 World Champs 2025 - Full Match_set1,28,1018.433,1022.2,1018.933,1021.7
Spain vs. Iran - Ranking 3-4 ｜ Boys' U19 World Champs 2025 - Full Match_set1,29,1038.167,1044.6,1038.667,1044.1
Spain vs. Iran - Ranking 3-4 ｜ Boys' U19 World Champs 2025 - Full Match_set1,30,1160.7,1164.867,1161.2,1164.367
Spain vs. Iran - Ranking 3-4 ｜ Boys' U19 World Champs 2025 - Full Match_set1,31,1198.0,1207.9,1198.0,1207.4
Spain vs. Iran - Ranking 3-4 ｜ Boys' U19 World Champs 2025 - Full Match_set1,32,1241.567,1249.933,1242.067,1249.433
Spain vs. Iran - Ranking 3-4 ｜ Boys' U19 World Champs 2025 - Full Match_set1,33,1270.383,1278.033,1270.883,1277.533
Spain vs. Iran - Ranking 3-4 ｜ Boys' U19 World Champs 2025 - Full Match_set1,34,1293.1,1300.833,1293.6,1300.333
Spain vs. Iran - Ranking 3-4 ｜ Boys' U19 World Champs 2025 - Full Match_set1,35,1328.617,1335.833,1329.117,1335.333
Spain vs. Iran - Ranking 3-4 ｜ Boys' U19 World Champs 2025 - Full Match_set1,36,1361.733,1367.933,1362.233,1367.433
Spain vs. Iran - Ranking 3-4 ｜ Boys' U19 World Champs 2025 - Full Match_set1,37,1384.167,1387.967,1384.667,1387.467
Spain vs. Iran - Ranking 3-4 ｜ Boys' U19 World Champs 2025 - Full Match_set1,38,1401.733,1414.033,1402.233,1413.533
Spain vs. Iran - Ranking 3-4 ｜ Boys' U19 World Champs 2025 - Full Match_set1,39,1442.333,1446.233,1442.833,1445.733
Spain vs. Iran - Ranking 3-4 ｜ Boys' U19 World Champs 2025 - Full Match_set1,40,1518.033,1526.2,1518.533,1525.7
Spain vs. Iran - Ranking 3-4 ｜ Boys' U19 World Champs 2025 - Full Match_set1,41,1543.067,1554.183,1543.567,1553.683
Spain vs. Iran - Ranking 3-4 ｜ Boys' U19 World Champs 2025 - Full Match_set1,42,1570.4,1578.767,1570.9,1578.267
Spain vs. Iran - Ranking 3-4 ｜ Boys' U19 World Champs 2025 - Full Match_set1,44,1686.833,1705.367,1687.333,1704.867
Spain vs. Iran - Ranking 3-4 ｜ Boys' U19 World Champs 2025 - Full Match_set1,45,1720.683,1729.333,1721.183,1728.833
Spain vs. Iran - Ranking 3-4 ｜ Boys' U19 World Champs 2025 - Full Match_set1,46,1779.0,1789.55,1779.0,1789.05
Spain vs. Iran - Ranking 3-4 ｜ Boys' U19 World Champs 2025 - Full Match_set1,47,1892.95,1915.267,1893.45,1914.767
Suntory Sunbirds vs. Osaka Bluteon ｜ SV.LEAGUE 2025⧸26 ｜ Full Match - Volleyball_set1,1,5.807,11.977,6.307,11.477
Suntory Sunbirds vs. Osaka Bluteon ｜ SV.LEAGUE 2025⧸26 ｜ Full Match - Volleyball_set1,2,25.961,32.664,26.461,32.164
Suntory Sunbirds vs. Osaka Bluteon ｜ SV.LEAGUE 2025⧸26 ｜ Full Match - Volleyball_set1,3,49.05,63.579,49.55,63.079
Suntory Sunbirds vs. Osaka Bluteon ｜ SV.LEAGUE 2025⧸26 ｜ Full Match - Volleyball_set1,4,79.548,101.6,80.048,101.1
Suntory Sunbirds vs. Osaka Bluteon ｜ SV.LEAGUE 2025⧸26 ｜ Full Match - Volleyball_set1,5,116.0,139.121,116.0,138.621
Suntory Sunbirds vs. Osaka Bluteon ｜ SV.LEAGUE 2025⧸26 ｜ Full Match - Volleyball_set1,6,205.54,209.441,206.04,208.941
Suntory Sunbirds vs. Osaka Bluteon ｜ SV.LEAGUE 2025⧸26 ｜ Full Match - Volleyball_set1,7,223.792,250.115,224.292,249.615
Suntory Sunbirds vs. Osaka Bluteon ｜ SV.LEAGUE 2025⧸26 ｜ Full Match - Volleyball_set1,8,268.42,275.09,268.92,274.59
Suntory Sunbirds vs. Osaka Bluteon ｜ SV.LEAGUE 2025⧸26 ｜ Full Match - Volleyball_set1,9,289.491,293.358,289.991,292.858
Suntory Sunbirds vs. Osaka Bluteon ｜ SV.LEAGUE 2025⧸26 ｜ Full Match - Volleyball_set1,10,308.877,312.811,309.377,312.311
Suntory Sunbirds vs. Osaka Bluteon ｜ SV.LEAGUE 2025⧸26 ｜ Full Match - Volleyball_set1,11,328.496,335.967,328.996,335.467
Suntory Sunbirds vs. Osaka Bluteon ｜ SV.LEAGUE 2025⧸26 ｜ Full Match - Volleyball_set1,12,355.056,361.893,355.556,361.393
Suntory Sunbirds vs. Osaka Bluteon ｜ SV.LEAGUE 2025⧸26 ｜ Full Match - Volleyball_set1,13,378.98,403.485,379.48,402.985
Suntory Sunbirds vs. Osaka Bluteon ｜ SV.LEAGUE 2025⧸26 ｜ Full Match - Volleyball_set1,14,423.358,430.028,423.858,429.528
Suntory Sunbirds vs. Osaka Bluteon ｜ SV.LEAGUE 2025⧸26 ｜ Full Match - Volleyball_set1,15,445.864,452.517,446.364,452.017
Suntory Sunbirds vs. Osaka Bluteon ｜ SV.LEAGUE 2025⧸26 ｜ Full Match - Volleyball_set1,16,471.239,475.14,471.739,474.64
Suntory Sunbirds vs. Osaka Bluteon ｜ SV.LEAGUE 2025⧸26 ｜ Full Match - Volleyball_set1,17,492.393,502.317,492.893,501.817
Suntory Sunbirds vs. Osaka Bluteon ｜ SV.LEAGUE 2025⧸26 ｜ Full Match - Volleyball_set1,18,520.088,523.822,520.588,523.322
Suntory Sunbirds vs. Osaka Bluteon ｜ SV.LEAGUE 2025⧸26 ｜ Full Match - Volleyball_set1,19,542.911,554.452,543.411,553.952
Suntory Sunbirds vs. Osaka Bluteon ｜ SV.LEAGUE 2025⧸26 ｜ Full Match - Volleyball_set1,20,573.675,577.709,574.175,577.209
Suntory Sunbirds vs. Osaka Bluteon ｜ SV.LEAGUE 2025⧸26 ｜ Full Match - Volleyball_set1,21,594.762,599.965,595.262,599.465
Suntory Sunbirds vs. Osaka Bluteon ｜ SV.LEAGUE 2025⧸26 ｜ Full Match - Volleyball_set1,22,616.017,621.486,616.517,620.986
Suntory Sunbirds vs. Osaka Bluteon ｜ SV.LEAGUE 2025⧸26 ｜ Full Match - Volleyball_set1,23,653.154,660.0,653.654,659.041
Suntory Sunbirds vs. Osaka Bluteon ｜ SV.LEAGUE 2025⧸26 ｜ Full Match - Volleyball_set1,24,677.245,683.982,677.745,683.482
Suntory Sunbirds vs. Osaka Bluteon ｜ SV.LEAGUE 2025⧸26 ｜ Full Match - Volleyball_set1,25,702.62,709.674,703.12,709.174
Suntory Sunbirds vs. Osaka Bluteon ｜ SV.LEAGUE 2025⧸26 ｜ Full Match - Volleyball_set1,26,781.799,788.62,782.299,788.12
Suntory Sunbirds vs. Osaka Bluteon ｜ SV.LEAGUE 2025⧸26 ｜ Full Match - Volleyball_set1,27,803.971,810.441,804.471,809.941
Suntory Sunbirds vs. Osaka Bluteon ｜ SV.LEAGUE 2025⧸26 ｜ Full Match - Volleyball_set1,28,826.194,830.678,826.694,830.178
Suntory Sunbirds vs. Osaka Bluteon ｜ SV.LEAGUE 2025⧸26 ｜ Full Match - Volleyball_set1,29,846.714,859.424,847.214,858.924
Suntory Sunbirds vs. Osaka Bluteon ｜ SV.LEAGUE 2025⧸26 ｜ Full Match - Volleyball_set1,30,878.012,886.534,878.512,886.034
Suntory Sunbirds vs. Osaka Bluteon ｜ SV.LEAGUE 2025⧸26 ｜ Full Match - Volleyball_set1,31,905.806,909.624,906.306,909.124
Suntory Sunbirds vs. Osaka Bluteon ｜ SV.LEAGUE 2025⧸26 ｜ Full Match - Volleyball_set1,32,928.629,936.367,929.129,935.867
Suntory Sunbirds vs. Osaka Bluteon ｜ SV.LEAGUE 2025⧸26 ｜ Full Match - Volleyball_set1,33,955.289,971.486,955.789,972.037
Suntory Sunbirds vs. Osaka Bluteon ｜ SV.LEAGUE 2025⧸26 ｜ Full Match - Volleyball_set1,34,991.425,1005.603,991.925,1005.103
Suntory Sunbirds vs. Osaka Bluteon ｜ SV.LEAGUE 2025⧸26 ｜ Full Match - Volleyball_set1,35,1025.493,1029.494,1025.993,1028.994
Suntory Sunbirds vs. Osaka Bluteon ｜ SV.LEAGUE 2025⧸26 ｜ Full Match - Volleyball_set1,36,1048.199,1051.833,1048.699,1051.333
Suntory Sunbirds vs. Osaka Bluteon ｜ SV.LEAGUE 2025⧸26 ｜ Full Match - Volleyball_set1,37,1070.221,1077.175,1070.721,1076.675
Suntory Sunbirds vs. Osaka Bluteon ｜ SV.LEAGUE 2025⧸26 ｜ Full Match - Volleyball_set1,38,1154.488,1161.259,1154.988,1160.759
Suntory Sunbirds vs. Osaka Bluteon ｜ SV.LEAGUE 2025⧸26 ｜ Full Match - Volleyball_set1,39,1185.586,1192.723,1186.086,1192.223
Suntory Sunbirds vs. Osaka Bluteon ｜ SV.LEAGUE 2025⧸26 ｜ Full Match - Volleyball_set1,40,1213.647,1217.748,1214.147,1217.248
Suntory Sunbirds vs. Osaka Bluteon ｜ SV.LEAGUE 2025⧸26 ｜ Full Match - Volleyball_set1,41,1235.803,1242.323,1236.303,1241.823
Suntory Sunbirds vs. Osaka Bluteon ｜ SV.LEAGUE 2025⧸26 ｜ Full Match - Volleyball_set1,42,1261.262,1267.815,1261.762,1267.315
Suntory Sunbirds vs. Osaka Bluteon ｜ SV.LEAGUE 2025⧸26 ｜ Full Match - Volleyball_set1,43,1283.884,1289.787,1284.384,1289.287
Suntory Sunbirds vs. Osaka Bluteon ｜ SV.LEAGUE 2025⧸26 ｜ Full Match - Volleyball_set1,44,1304.621,1310.141,1305.121,1309.641
Suntory Sunbirds vs. Osaka Bluteon ｜ SV.LEAGUE 2025⧸26 ｜ Full Match - Volleyball_set1,45,1378.445,1382.246,1378.945,1381.746
Suntory Sunbirds vs. Osaka Bluteon ｜ SV.LEAGUE 2025⧸26 ｜ Full Match - Volleyball_set1,46,1411.478,1418.399,1411.978,1417.899
Suntory Sunbirds vs. Osaka Bluteon ｜ SV.LEAGUE 2025⧸26 ｜ Full Match - Volleyball_set1,47,1440.44,1452.566,1440.94,1452.066
Suntory Sunbirds vs. Osaka Bluteon ｜ SV.LEAGUE 2025⧸26 ｜ Full Match - Volleyball_set1,48,1471.772,1477.842,1472.272,1477.342
Suntory Sunbirds 🇯🇵 vs. Stings AICHI 🇯🇵 ｜ SV League 2026 ｜ Full Match - Japan Volleyball_set1,1,0.702,8.624,1.202,8.124
Suntory Sunbirds 🇯🇵 vs. Stings AICHI 🇯🇵 ｜ SV League 2026 ｜ Full Match - Japan Volleyball_set1,2,27.129,39.121,27.629,38.621
Suntory Sunbirds 🇯🇵 vs. Stings AICHI 🇯🇵 ｜ SV League 2026 ｜ Full Match - Japan Volleyball_set1,3,57.893,64.263,58.393,63.763
Suntory Sunbirds 🇯🇵 vs. Stings AICHI 🇯🇵 ｜ SV League 2026 ｜ Full Match - Japan Volleyball_set1,4,82.751,90.489,83.251,89.989
Suntory Sunbirds 🇯🇵 vs. Stings AICHI 🇯🇵 ｜ SV League 2026 ｜ Full Match - Japan Volleyball_set1,5,163.131,181.747,163.631,181.247
Suntory Sunbirds 🇯🇵 vs. Stings AICHI 🇯🇵 ｜ SV League 2026 ｜ Full Match - Japan Volleyball_set1,6,199.1,207.0,199.6,205.638
Suntory Sunbirds 🇯🇵 vs. Stings AICHI 🇯🇵 ｜ SV League 2026 ｜ Full Match - Japan Volleyball_set1,7,227.963,234.166,228.463,233.666
Suntory Sunbirds 🇯🇵 vs. Stings AICHI 🇯🇵 ｜ SV League 2026 ｜ Full Match - Japan Volleyball_set1,8,253.989,271.637,254.489,271.137
Suntory Sunbirds 🇯🇵 vs. Stings AICHI 🇯🇵 ｜ SV League 2026 ｜ Full Match - Japan Volleyball_set1,9,292.027,308.707,292.527,308.207
Suntory Sunbirds 🇯🇵 vs. Stings AICHI 🇯🇵 ｜ SV League 2026 ｜ Full Match - Japan Volleyball_set1,10,330.582,334.766,331.082,334.266
Suntory Sunbirds 🇯🇵 vs. Stings AICHI 🇯🇵 ｜ SV League 2026 ｜ Full Match - Japan Volleyball_set1,11,353.355,357.089,353.855,356.589
Suntory Sunbirds 🇯🇵 vs. Stings AICHI 🇯🇵 ｜ SV League 2026 ｜ Full Match - Japan Volleyball_set1,12,369.637,373.472,370.137,372.972
Suntory Sunbirds 🇯🇵 vs. Stings AICHI 🇯🇵 ｜ SV League 2026 ｜ Full Match - Japan Volleyball_set1,13,390.058,397.028,390.558,396.528
Suntory Sunbirds 🇯🇵 vs. Stings AICHI 🇯🇵 ｜ SV League 2026 ｜ Full Match - Japan Volleyball_set1,14,415.049,418.884,415.549,418.384
Suntory Sunbirds 🇯🇵 vs. Stings AICHI 🇯🇵 ｜ SV League 2026 ｜ Full Match - Japan Volleyball_set1,15,432.534,439.671,433.034,439.171
Suntory Sunbirds 🇯🇵 vs. Stings AICHI 🇯🇵 ｜ SV League 2026 ｜ Full Match - Japan Volleyball_set1,16,456.357,464.029,456.857,463.529
Suntory Sunbirds 🇯🇵 vs. Stings AICHI 🇯🇵 ｜ SV League 2026 ｜ Full Match - Japan Volleyball_set1,17,481.983,492.824,482.483,492.324
Suntory Sunbirds 🇯🇵 vs. Stings AICHI 🇯🇵 ｜ SV League 2026 ｜ Full Match - Japan Volleyball_set1,18,509.511,513.545,510.011,513.045
Suntory Sunbirds 🇯🇵 vs. Stings AICHI 🇯🇵 ｜ SV League 2026 ｜ Full Match - Japan Volleyball_set1,19,532.734,543.391,533.234,542.891
Suntory Sunbirds 🇯🇵 vs. Stings AICHI 🇯🇵 ｜ SV League 2026 ｜ Full Match - Japan Volleyball_set1,20,562.597,570.602,563.097,570.102
Suntory Sunbirds 🇯🇵 vs. Stings AICHI 🇯🇵 ｜ SV League 2026 ｜ Full Match - Japan Volleyball_set1,21,591.426,602.467,591.926,601.967
Suntory Sunbirds 🇯🇵 vs. Stings AICHI 🇯🇵 ｜ SV League 2026 ｜ Full Match - Japan Volleyball_set1,22,672.106,675.74,672.606,675.24
Suntory Sunbirds 🇯🇵 vs. Stings AICHI 🇯🇵 ｜ SV League 2026 ｜ Full Match - Japan Volleyball_set1,23,694.162,701.499,694.662,700.999
Suntory Sunbirds 🇯🇵 vs. Stings AICHI 🇯🇵 ｜ SV League 2026 ｜ Full Match - Japan Volleyball_set1,24,724.225,727.859,724.725,727.359
Suntory Sunbirds 🇯🇵 vs. Stings AICHI 🇯🇵 ｜ SV League 2026 ｜ Full Match - Japan Volleyball_set1,25,743.211,749.981,743.711,749.481
Suntory Sunbirds 🇯🇵 vs. Stings AICHI 🇯🇵 ｜ SV League 2026 ｜ Full Match - Japan Volleyball_set1,26,769.971,777.809,770.471,777.309
Suntory Sunbirds 🇯🇵 vs. Stings AICHI 🇯🇵 ｜ SV League 2026 ｜ Full Match - Japan Volleyball_set1,27,792.527,804.302,793.027,803.802
Suntory Sunbirds 🇯🇵 vs. Stings AICHI 🇯🇵 ｜ SV League 2026 ｜ Full Match - Japan Volleyball_set1,28,822.623,826.457,823.123,825.957
Suntory Sunbirds 🇯🇵 vs. Stings AICHI 🇯🇵 ｜ SV League 2026 ｜ Full Match - Japan Volleyball_set1,29,843.044,851.149,843.544,850.649
Suntory Sunbirds 🇯🇵 vs. Stings AICHI 🇯🇵 ｜ SV League 2026 ｜ Full Match - Japan Volleyball_set1,30,865.633,877.198698,866.133,875.173
Suntory Sunbirds 🇯🇵 vs. Stings AICHI 🇯🇵 ｜ SV League 2026 ｜ Full Match - Japan Volleyball_set1,31,894.262,901.232,894.762,900.732
Suntory Sunbirds 🇯🇵 vs. Stings AICHI 🇯🇵 ｜ SV League 2026 ｜ Full Match - Japan Volleyball_set1,32,917.685,928.026,918.185,927.526
Suntory Sunbirds 🇯🇵 vs. Stings AICHI 🇯🇵 ｜ SV League 2026 ｜ Full Match - Japan Volleyball_set1,33,943.177,949.447,943.677,948.947
Suntory Sunbirds 🇯🇵 vs. Stings AICHI 🇯🇵 ｜ SV League 2026 ｜ Full Match - Japan Volleyball_set1,34,967.084,974.038,967.584,973.538
Suntory Sunbirds 🇯🇵 vs. Stings AICHI 🇯🇵 ｜ SV League 2026 ｜ Full Match - Japan Volleyball_set1,35,989.29,1001.082,989.79,1000.582
Suntory Sunbirds 🇯🇵 vs. Stings AICHI 🇯🇵 ｜ SV League 2026 ｜ Full Match - Japan Volleyball_set1,36,1016.183,1022.954,1016.683,1022.454
Suntory Sunbirds 🇯🇵 vs. Stings AICHI 🇯🇵 ｜ SV League 2026 ｜ Full Match - Japan Volleyball_set1,37,1042.059,1062.31,1042.559,1061.81
Suntory Sunbirds 🇯🇵 vs. Stings AICHI 🇯🇵 ｜ SV League 2026 ｜ Full Match - Japan Volleyball_set1,38,1079.847,1086.217,1080.347,1085.717
Suntory Sunbirds 🇯🇵 vs. Stings AICHI 🇯🇵 ｜ SV League 2026 ｜ Full Match - Japan Volleyball_set1,39,1105.89,1126.591,1106.39,1126.091
Suntory Sunbirds 🇯🇵 vs. Stings AICHI 🇯🇵 ｜ SV League 2026 ｜ Full Match - Japan Volleyball_set1,40,1147.581,1151.249,1148.081,1150.749
Suntory Sunbirds 🇯🇵 vs. Stings AICHI 🇯🇵 ｜ SV League 2026 ｜ Full Match - Japan Volleyball_set1,41,1168.869,1172.253,1169.369,1171.753
Suntory Sunbirds 🇯🇵 vs. Stings AICHI 🇯🇵 ｜ SV League 2026 ｜ Full Match - Japan Volleyball_set1,42,1188.289,1196.894,1188.789,1196.394
Taipei vs. Argentina - Playoffs ｜ Girls' U19 World Champs 2025 - Full Match_set1,1,12.683,22.6,13.183,22.1
Taipei vs. Argentina - Playoffs ｜ Girls' U19 World Champs 2025 - Full Match_set1,2,38.0,48.633,38.5,48.133
Taipei vs. Argentina - Playoffs ｜ Girls' U19 World Champs 2025 - Full Match_set1,3,66.7,111.767,67.2,111.267
Taipei vs. Argentina - Playoffs ｜ Girls' U19 World Champs 2025 - Full Match_set1,4,135.95,147.35,136.45,146.85
Taipei vs. Argentina - Playoffs ｜ Girls' U19 World Champs 2025 - Full Match_set1,5,165.933,170.467,166.433,169.967
Taipei vs. Argentina - Playoffs ｜ Girls' U19 World Champs 2025 - Full Match_set1,6,184.25,193.9,184.75,193.4
Taipei vs. Argentina - Playoffs ｜ Girls' U19 World Champs 2025 - Full Match_set1,7,208.733,227.0,209.233,225.417
Taipei vs. Argentina - Playoffs ｜ Girls' U19 World Champs 2025 - Full Match_set1,8,298.4,305.967,298.9,305.467
Taipei vs. Argentina - Playoffs ｜ Girls' U19 World Champs 2025 - Full Match_set1,9,319.967,324.267,320.467,323.767
Taipei vs. Argentina - Playoffs ｜ Girls' U19 World Champs 2025 - Full Match_set1,10,341.333,349.217,341.833,348.717
Taipei vs. Argentina - Playoffs ｜ Girls' U19 World Champs 2025 - Full Match_set1,11,364.933,369.217,365.433,368.717
Taipei vs. Argentina - Playoffs ｜ Girls' U19 World Champs 2025 - Full Match_set1,12,379.833,394.517,380.333,394.017
Taipei vs. Argentina - Playoffs ｜ Girls' U19 World Champs 2025 - Full Match_set1,13,457.733,464.633,458.233,464.133
Taipei vs. Argentina - Playoffs ｜ Girls' U19 World Champs 2025 - Full Match_set1,14,483.167,487.217,483.667,486.717
Taipei vs. Argentina - Playoffs ｜ Girls' U19 World Champs 2025 - Full Match_set1,15,564.167,569.033,564.667,568.533
Taipei vs. Argentina - Playoffs ｜ Girls' U19 World Champs 2025 - Full Match_set1,16,582.267,597.7,582.767,597.2
Taipei vs. Argentina - Playoffs ｜ Girls' U19 World Champs 2025 - Full Match_set1,17,615.217,619.633,615.717,619.133
Taipei vs. Argentina - Playoffs ｜ Girls' U19 World Champs 2025 - Full Match_set1,18,635.283,643.517,635.783,643.017
Taipei vs. Argentina - Playoffs ｜ Girls' U19 World Champs 2025 - Full Match_set1,19,656.517,662.417,657.017,661.917
Taipei vs. Argentina - Playoffs ｜ Girls' U19 World Champs 2025 - Full Match_set1,20,677.133,684.933,677.633,684.433
Taipei vs. Argentina - Playoffs ｜ Girls' U19 World Champs 2025 - Full Match_set1,21,748.733,759.967,749.233,759.467
Taipei vs. Argentina - Playoffs ｜ Girls' U19 World Champs 2025 - Full Match_set1,22,777.467,786.0,777.967,784.217
Taipei vs. Argentina - Playoffs ｜ Girls' U19 World Champs 2025 - Full Match_set1,23,864.1,871.667,864.6,871.167
Taipei vs. Argentina - Playoffs ｜ Girls' U19 World Champs 2025 - Full Match_set1,24,889.667,901.433,890.167,900.933
Taipei vs. Argentina - Playoffs ｜ Girls' U19 World Champs 2025 - Full Match_set1,25,920.783,942.533,921.283,942.033
Taipei vs. Argentina - Playoffs ｜ Girls' U19 World Champs 2025 - Full Match_set1,26,981.833,998.867,982.333,998.367
Taipei vs. Argentina - Playoffs ｜ Girls' U19 World Champs 2025 - Full Match_set1,27,1015.2,1022.967,1015.7,1022.467
Taipei vs. Argentina - Playoffs ｜ Girls' U19 World Champs 2025 - Full Match_set1,28,1049.4,1058.55,1049.9,1058.05
Taipei vs. Argentina - Playoffs ｜ Girls' U19 World Champs 2025 - Full Match_set1,29,1072.9,1080.7,1073.4,1080.2
Taipei vs. Argentina - Playoffs ｜ Girls' U19 World Champs 2025 - Full Match_set1,30,1099.467,1114.683,1099.967,1114.183
Taipei vs. Argentina - Playoffs ｜ Girls' U19 World Champs 2025 - Full Match_set1,31,1131.767,1136.05,1132.267,1135.55
Taipei vs. Argentina - Playoffs ｜ Girls' U19 World Champs 2025 - Full Match_set1,32,1161.167,1165.867,1161.667,1165.367
Taipei vs. Argentina - Playoffs ｜ Girls' U19 World Champs 2025 - Full Match_set1,33,1182.45,1190.35,1182.95,1189.85
Taipei vs. Argentina - Playoffs ｜ Girls' U19 World Champs 2025 - Full Match_set1,34,1209.9,1215.933,1210.4,1215.433
Taipei vs. Argentina - Playoffs ｜ Girls' U19 World Champs 2025 - Full Match_set1,35,1232.433,1240.333,1232.933,1239.833
Taipei vs. Argentina - Playoffs ｜ Girls' U19 World Champs 2025 - Full Match_set1,36,1257.5,1264.567,1258.0,1264.067
Taipei vs. Argentina - Playoffs ｜ Girls' U19 World Champs 2025 - Full Match_set1,37,1278.033,1285.433,1278.533,1284.933
Taipei vs. Argentina - Playoffs ｜ Girls' U19 World Champs 2025 - Full Match_set1,38,1298.55,1306.2,1299.05,1305.7
Taipei vs. Argentina - Playoffs ｜ Girls' U19 World Champs 2025 - Full Match_set1,39,1322.467,1342.0,1322.967,1341.5
Türkiye vs. Colombia - Classification 13-16 ｜ Boys' U19 World Champs 2025 - Full Match_set1,1,7.317,14.733,7.817,14.233
Türkiye vs. Colombia - Classification 13-16 ｜ Boys' U19 World Champs 2025 - Full Match_set1,2,29.483,35.767,29.983,35.267
Türkiye vs. Colombia - Classification 13-16 ｜ Boys' U19 World Champs 2025 - Full Match_set1,3,52.567,59.867,53.067,59.367
Türkiye vs. Colombia - Classification 13-16 ｜ Boys' U19 World Champs 2025 - Full Match_set1,4,77.467,86.517,77.967,86.017
Türkiye vs. Colombia - Classification 13-16 ｜ Boys' U19 World Champs 2025 - Full Match_set1,5,98.933,106.15,99.433,105.65
Türkiye vs. Colombia - Classification 13-16 ｜ Boys' U19 World Champs 2025 - Full Match_set1,6,116.833,124.4,117.333,123.9
Türkiye vs. Colombia - Classification 13-16 ｜ Boys' U19 World Champs 2025 - Full Match_set1,7,234.217,250.133,234.717,249.633
Türkiye vs. Colombia - Classification 13-16 ｜ Boys' U19 World Champs 2025 - Full Match_set1,8,262.417,278.967,262.917,278.467
Türkiye vs. Colombia - Classification 13-16 ｜ Boys' U19 World Champs 2025 - Full Match_set1,9,333.667,341.0,334.167,339.9
Türkiye vs. Colombia - Classification 13-16 ｜ Boys' U19 World Champs 2025 - Full Match_set1,10,353.733,358.233,354.233,357.733
Türkiye vs. Colombia - Classification 13-16 ｜ Boys' U19 World Champs 2025 - Full Match_set1,11,372.3,379.5,372.8,379.0
Türkiye vs. Colombia - Classification 13-16 ｜ Boys' U19 World Champs 2025 - Full Match_set1,12,393.317,397.267,393.817,396.767
Türkiye vs. Colombia - Classification 13-16 ｜ Boys' U19 World Champs 2025 - Full Match_set1,13,412.0,416.233,412.5,415.733
Türkiye vs. Colombia - Classification 13-16 ｜ Boys' U19 World Champs 2025 - Full Match_set1,14,433.333,450.0,433.833,449.5
Türkiye vs. Colombia - Classification 13-16 ｜ Boys' U19 World Champs 2025 - Full Match_set1,15,460.567,488.633,461.067,488.133
Türkiye vs. Colombia - Classification 13-16 ｜ Boys' U19 World Champs 2025 - Full Match_set1,16,504.833,512.7,505.333,512.2
Türkiye vs. Colombia - Classification 13-16 ｜ Boys' U19 World Champs 2025 - Full Match_set1,17,526.783,543.9,527.283,543.4
Türkiye vs. Colombia - Classification 13-16 ｜ Boys' U19 World Champs 2025 - Full Match_set1,18,560.0,563.967,560.5,563.467
Türkiye vs. Colombia - Classification 13-16 ｜ Boys' U19 World Champs 2025 - Full Match_set1,19,578.083,594.217,578.583,593.717
Türkiye vs. Colombia - Classification 13-16 ｜ Boys' U19 World Champs 2025 - Full Match_set1,20,609.633,613.683,610.133,613.183
Türkiye vs. Colombia - Classification 13-16 ｜ Boys' U19 World Champs 2025 - Full Match_set1,21,625.3,631.167,625.8,630.667
Türkiye vs. Colombia - Classification 13-16 ｜ Boys' U19 World Champs 2025 - Full Match_set1,22,644.367,651.767,644.867,651.267
Türkiye vs. Colombia - Classification 13-16 ｜ Boys' U19 World Champs 2025 - Full Match_set1,23,669.217,673.667,669.717,673.167
Türkiye vs. Colombia - Classification 13-16 ｜ Boys' U19 World Champs 2025 - Full Match_set1,24,690.067,696.5,690.567,696.0
Türkiye vs. Colombia - Classification 13-16 ｜ Boys' U19 World Champs 2025 - Full Match_set1,25,709.217,721.333,709.717,720.833
Türkiye vs. Colombia - Classification 13-16 ｜ Boys' U19 World Champs 2025 - Full Match_set1,26,738.2,745.133,738.7,744.633
Türkiye vs. Colombia - Classification 13-16 ｜ Boys' U19 World Champs 2025 - Full Match_set1,27,761.9,770.0,762.4,768.45
Türkiye vs. Colombia - Classification 13-16 ｜ Boys' U19 World Champs 2025 - Full Match_set1,28,790.1,794.7,790.6,794.2
Türkiye vs. Colombia - Classification 13-16 ｜ Boys' U19 World Champs 2025 - Full Match_set1,29,812.833,820.0,813.333,818.317
Türkiye vs. Colombia - Classification 13-16 ｜ Boys' U19 World Champs 2025 - Full Match_set1,30,896.367,921.1,896.867,920.6
Türkiye vs. Colombia - Classification 13-16 ｜ Boys' U19 World Champs 2025 - Full Match_set1,31,939.333,951.0,939.833,947.567
Türkiye vs. Colombia - Classification 13-16 ｜ Boys' U19 World Champs 2025 - Full Match_set1,32,1065.1,1081.8,1065.6,1081.3
Türkiye vs. Colombia - Classification 13-16 ｜ Boys' U19 World Champs 2025 - Full Match_set1,33,1097.9,1104.733,1098.4,1104.233
Türkiye vs. Colombia - Classification 13-16 ｜ Boys' U19 World Champs 2025 - Full Match_set1,34,1120.017,1156.533,1120.517,1156.033
Türkiye vs. Colombia - Classification 13-16 ｜ Boys' U19 World Champs 2025 - Full Match_set1,35,1221.467,1225.4,1221.967,1224.9
Türkiye vs. Colombia - Classification 13-16 ｜ Boys' U19 World Champs 2025 - Full Match_set1,36,1240.917,1250.867,1241.417,1250.367
Türkiye vs. Colombia - Classification 13-16 ｜ Boys' U19 World Champs 2025 - Full Match_set1,37,1293.517,1312.5,1294.017,1312.0
Türkiye vs. Colombia - Classification 13-16 ｜ Boys' U19 World Champs 2025 - Full Match_set1,38,1356.133,1360.367,1356.633,1359.867
Türkiye vs. Colombia - Classification 13-16 ｜ Boys' U19 World Champs 2025 - Full Match_set1,39,1375.967,1380.2,1376.467,1379.7
Türkiye vs. Colombia - Classification 13-16 ｜ Boys' U19 World Champs 2025 - Full Match_set1,40,1394.467,1401.267,1394.967,1400.767
Türkiye vs. Colombia - Classification 13-16 ｜ Boys' U19 World Champs 2025 - Full Match_set1,41,1428.767,1440.95,1429.267,1440.45
Türkiye vs. Colombia - Classification 13-16 ｜ Boys' U19 World Champs 2025 - Full Match_set1,42,1486.8,1493.067,1487.3,1492.567
Türkiye vs. Colombia - Classification 13-16 ｜ Boys' U19 World Champs 2025 - Full Match_set1,43,1515.467,1526.267,1515.967,1525.767
Türkiye vs. Colombia - Classification 13-16 ｜ Boys' U19 World Champs 2025 - Full Match_set1,44,1541.533,1548.65,1542.033,1548.15
Uzbekistan vs. Japan - Ranking 19-20 ｜ Boys' U19 World Champs 2025 - Full Match_set1,1,14.133,18.633,14.633,18.133
Uzbekistan vs. Japan - Ranking 19-20 ｜ Boys' U19 World Champs 2025 - Full Match_set1,2,35.433,43.1,35.933,42.6
Uzbekistan vs. Japan - Ranking 19-20 ｜ Boys' U19 World Champs 2025 - Full Match_set1,3,58.567,68.067,59.067,67.567
Uzbekistan vs. Japan - Ranking 19-20 ｜ Boys' U19 World Champs 2025 - Full Match_set1,4,85.3,93.167,85.8,92.667
Uzbekistan vs. Japan - Ranking 19-20 ｜ Boys' U19 World Champs 2025 - Full Match_set1,5,112.65,119.433,113.15,118.933
Uzbekistan vs. Japan - Ranking 19-20 ｜ Boys' U19 World Champs 2025 - Full Match_set1,6,135.5,143.167,136.0,142.667
Uzbekistan vs. Japan - Ranking 19-20 ｜ Boys' U19 World Champs 2025 - Full Match_set1,7,161.75,181.45,162.25,180.95
Uzbekistan vs. Japan - Ranking 19-20 ｜ Boys' U19 World Champs 2025 - Full Match_set1,8,201.233,208.4,201.733,207.9
Uzbekistan vs. Japan - Ranking 19-20 ｜ Boys' U19 World Champs 2025 - Full Match_set1,9,223.5,231.45,224.0,230.95
Uzbekistan vs. Japan - Ranking 19-20 ｜ Boys' U19 World Champs 2025 - Full Match_set1,10,248.017,253.367,248.517,252.867
Uzbekistan vs. Japan - Ranking 19-20 ｜ Boys' U19 World Champs 2025 - Full Match_set1,11,272.35,279.633,272.85,279.133
Uzbekistan vs. Japan - Ranking 19-20 ｜ Boys' U19 World Champs 2025 - Full Match_set1,12,295.133,306.717,295.633,306.217
Uzbekistan vs. Japan - Ranking 19-20 ｜ Boys' U19 World Champs 2025 - Full Match_set1,13,373.2,385.967,373.7,385.467
Uzbekistan vs. Japan - Ranking 19-20 ｜ Boys' U19 World Champs 2025 - Full Match_set1,14,399.267,417.683,399.767,417.183
Uzbekistan vs. Japan - Ranking 19-20 ｜ Boys' U19 World Champs 2025 - Full Match_set1,15,440.6,451.117,441.1,450.617
Uzbekistan vs. Japan - Ranking 19-20 ｜ Boys' U19 World Champs 2025 - Full Match_set1,16,464.933,468.733,465.433,468.233
Uzbekistan vs. Japan - Ranking 19-20 ｜ Boys' U19 World Champs 2025 - Full Match_set1,17,490.317,494.333,490.817,493.833
Uzbekistan vs. Japan - Ranking 19-20 ｜ Boys' U19 World Champs 2025 - Full Match_set1,18,508.633,516.65,509.133,516.15
Uzbekistan vs. Japan - Ranking 19-20 ｜ Boys' U19 World Champs 2025 - Full Match_set1,19,530.133,537.233,530.633,536.733
Uzbekistan vs. Japan - Ranking 19-20 ｜ Boys' U19 World Champs 2025 - Full Match_set1,20,553.967,565.217,554.467,564.717
Uzbekistan vs. Japan - Ranking 19-20 ｜ Boys' U19 World Champs 2025 - Full Match_set1,21,579.383,583.283,579.883,582.783
Uzbekistan vs. Japan - Ranking 19-20 ｜ Boys' U19 World Champs 2025 - Full Match_set1,22,611.367,628.533,611.867,628.033
Uzbekistan vs. Japan - Ranking 19-20 ｜ Boys' U19 World Champs 2025 - Full Match_set1,23,645.233,654.233,645.733,653.733
Uzbekistan vs. Japan - Ranking 19-20 ｜ Boys' U19 World Champs 2025 - Full Match_set1,24,671.933,678.867,672.433,678.367
Uzbekistan vs. Japan - Ranking 19-20 ｜ Boys' U19 World Champs 2025 - Full Match_set1,25,717.45,740.217,717.95,739.717
Uzbekistan vs. Japan - Ranking 19-20 ｜ Boys' U19 World Champs 2025 - Full Match_set1,26,764.917,771.767,765.417,771.267
Uzbekistan vs. Japan - Ranking 19-20 ｜ Boys' U19 World Champs 2025 - Full Match_set1,27,794.867,798.717,795.367,798.217
Uzbekistan vs. Japan - Ranking 19-20 ｜ Boys' U19 World Champs 2025 - Full Match_set1,28,813.617,817.433,814.117,816.933
Uzbekistan vs. Japan - Ranking 19-20 ｜ Boys' U19 World Champs 2025 - Full Match_set1,29,830.467,834.85,830.967,834.35
Uzbekistan vs. Japan - Ranking 19-20 ｜ Boys' U19 World Champs 2025 - Full Match_set1,30,847.85,856.033,848.35,855.533
Uzbekistan vs. Japan - Ranking 19-20 ｜ Boys' U19 World Champs 2025 - Full Match_set1,31,869.0,875.55,869.5,875.05
Uzbekistan vs. Japan - Ranking 19-20 ｜ Boys' U19 World Champs 2025 - Full Match_set1,32,890.067,896.25,890.567,895.75
Uzbekistan vs. Japan - Ranking 19-20 ｜ Boys' U19 World Champs 2025 - Full Match_set1,33,913.8,926.333,914.3,925.833
Uzbekistan vs. Japan - Ranking 19-20 ｜ Boys' U19 World Champs 2025 - Full Match_set1,34,965.55,973.5,966.05,973.0
Uzbekistan vs. Japan - Ranking 19-20 ｜ Boys' U19 World Champs 2025 - Full Match_set1,35,990.433,1007.0,990.933,1006.5
Uzbekistan vs. Japan - Ranking 19-20 ｜ Boys' U19 World Champs 2025 - Full Match_set1,36,1075.117,1082.5,1075.617,1081.4
Uzbekistan vs. Japan - Ranking 19-20 ｜ Boys' U19 World Champs 2025 - Full Match_set1,37,1096.717,1105.9,1097.217,1105.4
Uzbekistan vs. Japan - Ranking 19-20 ｜ Boys' U19 World Champs 2025 - Full Match_set1,38,1124.567,1140.633,1125.067,1140.133
Uzbekistan vs. Japan - Ranking 19-20 ｜ Boys' U19 World Champs 2025 - Full Match_set1,39,1159.517,1167.433,1160.017,1166.933
Uzbekistan vs. Pakistan - Ranking 5-6 ｜ Boys' U19 World Champs 2025 - Full Match_set1,1,4.733,16.417,5.233,15.917
Uzbekistan vs. Pakistan - Ranking 5-6 ｜ Boys' U19 World Champs 2025 - Full Match_set1,2,34.567,41.367,35.067,40.867
Uzbekistan vs. Pakistan - Ranking 5-6 ｜ Boys' U19 World Champs 2025 - Full Match_set1,3,63.9,70.617,64.4,70.117
Uzbekistan vs. Pakistan - Ranking 5-6 ｜ Boys' U19 World Champs 2025 - Full Match_set1,4,86.8,90.9,87.3,90.4
Uzbekistan vs. Pakistan - Ranking 5-6 ｜ Boys' U19 World Champs 2025 - Full Match_set1,5,140.367,146.667,140.867,146.167
Uzbekistan vs. Pakistan - Ranking 5-6 ｜ Boys' U19 World Champs 2025 - Full Match_set1,6,161.867,176.533,162.367,176.033
Uzbekistan vs. Pakistan - Ranking 5-6 ｜ Boys' U19 World Champs 2025 - Full Match_set1,7,195.6,202.933,196.1,202.433
Uzbekistan vs. Pakistan - Ranking 5-6 ｜ Boys' U19 World Champs 2025 - Full Match_set1,8,216.817,220.9,217.317,220.4
Uzbekistan vs. Pakistan - Ranking 5-6 ｜ Boys' U19 World Champs 2025 - Full Match_set1,9,233.867,244.233,234.367,243.733
Uzbekistan vs. Pakistan - Ranking 5-6 ｜ Boys' U19 World Champs 2025 - Full Match_set1,10,259.2,264.067,259.7,263.567
Uzbekistan vs. Pakistan - Ranking 5-6 ｜ Boys' U19 World Champs 2025 - Full Match_set1,11,278.633,285.433,279.133,284.933
Uzbekistan vs. Pakistan - Ranking 5-6 ｜ Boys' U19 World Champs 2025 - Full Match_set1,12,302.1,305.8,302.6,305.3
Uzbekistan vs. Pakistan - Ranking 5-6 ｜ Boys' U19 World Champs 2025 - Full Match_set1,13,322.567,329.6,323.067,329.1
Uzbekistan vs. Pakistan - Ranking 5-6 ｜ Boys' U19 World Champs 2025 - Full Match_set1,14,345.067,352.983,345.567,352.483
Uzbekistan vs. Pakistan - Ranking 5-6 ｜ Boys' U19 World Champs 2025 - Full Match_set1,15,369.4,377.0,369.9,375.383
Uzbekistan vs. Pakistan - Ranking 5-6 ｜ Boys' U19 World Champs 2025 - Full Match_set1,16,395.0,404.65,395.0,404.15
Uzbekistan vs. Pakistan - Ranking 5-6 ｜ Boys' U19 World Champs 2025 - Full Match_set1,17,471.0,477.3,471.5,476.8
Uzbekistan vs. Pakistan - Ranking 5-6 ｜ Boys' U19 World Champs 2025 - Full Match_set1,18,492.867,505.167,493.367,504.667
Uzbekistan vs. Pakistan - Ranking 5-6 ｜ Boys' U19 World Champs 2025 - Full Match_set1,19,519.15,539.1,519.65,538.6
Uzbekistan vs. Pakistan - Ranking 5-6 ｜ Boys' U19 World Champs 2025 - Full Match_set1,20,558.833,566.417,559.333,565.917
Uzbekistan vs. Pakistan - Ranking 5-6 ｜ Boys' U19 World Champs 2025 - Full Match_set1,21,584.033,588.5,584.533,588.0
Uzbekistan vs. Pakistan - Ranking 5-6 ｜ Boys' U19 World Champs 2025 - Full Match_set1,22,614.267,627.167,614.767,626.667
Uzbekistan vs. Pakistan - Ranking 5-6 ｜ Boys' U19 World Champs 2025 - Full Match_set1,23,643.733,647.817,644.233,647.317
Uzbekistan vs. Pakistan - Ranking 5-6 ｜ Boys' U19 World Champs 2025 - Full Match_set1,24,662.633,674.667,663.133,674.167
Uzbekistan vs. Pakistan - Ranking 5-6 ｜ Boys' U19 World Champs 2025 - Full Match_set1,25,730.05,734.1,730.55,733.6
Uzbekistan vs. Pakistan - Ranking 5-6 ｜ Boys' U19 World Champs 2025 - Full Match_set1,26,749.967,756.4,750.467,755.9
Uzbekistan vs. Pakistan - Ranking 5-6 ｜ Boys' U19 World Champs 2025 - Full Match_set1,27,773.167,777.667,773.667,777.167
Uzbekistan vs. Pakistan - Ranking 5-6 ｜ Boys' U19 World Champs 2025 - Full Match_set1,28,827.167,835.3,827.667,834.8
Uzbekistan vs. Pakistan - Ranking 5-6 ｜ Boys' U19 World Champs 2025 - Full Match_set1,29,848.9,856.167,849.4,855.667
Uzbekistan vs. Pakistan - Ranking 5-6 ｜ Boys' U19 World Champs 2025 - Full Match_set1,30,873.4,885.167,873.9,884.667
Uzbekistan vs. Pakistan - Ranking 5-6 ｜ Boys' U19 World Champs 2025 - Full Match_set1,31,905.033,909.117,905.533,908.617
Uzbekistan vs. Pakistan - Ranking 5-6 ｜ Boys' U19 World Champs 2025 - Full Match_set1,32,927.8,936.3,928.3,935.8
Uzbekistan vs. Pakistan - Ranking 5-6 ｜ Boys' U19 World Champs 2025 - Full Match_set1,33,953.867,957.783,954.367,957.283
Uzbekistan vs. Pakistan - Ranking 5-6 ｜ Boys' U19 World Champs 2025 - Full Match_set1,34,975.6,979.733,976.1,979.233
Uzbekistan vs. Pakistan - Ranking 5-6 ｜ Boys' U19 World Champs 2025 - Full Match_set1,35,1019.633,1034.683,1020.133,1034.183
Uzbekistan vs. Pakistan - Ranking 5-6 ｜ Boys' U19 World Champs 2025 - Full Match_set1,36,1062.0,1068.433,1062.5,1067.933
Uzbekistan vs. Pakistan - Ranking 5-6 ｜ Boys' U19 World Champs 2025 - Full Match_set1,37,1086.8,1091.733,1087.3,1091.233
Uzbekistan vs. Pakistan - Ranking 5-6 ｜ Boys' U19 World Champs 2025 - Full Match_set1,38,1107.217,1118.6,1107.717,1118.1
Uzbekistan vs. Pakistan - Ranking 5-6 ｜ Boys' U19 World Champs 2025 - Full Match_set1,39,1179.183,1187.517,1179.683,1187.017
Uzbekistan vs. Pakistan - Ranking 5-6 ｜ Boys' U19 World Champs 2025 - Full Match_set1,40,1202.967,1207.133,1203.467,1206.633
Uzbekistan vs. Pakistan - Ranking 5-6 ｜ Boys' U19 World Champs 2025 - Full Match_set1,41,1226.467,1233.3,1226.967,1232.8
Uzbekistan vs. Pakistan - Ranking 5-6 ｜ Boys' U19 World Champs 2025 - Full Match_set1,42,1247.9,1259.883,1248.4,1259.383
Uzbekistan vs. Pakistan - Ranking 5-6 ｜ Boys' U19 World Champs 2025 - Full Match_set1,43,1275.9,1298.967,1276.4,1298.467
ᴴᴰ114UVL預賽：：中原大學vs實踐大學：：男一級 大專排球聯賽 AI網路直播_set1,1,13.9,20.867,14.4,20.367
ᴴᴰ114UVL預賽：：中原大學vs實踐大學：：男一級 大專排球聯賽 AI網路直播_set1,2,36.767,40.667,37.267,41.233
ᴴᴰ114UVL預賽：：中原大學vs實踐大學：：男一級 大專排球聯賽 AI網路直播_set1,3,56.733,76.967,57.233,76.467
ᴴᴰ114UVL預賽：：中原大學vs實踐大學：：男一級 大專排球聯賽 AI網路直播_set1,4,100.9,112.267,101.4,111.767
ᴴᴰ114UVL預賽：：中原大學vs實踐大學：：男一級 大專排球聯賽 AI網路直播_set1,5,128.033,135.967,128.533,135.467
ᴴᴰ114UVL預賽：：中原大學vs實踐大學：：男一級 大專排球聯賽 AI網路直播_set1,6,147.2,157.967,147.7,157.467
ᴴᴰ114UVL預賽：：中原大學vs實踐大學：：男一級 大專排球聯賽 AI網路直播_set1,7,170.8,178.1,171.3,177.6
ᴴᴰ114UVL預賽：：中原大學vs實踐大學：：男一級 大專排球聯賽 AI網路直播_set1,8,191.533,198.2,192.033,197.7
ᴴᴰ114UVL預賽：：中原大學vs實踐大學：：男一級 大專排球聯賽 AI網路直播_set1,9,213.133,217.467,213.633,216.967
ᴴᴰ114UVL預賽：：中原大學vs實踐大學：：男一級 大專排球聯賽 AI網路直播_set1,10,232.267,236.167,232.767,235.667
ᴴᴰ114UVL預賽：：中原大學vs實踐大學：：男一級 大專排球聯賽 AI網路直播_set1,11,254.333,261.667,254.833,261.167
ᴴᴰ114UVL預賽：：中原大學vs實踐大學：：男一級 大專排球聯賽 AI網路直播_set1,12,291.633,306.967,292.133,306.467
ᴴᴰ114UVL預賽：：中原大學vs實踐大學：：男一級 大專排球聯賽 AI網路直播_set1,13,320.9,333.7,321.4,333.2
ᴴᴰ114UVL預賽：：中原大學vs實踐大學：：男一級 大專排球聯賽 AI網路直播_set1,14,348.033,363.967,348.533,363.467
ᴴᴰ114UVL預賽：：中原大學vs實踐大學：：男一級 大專排球聯賽 AI網路直播_set1,15,378.067,398.2,378.567,397.7
ᴴᴰ114UVL預賽：：中原大學vs實踐大學：：男一級 大專排球聯賽 AI網路直播_set1,16,423.967,432.667,424.467,432.167
ᴴᴰ114UVL預賽：：中原大學vs實踐大學：：男一級 大專排球聯賽 AI網路直播_set1,17,458.667,469.933,459.167,469.433
ᴴᴰ114UVL預賽：：中原大學vs實踐大學：：男一級 大專排球聯賽 AI網路直播_set1,18,490.067,501.133,490.567,500.633
ᴴᴰ114UVL預賽：：中原大學vs實踐大學：：男一級 大專排球聯賽 AI網路直播_set1,19,524.167,535.133,524.667,534.633
ᴴᴰ114UVL預賽：：中原大學vs實踐大學：：男一級 大專排球聯賽 AI網路直播_set1,20,606.867,613.4,607.367,612.9
ᴴᴰ114UVL預賽：：中原大學vs實踐大學：：男一級 大專排球聯賽 AI網路直播_set1,21,627.567,635.833,628.067,635.333
ᴴᴰ114UVL預賽：：中原大學vs實踐大學：：男一級 大專排球聯賽 AI網路直播_set1,22,649.8,654.133,650.3,653.633
ᴴᴰ114UVL預賽：：中原大學vs實踐大學：：男一級 大專排球聯賽 AI網路直播_set1,23,666.5,673.733,667.0,673.233
ᴴᴰ114UVL預賽：：中原大學vs實踐大學：：男一級 大專排球聯賽 AI網路直播_set1,24,688.867,699.967,689.367,699.467
ᴴᴰ114UVL預賽：：中原大學vs實踐大學：：男一級 大專排球聯賽 AI網路直播_set1,25,717.633,725.067,718.133,724.567
ᴴᴰ114UVL預賽：：中原大學vs實踐大學：：男一級 大專排球聯賽 AI網路直播_set1,26,740.867,752.5,741.367,752.0
ᴴᴰ114UVL預賽：：中原大學vs實踐大學：：男一級 大專排球聯賽 AI網路直播_set1,27,767.533,774.4,768.033,773.9
ᴴᴰ114UVL預賽：：中原大學vs實踐大學：：男一級 大專排球聯賽 AI網路直播_set1,28,793.3,801.467,793.8,800.967
ᴴᴰ114UVL預賽：：中原大學vs實踐大學：：男一級 大專排球聯賽 AI網路直播_set1,29,819.333,826.9,819.833,826.4
ᴴᴰ114UVL預賽：：中原大學vs實踐大學：：男一級 大專排球聯賽 AI網路直播_set1,30,843.867,849.967,844.367,849.467
ᴴᴰ114UVL預賽：：中原大學vs實踐大學：：男一級 大專排球聯賽 AI網路直播_set1,31,864.233,873.467,864.733,872.967
ᴴᴰ114UVL預賽：：中原大學vs實踐大學：：男一級 大專排球聯賽 AI網路直播_set1,32,891.167,895.2,891.667,894.7
ᴴᴰ114UVL預賽：：中原大學vs實踐大學：：男一級 大專排球聯賽 AI網路直播_set1,33,929.933,934.067,930.433,933.567
ᴴᴰ114UVL預賽：：中原大學vs實踐大學：：男一級 大專排球聯賽 AI網路直播_set1,34,947.933,952.467,948.433,951.967
ᴴᴰ114UVL預賽：：中原大學vs實踐大學：：男一級 大專排球聯賽 AI網路直播_set1,35,974.867,981.3,975.367,980.8
ᴴᴰ114UVL預賽：：中原大學vs實踐大學：：男一級 大專排球聯賽 AI網路直播_set1,36,998.133,1012.467,998.633,1011.967
ᴴᴰ114UVL預賽：：中原大學vs實踐大學：：男一級 大專排球聯賽 AI網路直播_set1,37,1027.967,1045.267,1028.467,1044.767
ᴴᴰ114UVL預賽：：中原大學vs實踐大學：：男一級 大專排球聯賽 AI網路直播_set1,38,1061.233,1071.133,1061.733,1070.633
ᴴᴰ114UVL預賽：：中原大學vs實踐大學：：男一級 大專排球聯賽 AI網路直播_set1,39,1096.767,1104.767,1097.267,1104.267
ᴴᴰ114UVL預賽：：中原大學vs實踐大學：：男一級 大專排球聯賽 AI網路直播_set1,40,1124.133,1132.133,1124.633,1131.633
ᴴᴰ114UVL預賽：：中原大學vs實踐大學：：男一級 大專排球聯賽 AI網路直播_set1,41,1148.867,1155.633,1149.367,1155.133
ᴴᴰ114UVL預賽：：中原大學vs實踐大學：：男一級 大專排球聯賽 AI網路直播_set1,42,1175.833,1180.0,1176.333,1179.5
ᴴᴰ114UVL預賽：：中原大學vs實踐大學：：男一級 大專排球聯賽 AI網路直播_set1,43,1196.567,1203.9,1197.067,1203.4
ᴴᴰ114UVL預賽：：中原大學vs實踐大學：：男一級 大專排球聯賽 AI網路直播_set1,44,1216.733,1232.2,1217.233,1231.7
ᴴᴰ114UVL預賽：：中原大學vs實踐大學：：男一級 大專排球聯賽 AI網路直播_set1,45,1253.267,1259.767,1253.767,1259.267
ᴴᴰ114UVL預賽：：中原大學vs陽明交大：：男一級 大專排球聯賽 AI網路直播_set1,1,1.8,13.467,2.3,12.967
ᴴᴰ114UVL預賽：：中原大學vs陽明交大：：男一級 大專排球聯賽 AI網路直播_set1,2,31.133,40.0,31.633,39.5
ᴴᴰ114UVL預賽：：中原大學vs陽明交大：：男一級 大專排球聯賽 AI網路直播_set1,3,55.4,62.467,55.9,61.967
ᴴᴰ114UVL預賽：：中原大學vs陽明交大：：男一級 大專排球聯賽 AI網路直播_set1,4,76.533,83.7,77.033,83.2
ᴴᴰ114UVL預賽：：中原大學vs陽明交大：：男一級 大專排球聯賽 AI網路直播_set1,5,101.1,112.333,101.6,111.833
ᴴᴰ114UVL預賽：：中原大學vs陽明交大：：男一級 大專排球聯賽 AI網路直播_set1,6,128.567,134.933,129.067,134.433
ᴴᴰ114UVL預賽：：中原大學vs陽明交大：：男一級 大專排球聯賽 AI網路直播_set1,7,150.533,155.067,151.033,154.567
ᴴᴰ114UVL預賽：：中原大學vs陽明交大：：男一級 大專排球聯賽 AI網路直播_set1,8,172.5,176.667,173.0,176.167
ᴴᴰ114UVL預賽：：中原大學vs陽明交大：：男一級 大專排球聯賽 AI網路直播_set1,9,194.467,213.633,194.967,213.133
ᴴᴰ114UVL預賽：：中原大學vs陽明交大：：男一級 大專排球聯賽 AI網路直播_set1,10,230.133,237.2,230.633,236.7
ᴴᴰ114UVL預賽：：中原大學vs陽明交大：：男一級 大專排球聯賽 AI網路直播_set1,11,255.333,263.033,255.833,262.533
ᴴᴰ114UVL預賽：：中原大學vs陽明交大：：男一級 大專排球聯賽 AI網路直播_set1,12,282.0,288.333,282.5,287.833
ᴴᴰ114UVL預賽：：中原大學vs陽明交大：：男一級 大專排球聯賽 AI網路直播_set1,13,307.4,327.067,307.9,326.567
ᴴᴰ114UVL預賽：：中原大學vs陽明交大：：男一級 大專排球聯賽 AI網路直播_set1,14,349.2,367.567,349.7,367.067
ᴴᴰ114UVL預賽：：中原大學vs陽明交大：：男一級 大專排球聯賽 AI網路直播_set1,15,445.3,452.633,445.8,452.133
ᴴᴰ114UVL預賽：：中原大學vs陽明交大：：男一級 大專排球聯賽 AI網路直播_set1,16,468.3,475.3,468.8,474.8
ᴴᴰ114UVL預賽：：中原大學vs陽明交大：：男一級 大專排球聯賽 AI網路直播_set1,17,490.067,499.0,490.567,497.2
ᴴᴰ114UVL預賽：：中原大學vs陽明交大：：男一級 大專排球聯賽 AI網路直播_set1,18,514.9,519.467,515.4,518.967
ᴴᴰ114UVL預賽：：中原大學vs陽明交大：：男一級 大專排球聯賽 AI網路直播_set1,19,530.733,538.033,531.233,537.533
ᴴᴰ114UVL預賽：：中原大學vs陽明交大：：男一級 大專排球聯賽 AI網路直播_set1,20,553.2,559.767,553.7,559.267
ᴴᴰ114UVL預賽：：中原大學vs陽明交大：：男一級 大專排球聯賽 AI網路直播_set1,21,578.033,584.833,578.533,584.333
ᴴᴰ114UVL預賽：：中原大學vs陽明交大：：男一級 大專排球聯賽 AI網路直播_set1,22,604.633,630.267,605.133,629.767
ᴴᴰ114UVL預賽：：中原大學vs陽明交大：：男一級 大專排球聯賽 AI網路直播_set1,23,697.533,705.0,698.033,701.967
ᴴᴰ114UVL預賽：：中原大學vs陽明交大：：男一級 大專排球聯賽 AI網路直播_set1,24,715.867,724.0,716.367,723.033
ᴴᴰ114UVL預賽：：中原大學vs陽明交大：：男一級 大專排球聯賽 AI網路直播_set1,25,738.167,746.167,738.667,745.667
ᴴᴰ114UVL預賽：：中原大學vs陽明交大：：男一級 大專排球聯賽 AI網路直播_set1,26,762.233,769.367,762.733,768.867
ᴴᴰ114UVL預賽：：中原大學vs陽明交大：：男一級 大專排球聯賽 AI網路直播_set1,27,783.1,790.3,783.6,789.8
ᴴᴰ114UVL預賽：：中原大學vs陽明交大：：男一級 大專排球聯賽 AI網路直播_set1,28,808.433,813.2,808.933,812.7
ᴴᴰ114UVL預賽：：中原大學vs陽明交大：：男一級 大專排球聯賽 AI網路直播_set1,29,828.5,843.9,829.0,843.4
ᴴᴰ114UVL預賽：：中原大學vs陽明交大：：男一級 大專排球聯賽 AI網路直播_set1,30,870.5,877.533,871.0,877.033
ᴴᴰ114UVL預賽：：中原大學vs陽明交大：：男一級 大專排球聯賽 AI網路直播_set1,31,898.5,904.067,899.0,903.567
ᴴᴰ114UVL預賽：：中原大學vs陽明交大：：男一級 大專排球聯賽 AI網路直播_set1,32,923.933,930.5,924.433,930.0
ᴴᴰ114UVL預賽：：中原大學vs陽明交大：：男一級 大專排球聯賽 AI網路直播_set1,33,953.233,976.2,953.733,975.7
ᴴᴰ114UVL預賽：：中原大學vs陽明交大：：男一級 大專排球聯賽 AI網路直播_set1,34,993.9,1001.6,994.4,1001.1
ᴴᴰ114UVL預賽：：中原大學vs陽明交大：：男一級 大專排球聯賽 AI網路直播_set1,35,1016.633,1032.5,1017.133,1032.0
ᴴᴰ114UVL預賽：：中原大學vs陽明交大：：男一級 大專排球聯賽 AI網路直播_set1,36,1048.5,1056.033,1049.0,1055.533
ᴴᴰ114UVL預賽：：中原大學vs陽明交大：：男一級 大專排球聯賽 AI網路直播_set1,37,1085.267,1091.833,1085.767,1091.333
ᴴᴰ114UVL預賽：：中原大學vs陽明交大：：男一級 大專排球聯賽 AI網路直播_set1,38,1108.167,1118.0,1108.667,1116.533
ᴴᴰ114UVL預賽：：中原大學vs陽明交大：：男一級 大專排球聯賽 AI網路直播_set1,39,1135.2,1143.0,1135.7,1140.933
ᴴᴰ114UVL預賽：：中原大學vs陽明交大：：男一級 大專排球聯賽 AI網路直播_set1,40,1163.967,1170.767,1164.467,1170.267
ᴴᴰ114UVL預賽：：中山大學vs國北教大：：男一級 大專排球聯賽 AI網路直播_set1,1,5.133,24.333,5.633,23.833
ᴴᴰ114UVL預賽：：中山大學vs國北教大：：男一級 大專排球聯賽 AI網路直播_set1,2,47.0,54.2,47.5,53.7
ᴴᴰ114UVL預賽：：中山大學vs國北教大：：男一級 大專排球聯賽 AI網路直播_set1,3,72.733,89.0,73.233,88.5
ᴴᴰ114UVL預賽：：中山大學vs國北教大：：男一級 大專排球聯賽 AI網路直播_set1,4,109.467,122.133,109.967,121.633
ᴴᴰ114UVL預賽：：中山大學vs國北教大：：男一級 大專排球聯賽 AI網路直播_set1,5,138.267,150.333,138.767,149.833
ᴴᴰ114UVL預賽：：中山大學vs國北教大：：男一級 大專排球聯賽 AI網路直播_set1,6,169.1,184.867,169.6,184.367
ᴴᴰ114UVL預賽：：中山大學vs國北教大：：男一級 大專排球聯賽 AI網路直播_set1,7,203.133,207.067,203.633,206.567
ᴴᴰ114UVL預賽：：中山大學vs國北教大：：男一級 大專排球聯賽 AI網路直播_set1,8,223.633,230.367,224.133,229.867
ᴴᴰ114UVL預賽：：中山大學vs國北教大：：男一級 大專排球聯賽 AI網路直播_set1,9,245.6,255.467,246.1,254.967
ᴴᴰ114UVL預賽：：中山大學vs國北教大：：男一級 大專排球聯賽 AI網路直播_set1,10,266.933,273.933,267.433,273.433
ᴴᴰ114UVL預賽：：中山大學vs國北教大：：男一級 大專排球聯賽 AI網路直播_set1,11,288.767,303.067,289.267,302.567
ᴴᴰ114UVL預賽：：中山大學vs國北教大：：男一級 大專排球聯賽 AI網路直播_set1,12,319.3,326.067,319.8,325.567
ᴴᴰ114UVL預賽：：中山大學vs國北教大：：男一級 大專排球聯賽 AI網路直播_set1,13,342.233,361.033,342.733,360.533
ᴴᴰ114UVL預賽：：中山大學vs國北教大：：男一級 大專排球聯賽 AI網路直播_set1,14,376.767,381.433,377.267,380.933
ᴴᴰ114UVL預賽：：中山大學vs國北教大：：男一級 大專排球聯賽 AI網路直播_set1,15,395.267,402.0,395.767,400.233
ᴴᴰ114UVL預賽：：中山大學vs國北教大：：男一級 大專排球聯賽 AI網路直播_set1,16,433.9,442.433,434.4,441.933
ᴴᴰ114UVL預賽：：中山大學vs國北教大：：男一級 大專排球聯賽 AI網路直播_set1,17,456.633,463.367,457.133,462.867
ᴴᴰ114UVL預賽：：中山大學vs國北教大：：男一級 大專排球聯賽 AI網路直播_set1,18,478.9,490.233,479.4,489.733
ᴴᴰ114UVL預賽：：中山大學vs國北教大：：男一級 大專排球聯賽 AI網路直播_set1,19,504.1,512.0,504.6,510.167
ᴴᴰ114UVL預賽：：中山大學vs國北教大：：男一級 大專排球聯賽 AI網路直播_set1,20,523.067,532.6,523.567,532.1
ᴴᴰ114UVL預賽：：中山大學vs國北教大：：男一級 大專排球聯賽 AI網路直播_set1,21,546.733,565.933,547.233,565.433
ᴴᴰ114UVL預賽：：中山大學vs國北教大：：男一級 大專排球聯賽 AI網路直播_set1,22,578.7,585.233,579.2,584.733
ᴴᴰ114UVL預賽：：中山大學vs國北教大：：男一級 大專排球聯賽 AI網路直播_set1,23,599.267,606.933,599.767,606.433
ᴴᴰ114UVL預賽：：中山大學vs國北教大：：男一級 大專排球聯賽 AI網路直播_set1,24,624.233,631.467,624.733,630.967
ᴴᴰ114UVL預賽：：中山大學vs國北教大：：男一級 大專排球聯賽 AI網路直播_set1,25,652.467,655.767,652.967,655.267
ᴴᴰ114UVL預賽：：中山大學vs國北教大：：男一級 大專排球聯賽 AI網路直播_set1,26,675.533,682.1,676.033,681.6
ᴴᴰ114UVL預賽：：中山大學vs國北教大：：男一級 大專排球聯賽 AI網路直播_set1,27,704.7,711.7,705.2,711.2
ᴴᴰ114UVL預賽：：中山大學vs國北教大：：男一級 大專排球聯賽 AI網路直播_set1,28,779.033,786.467,779.533,785.967
ᴴᴰ114UVL預賽：：中山大學vs國北教大：：男一級 大專排球聯賽 AI網路直播_set1,29,812.8,819.233,813.3,818.733
ᴴᴰ114UVL預賽：：中山大學vs國北教大：：男一級 大專排球聯賽 AI網路直播_set1,30,836.033,842.633,836.533,842.133
ᴴᴰ114UVL預賽：：中山大學vs國北教大：：男一級 大專排球聯賽 AI網路直播_set1,31,856.7,864.067,857.2,863.567
ᴴᴰ114UVL預賽：：中山大學vs國北教大：：男一級 大專排球聯賽 AI網路直播_set1,32,890.733,894.633,891.233,894.133
ᴴᴰ114UVL預賽：：中山大學vs國北教大：：男一級 大專排球聯賽 AI網路直播_set1,33,905.0,911.3,905.5,910.8
ᴴᴰ114UVL預賽：：中山大學vs國北教大：：男一級 大專排球聯賽 AI網路直播_set1,34,924.667,928.767,925.167,928.267
ᴴᴰ114UVL預賽：：中山大學vs國北教大：：男一級 大專排球聯賽 AI網路直播_set1,35,942.433,957.8,942.933,956.567
ᴴᴰ114UVL預賽：：中山大學vs國北教大：：男一級 大專排球聯賽 AI網路直播_set1,36,973.633,980.133,974.133,979.633
ᴴᴰ114UVL預賽：：中山大學vs國北教大：：男一級 大專排球聯賽 AI網路直播_set1,37,994.233,1002.867,994.733,1002.367
ᴴᴰ114UVL預賽：：中山大學vs國北教大：：男一級 大專排球聯賽 AI網路直播_set1,38,1022.1,1034.7,1022.6,1034.2
ᴴᴰ114UVL預賽：：中山大學vs國北教大：：男一級 大專排球聯賽 AI網路直播_set1,39,1050.1,1056.633,1050.6,1056.133
ᴴᴰ114UVL預賽：：中山大學vs國北教大：：男一級 大專排球聯賽 AI網路直播_set1,40,1080.667,1086.767,1081.167,1086.267
ᴴᴰ114UVL預賽：：中山大學vs國北教大：：男一級 大專排球聯賽 AI網路直播_set1,41,1104.133,1112.6,1104.633,1112.1
ᴴᴰ114UVL預賽：：中山大學vs國北教大：：男一級 大專排球聯賽 AI網路直播_set1,42,1131.467,1140.1,1131.967,1139.6
ᴴᴰ114UVL預賽：：中山大學vs國北教大：：男一級 大專排球聯賽 AI網路直播_set1,43,1162.767,1170.2,1163.267,1169.7
ᴴᴰ114UVL預賽：：中山大學vs國北教大：：男一級 大專排球聯賽 AI網路直播_set1,44,1230.8,1238.033,1231.3,1237.533
ᴴᴰ114UVL預賽：：中山大學vs國北教大：：男一級 大專排球聯賽 AI網路直播_set1,45,1255.467,1259.267,1255.967,1258.767
ᴴᴰ114UVL預賽：：中山大學vs清華大學：：男一級 大專排球聯賽 AI網路直播_set1,1,4.833,11.267,5.333,10.767
ᴴᴰ114UVL預賽：：中山大學vs清華大學：：男一級 大專排球聯賽 AI網路直播_set1,2,25.8,32.067,26.3,31.567
ᴴᴰ114UVL預賽：：中山大學vs清華大學：：男一級 大專排球聯賽 AI網路直播_set1,3,49.767,57.067,50.267,56.567
ᴴᴰ114UVL預賽：：中山大學vs清華大學：：男一級 大專排球聯賽 AI網路直播_set1,4,73.833,77.567,74.333,77.067
ᴴᴰ114UVL預賽：：中山大學vs清華大學：：男一級 大專排球聯賽 AI網路直播_set1,5,93.3,100.267,93.8,99.767
ᴴᴰ114UVL預賽：：中山大學vs清華大學：：男一級 大專排球聯賽 AI網路直播_set1,6,114.833,130.233,115.333,129.733
ᴴᴰ114UVL預賽：：中山大學vs清華大學：：男一級 大專排球聯賽 AI網路直播_set1,7,150.267,157.067,150.767,156.567
ᴴᴰ114UVL預賽：：中山大學vs清華大學：：男一級 大專排球聯賽 AI網路直播_set1,8,170.433,174.433,170.933,173.933
ᴴᴰ114UVL預賽：：中山大學vs清華大學：：男一級 大專排球聯賽 AI網路直播_set1,9,187.667,197.0,188.167,196.5
ᴴᴰ114UVL預賽：：中山大學vs清華大學：：男一級 大專排球聯賽 AI網路直播_set1,10,213.967,224.233,214.467,223.733
ᴴᴰ114UVL預賽：：中山大學vs清華大學：：男一級 大專排球聯賽 AI網路直播_set1,11,237.333,244.233,237.833,243.733
ᴴᴰ114UVL預賽：：中山大學vs清華大學：：男一級 大專排球聯賽 AI網路直播_set1,12,257.8,279.867,258.3,279.367
ᴴᴰ114UVL預賽：：中山大學vs清華大學：：男一級 大專排球聯賽 AI網路直播_set1,13,298.567,305.7,299.067,305.2
ᴴᴰ114UVL預賽：：中山大學vs清華大學：：男一級 大專排球聯賽 AI網路直播_set1,14,321.533,328.233,322.033,327.733
ᴴᴰ114UVL預賽：：中山大學vs清華大學：：男一級 大專排球聯賽 AI網路直播_set1,15,338.267,353.967,338.767,353.467
ᴴᴰ114UVL預賽：：中山大學vs清華大學：：男一級 大專排球聯賽 AI網路直播_set1,16,367.233,378.0,367.733,376.5
ᴴᴰ114UVL預賽：：中山大學vs清華大學：：男一級 大專排球聯賽 AI網路直播_set1,17,393.833,405.8,394.333,405.3
ᴴᴰ114UVL預賽：：中山大學vs清華大學：：男一級 大專排球聯賽 AI網路直播_set1,18,419.4,426.267,419.9,425.767
ᴴᴰ114UVL預賽：：中山大學vs清華大學：：男一級 大專排球聯賽 AI網路直播_set1,19,443.767,450.167,444.267,449.667
ᴴᴰ114UVL預賽：：中山大學vs清華大學：：男一級 大專排球聯賽 AI網路直播_set1,20,473.133,479.433,473.633,478.933
ᴴᴰ114UVL預賽：：中山大學vs清華大學：：男一級 大專排球聯賽 AI網路直播_set1,21,499.133,506.067,499.633,505.567
ᴴᴰ114UVL預賽：：中山大學vs清華大學：：男一級 大專排球聯賽 AI網路直播_set1,22,528.033,534.867,528.533,534.367
ᴴᴰ114UVL預賽：：中山大學vs清華大學：：男一級 大專排球聯賽 AI網路直播_set1,23,548.233,555.267,548.733,554.767
ᴴᴰ114UVL預賽：：中山大學vs清華大學：：男一級 大專排球聯賽 AI網路直播_set1,24,578.567,585.467,579.067,584.967
ᴴᴰ114UVL預賽：：中山大學vs清華大學：：男一級 大專排球聯賽 AI網路直播_set1,25,600.467,607.233,600.967,606.733
ᴴᴰ114UVL預賽：：中山大學vs清華大學：：男一級 大專排球聯賽 AI網路直播_set1,26,621.867,632.4,622.367,631.9
ᴴᴰ114UVL預賽：：中山大學vs清華大學：：男一級 大專排球聯賽 AI網路直播_set1,27,648.467,658.367,648.967,657.867
ᴴᴰ114UVL預賽：：中山大學vs清華大學：：男一級 大專排球聯賽 AI網路直播_set1,28,672.033,684.2,672.533,683.7
ᴴᴰ114UVL預賽：：中山大學vs清華大學：：男一級 大專排球聯賽 AI網路直播_set1,29,698.7,713.067,699.2,712.567
ᴴᴰ114UVL預賽：：中山大學vs清華大學：：男一級 大專排球聯賽 AI網路直播_set1,30,727.633,742.767,728.133,742.267
ᴴᴰ114UVL預賽：：中山大學vs清華大學：：男一級 大專排球聯賽 AI網路直播_set1,31,758.533,765.567,759.033,765.067
ᴴᴰ114UVL預賽：：中山大學vs清華大學：：男一級 大專排球聯賽 AI網路直播_set1,32,822.933,830.367,823.433,829.867
ᴴᴰ114UVL預賽：：中山大學vs清華大學：：男一級 大專排球聯賽 AI網路直播_set1,33,847.2,852.833,847.7,852.333
ᴴᴰ114UVL預賽：：中山大學vs清華大學：：男一級 大專排球聯賽 AI網路直播_set1,34,870.667,879.633,871.167,879.133
ᴴᴰ114UVL預賽：：中山大學vs清華大學：：男一級 大專排球聯賽 AI網路直播_set1,35,893.333,900.833,893.833,900.333
ᴴᴰ114UVL預賽：：中山大學vs清華大學：：男一級 大專排球聯賽 AI網路直播_set1,36,919.167,929.733,919.667,929.233
ᴴᴰ114UVL預賽：：中山大學vs清華大學：：男一級 大專排球聯賽 AI網路直播_set1,37,948.0,955.567,948.5,955.067
ᴴᴰ114UVL預賽：：中山大學vs清華大學：：男一級 大專排球聯賽 AI網路直播_set1,38,1018.633,1027.067,1019.133,1026.567
ᴴᴰ114UVL預賽：：中山大學vs清華大學：：男一級 大專排球聯賽 AI網路直播_set1,39,1041.333,1053.0,1041.833,1050.833
ᴴᴰ114UVL預賽：：中山大學vs清華大學：：男一級 大專排球聯賽 AI網路直播_set1,40,1070.233,1092.433,1070.733,1091.933
ᴴᴰ114UVL預賽：：中山大學vs清華大學：：男一級 大專排球聯賽 AI網路直播_set1,41,1114.1,1123.0,1114.6,1120.933
ᴴᴰ114UVL預賽：：中山大學vs清華大學：：男一級 大專排球聯賽 AI網路直播_set1,42,1132.567,1139.633,1133.067,1139.133
ᴴᴰ114UVL預賽：：中山大學vs清華大學：：男一級 大專排球聯賽 AI網路直播_set1,43,1201.033,1208.633,1201.533,1208.133
ᴴᴰ114UVL預賽：：中山大學vs清華大學：：男一級 大專排球聯賽 AI網路直播_set1,44,1223.067,1230.433,1223.567,1229.933
ᴴᴰ114UVL預賽：：中山大學vs清華大學：：男一級 大專排球聯賽 AI網路直播_set1,45,1246.133,1253.2,1246.633,1252.7
ᴴᴰ114UVL預賽：：中山大學vs清華大學：：男一級 大專排球聯賽 AI網路直播_set1,46,1266.167,1272.867,1266.667,1272.367
ᴴᴰ114UVL預賽：：國北教大vs嘉義大學：：男一級 大專排球聯賽 AI網路直播_set1,1,32.3,40.0,32.8,39.1
ᴴᴰ114UVL預賽：：國北教大vs嘉義大學：：男一級 大專排球聯賽 AI網路直播_set1,2,56.6,62.4,57.1,61.9
ᴴᴰ114UVL預賽：：國北教大vs嘉義大學：：男一級 大專排球聯賽 AI網路直播_set1,3,77.233,82.6,77.733,82.1
ᴴᴰ114UVL預賽：：國北教大vs嘉義大學：：男一級 大專排球聯賽 AI網路直播_set1,4,97.233,106.0,97.733,105.5
ᴴᴰ114UVL預賽：：國北教大vs嘉義大學：：男一級 大專排球聯賽 AI網路直播_set1,5,118.167,127.267,118.667,126.767
ᴴᴰ114UVL預賽：：國北教大vs嘉義大學：：男一級 大專排球聯賽 AI網路直播_set1,6,143.5,164.367,144.0,163.867
ᴴᴰ114UVL預賽：：國北教大vs嘉義大學：：男一級 大專排球聯賽 AI網路直播_set1,7,187.367,197.6,187.867,197.1
ᴴᴰ114UVL預賽：：國北教大vs嘉義大學：：男一級 大專排球聯賽 AI網路直播_set1,8,215.567,219.367,216.067,218.867
ᴴᴰ114UVL預賽：：國北教大vs嘉義大學：：男一級 大專排球聯賽 AI網路直播_set1,9,235.7,247.967,236.2,247.467
ᴴᴰ114UVL預賽：：國北教大vs嘉義大學：：男一級 大專排球聯賽 AI網路直播_set1,10,263.2,270.0,263.7,269.5
ᴴᴰ114UVL預賽：：國北教大vs嘉義大學：：男一級 大專排球聯賽 AI網路直播_set1,11,287.933,301.633,288.433,301.133
ᴴᴰ114UVL預賽：：國北教大vs嘉義大學：：男一級 大專排球聯賽 AI網路直播_set1,12,320.367,328.133,320.867,327.633
ᴴᴰ114UVL預賽：：國北教大vs嘉義大學：：男一級 大專排球聯賽 AI網路直播_set1,13,346.367,366.067,346.867,365.567
ᴴᴰ114UVL預賽：：國北教大vs嘉義大學：：男一級 大專排球聯賽 AI網路直播_set1,14,385.367,389.933,385.867,389.433
ᴴᴰ114UVL預賽：：國北教大vs嘉義大學：：男一級 大專排球聯賽 AI網路直播_set1,15,403.067,410.533,403.567,410.033
ᴴᴰ114UVL預賽：：國北教大vs嘉義大學：：男一級 大專排球聯賽 AI網路直播_set1,16,427.967,436.367,428.467,435.867
ᴴᴰ114UVL預賽：：國北教大vs嘉義大學：：男一級 大專排球聯賽 AI網路直播_set1,17,453.333,467.333,453.833,466.833
ᴴᴰ114UVL預賽：：國北教大vs嘉義大學：：男一級 大專排球聯賽 AI網路直播_set1,18,527.933,534.033,528.433,533.533
ᴴᴰ114UVL預賽：：國北教大vs嘉義大學：：男一級 大專排球聯賽 AI網路直播_set1,19,552.4,559.533,552.9,559.033
ᴴᴰ114UVL預賽：：國北教大vs嘉義大學：：男一級 大專排球聯賽 AI網路直播_set1,20,577.667,588.633,578.167,588.133
ᴴᴰ114UVL預賽：：國北教大vs嘉義大學：：男一級 大專排球聯賽 AI網路直播_set1,21,597.4,609.1,597.9,608.6
ᴴᴰ114UVL預賽：：國北教大vs嘉義大學：：男一級 大專排球聯賽 AI網路直播_set1,22,623.667,641.767,624.167,641.267
ᴴᴰ114UVL預賽：：國北教大vs嘉義大學：：男一級 大專排球聯賽 AI網路直播_set1,23,665.633,676.8,666.133,676.3
ᴴᴰ114UVL預賽：：國北教大vs嘉義大學：：男一級 大專排球聯賽 AI網路直播_set1,24,691.7,703.567,692.2,703.067
ᴴᴰ114UVL預賽：：國北教大vs嘉義大學：：男一級 大專排球聯賽 AI網路直播_set1,25,719.267,725.533,719.767,725.033
ᴴᴰ114UVL預賽：：國北教大vs嘉義大學：：男一級 大專排球聯賽 AI網路直播_set1,26,740.3,747.867,740.8,747.367
ᴴᴰ114UVL預賽：：國北教大vs嘉義大學：：男一級 大專排球聯賽 AI網路直播_set1,27,764.7,775.767,765.2,775.267
ᴴᴰ114UVL預賽：：國北教大vs嘉義大學：：男一級 大專排球聯賽 AI網路直播_set1,28,800.533,804.967,801.033,804.467
ᴴᴰ114UVL預賽：：國北教大vs嘉義大學：：男一級 大專排球聯賽 AI網路直播_set1,29,823.367,832.433,823.867,831.933
ᴴᴰ114UVL預賽：：國北教大vs嘉義大學：：男一級 大專排球聯賽 AI網路直播_set1,30,846.333,850.633,846.833,850.133
ᴴᴰ114UVL預賽：：國北教大vs嘉義大學：：男一級 大專排球聯賽 AI網路直播_set1,31,870.867,875.0,871.367,874.5
ᴴᴰ114UVL預賽：：國北教大vs嘉義大學：：男一級 大專排球聯賽 AI網路直播_set1,32,888.233,892.133,888.733,891.633
ᴴᴰ114UVL預賽：：國北教大vs嘉義大學：：男一級 大專排球聯賽 AI網路直播_set1,33,917.933,928.9,918.433,928.4
ᴴᴰ114UVL預賽：：國北教大vs嘉義大學：：男一級 大專排球聯賽 AI網路直播_set1,34,949.567,956.433,950.067,955.933
ᴴᴰ114UVL預賽：：國北教大vs嘉義大學：：男一級 大專排球聯賽 AI網路直播_set1,35,986.433,993.833,986.933,993.333
ᴴᴰ114UVL預賽：：國北教大vs嘉義大學：：男一級 大專排球聯賽 AI網路直播_set1,36,1007.3,1018.667,1007.8,1018.167
ᴴᴰ114UVL預賽：：國北教大vs嘉義大學：：男一級 大專排球聯賽 AI網路直播_set1,37,1033.467,1037.9,1033.967,1037.4
ᴴᴰ114UVL預賽：：國北教大vs嘉義大學：：男一級 大專排球聯賽 AI網路直播_set1,38,1055.667,1070.067,1056.167,1069.567
ᴴᴰ114UVL預賽：：實踐大學vs臺灣體大：：男一級 大專排球聯賽 AI網路直播_set1,1,30.9,37.933,31.4,37.433
ᴴᴰ114UVL預賽：：實踐大學vs臺灣體大：：男一級 大專排球聯賽 AI網路直播_set1,2,51.667,66.967,52.167,66.467
ᴴᴰ114UVL預賽：：實踐大學vs臺灣體大：：男一級 大專排球聯賽 AI網路直播_set1,3,77.533,88.6,78.033,88.1
ᴴᴰ114UVL預賽：：實踐大學vs臺灣體大：：男一級 大專排球聯賽 AI網路直播_set1,4,104.333,111.867,104.833,111.367
ᴴᴰ114UVL預賽：：實踐大學vs臺灣體大：：男一級 大專排球聯賽 AI網路直播_set1,5,123.733,130.733,124.233,130.233
ᴴᴰ114UVL預賽：：實踐大學vs臺灣體大：：男一級 大專排球聯賽 AI網路直播_set1,6,142.567,157.6,143.067,157.1
ᴴᴰ114UVL預賽：：實踐大學vs臺灣體大：：男一級 大專排球聯賽 AI網路直播_set1,7,168.8,175.233,169.3,174.733
ᴴᴰ114UVL預賽：：實踐大學vs臺灣體大：：男一級 大專排球聯賽 AI網路直播_set1,8,186.3,198.567,186.8,198.067
ᴴᴰ114UVL預賽：：實踐大學vs臺灣體大：：男一級 大專排球聯賽 AI網路直播_set1,9,210.667,223.433,211.167,222.933
ᴴᴰ114UVL預賽：：實踐大學vs臺灣體大：：男一級 大專排球聯賽 AI網路直播_set1,10,236.467,244.233,236.967,243.733
ᴴᴰ114UVL預賽：：實踐大學vs臺灣體大：：男一級 大專排球聯賽 AI網路直播_set1,11,260.0,267.233,260.5,266.733
ᴴᴰ114UVL預賽：：實踐大學vs臺灣體大：：男一級 大專排球聯賽 AI網路直播_set1,12,280.067,284.3,280.567,283.8
ᴴᴰ114UVL預賽：：實踐大學vs臺灣體大：：男一級 大專排球聯賽 AI網路直播_set1,13,298.733,316.9,299.233,316.4
ᴴᴰ114UVL預賽：：實踐大學vs臺灣體大：：男一級 大專排球聯賽 AI網路直播_set1,14,329.7,341.033,330.2,340.533
ᴴᴰ114UVL預賽：：實踐大學vs臺灣體大：：男一級 大專排球聯賽 AI網路直播_set1,15,356.667,361.067,357.167,360.567
ᴴᴰ114UVL預賽：：實踐大學vs臺灣體大：：男一級 大專排球聯賽 AI網路直播_set1,16,420.4,428.733,420.9,428.233
ᴴᴰ114UVL預賽：：實踐大學vs臺灣體大：：男一級 大專排球聯賽 AI網路直播_set1,17,441.233,460.167,441.733,459.667
ᴴᴰ114UVL預賽：：實踐大學vs臺灣體大：：男一級 大專排球聯賽 AI網路直播_set1,18,474.567,489.367,475.067,488.867
ᴴᴰ114UVL預賽：：實踐大學vs臺灣體大：：男一級 大專排球聯賽 AI網路直播_set1,19,501.933,508.467,502.433,507.967
ᴴᴰ114UVL預賽：：實踐大學vs臺灣體大：：男一級 大專排球聯賽 AI網路直播_set1,20,519.633,527.067,520.133,526.567
ᴴᴰ114UVL預賽：：實踐大學vs臺灣體大：：男一級 大專排球聯賽 AI網路直播_set1,21,543.4,551.533,543.9,551.033
ᴴᴰ114UVL預賽：：實踐大學vs臺灣體大：：男一級 大專排球聯賽 AI網路直播_set1,22,567.733,574.933,568.233,574.433
ᴴᴰ114UVL預賽：：實踐大學vs臺灣體大：：男一級 大專排球聯賽 AI網路直播_set1,23,589.9,600.5,590.4,600.0
ᴴᴰ114UVL預賽：：實踐大學vs臺灣體大：：男一級 大專排球聯賽 AI網路直播_set1,24,613.8,620.833,614.3,620.333
ᴴᴰ114UVL預賽：：實踐大學vs臺灣體大：：男一級 大專排球聯賽 AI網路直播_set1,25,634.0,641.0,634.5,640.5
ᴴᴰ114UVL預賽：：實踐大學vs臺灣體大：：男一級 大專排球聯賽 AI網路直播_set1,26,657.1,678.733,657.6,678.233
ᴴᴰ114UVL預賽：：實踐大學vs臺灣體大：：男一級 大專排球聯賽 AI網路直播_set1,27,703.833,707.867,704.333,707.367
ᴴᴰ114UVL預賽：：實踐大學vs臺灣體大：：男一級 大專排球聯賽 AI網路直播_set1,28,720.633,724.7,721.133,724.2
ᴴᴰ114UVL預賽：：實踐大學vs臺灣體大：：男一級 大專排球聯賽 AI網路直播_set1,29,737.4,745.4,737.9,744.9
ᴴᴰ114UVL預賽：：實踐大學vs臺灣體大：：男一級 大專排球聯賽 AI網路直播_set1,30,757.067,764.6,757.567,764.1
ᴴᴰ114UVL預賽：：實踐大學vs臺灣體大：：男一級 大專排球聯賽 AI網路直播_set1,31,777.933,784.933,778.433,784.433
ᴴᴰ114UVL預賽：：實踐大學vs臺灣體大：：男一級 大專排球聯賽 AI網路直播_set1,32,800.333,808.433,800.833,807.933
ᴴᴰ114UVL預賽：：實踐大學vs臺灣體大：：男一級 大專排球聯賽 AI網路直播_set1,33,824.733,839.333,825.233,838.833
ᴴᴰ114UVL預賽：：實踐大學vs臺灣體大：：男一級 大專排球聯賽 AI網路直播_set1,34,857.967,872.2,858.467,871.7
ᴴᴰ114UVL預賽：：實踐大學vs臺灣體大：：男一級 大專排球聯賽 AI網路直播_set1,35,887.033,893.967,887.533,893.467
ᴴᴰ114UVL預賽：：實踐大學vs臺灣體大：：男一級 大專排球聯賽 AI網路直播_set1,36,905.467,913.567,905.967,913.067
ᴴᴰ114UVL預賽：：實踐大學vs臺灣體大：：男一級 大專排球聯賽 AI網路直播_set1,37,924.867,932.267,925.367,931.767
ᴴᴰ114UVL預賽：：實踐大學vs臺灣體大：：男一級 大專排球聯賽 AI網路直播_set1,38,991.033,1010.233,991.533,1009.733
ᴴᴰ114UVL預賽：：實踐大學vs臺灣體大：：男一級 大專排球聯賽 AI網路直播_set1,39,1023.2,1027.333,1023.7,1026.833
ᴴᴰ114UVL預賽：：實踐大學vs臺灣體大：：男一級 大專排球聯賽 AI網路直播_set1,40,1045.867,1050.4,1046.367,1049.9
ᴴᴰ114UVL預賽：：實踐大學vs臺灣體大：：男一級 大專排球聯賽 AI網路直播_set1,41,1066.8,1073.433,1067.3,1072.933
ᴴᴰ114UVL預賽：：實踐大學vs臺灣體大：：男一級 大專排球聯賽 AI網路直播_set1,42,1093.467,1106.6,1093.967,1106.1
ᴴᴰ114UVL預賽：：實踐大學vs臺灣體大：：男一級 大專排球聯賽 AI網路直播_set1,43,1118.2,1125.6,1118.7,1125.1
ᴴᴰ114UVL預賽：：實踐大學vs臺灣體大：：男一級 大專排球聯賽 AI網路直播_set1,44,1139.633,1146.1,1140.133,1145.6
ᴴᴰ114UVL預賽：：實踐大學vs臺灣體大：：男一級 大專排球聯賽 AI網路直播_set1,45,1159.533,1166.833,1160.033,1166.333
ᴴᴰ114UVL預賽：：實踐大學vs臺灣體大：：男一級 大專排球聯賽 AI網路直播_set1,46,1182.067,1192.767,1182.567,1192.267
ᴴᴰ114UVL預賽：：清華大學vs嘉義大學：：男一級 大專排球聯賽 AI網路直播_set1,1,0.7,16.833,1.2,16.333
ᴴᴰ114UVL預賽：：清華大學vs嘉義大學：：男一級 大專排球聯賽 AI網路直播_set1,2,30.833,38.767,31.333,38.267
ᴴᴰ114UVL預賽：：清華大學vs嘉義大學：：男一級 大專排球聯賽 AI網路直播_set1,3,54.733,74.433,55.233,73.933
ᴴᴰ114UVL預賽：：清華大學vs嘉義大學：：男一級 大專排球聯賽 AI網路直播_set1,4,94.067,101.533,94.567,101.033
ᴴᴰ114UVL預賽：：清華大學vs嘉義大學：：男一級 大專排球聯賽 AI網路直播_set1,5,115.067,121.3,115.567,120.8
ᴴᴰ114UVL預賽：：清華大學vs嘉義大學：：男一級 大專排球聯賽 AI網路直播_set1,6,139.0,142.8,139.5,142.3
ᴴᴰ114UVL預賽：：清華大學vs嘉義大學：：男一級 大專排球聯賽 AI網路直播_set1,7,158.467,165.867,158.967,165.367
ᴴᴰ114UVL預賽：：清華大學vs嘉義大學：：男一級 大專排球聯賽 AI網路直播_set1,8,183.567,191.467,184.067,190.967
ᴴᴰ114UVL預賽：：清華大學vs嘉義大學：：男一級 大專排球聯賽 AI網路直播_set1,9,203.533,210.767,204.033,210.267
ᴴᴰ114UVL預賽：：清華大學vs嘉義大學：：男一級 大專排球聯賽 AI網路直播_set1,10,225.567,232.833,226.067,232.333
ᴴᴰ114UVL預賽：：清華大學vs嘉義大學：：男一級 大專排球聯賽 AI網路直播_set1,11,250.867,259.5,251.367,259.0
ᴴᴰ114UVL預賽：：清華大學vs嘉義大學：：男一級 大專排球聯賽 AI網路直播_set1,12,275.9,295.033,276.4,294.533
ᴴᴰ114UVL預賽：：清華大學vs嘉義大學：：男一級 大專排球聯賽 AI網路直播_set1,13,311.733,322.7,312.233,322.2
ᴴᴰ114UVL預賽：：清華大學vs嘉義大學：：男一級 大專排球聯賽 AI網路直播_set1,14,341.067,350.6,341.567,350.1
ᴴᴰ114UVL預賽：：清華大學vs嘉義大學：：男一級 大專排球聯賽 AI網路直播_set1,15,369.6,379.933,370.1,379.433
ᴴᴰ114UVL預賽：：清華大學vs嘉義大學：：男一級 大專排球聯賽 AI網路直播_set1,16,399.967,414.033,400.467,413.533
ᴴᴰ114UVL預賽：：清華大學vs嘉義大學：：男一級 大專排球聯賽 AI網路直播_set1,17,438.9,447.167,439.4,446.667
ᴴᴰ114UVL預賽：：清華大學vs嘉義大學：：男一級 大專排球聯賽 AI網路直播_set1,18,462.9,483.267,463.4,482.767
ᴴᴰ114UVL預賽：：清華大學vs嘉義大學：：男一級 大專排球聯賽 AI網路直播_set1,19,502.467,515.1,502.967,514.6
ᴴᴰ114UVL預賽：：清華大學vs嘉義大學：：男一級 大專排球聯賽 AI網路直播_set1,20,529.1,536.767,529.6,536.267
ᴴᴰ114UVL預賽：：清華大學vs嘉義大學：：男一級 大專排球聯賽 AI網路直播_set1,21,553.6,560.6,554.1,560.1
ᴴᴰ114UVL預賽：：清華大學vs嘉義大學：：男一級 大專排球聯賽 AI網路直播_set1,22,575.3,584.533,575.8,584.033
ᴴᴰ114UVL預賽：：清華大學vs嘉義大學：：男一級 大專排球聯賽 AI網路直播_set1,23,600.0,631.0,600.5,630.5
ᴴᴰ114UVL預賽：：清華大學vs嘉義大學：：男一級 大專排球聯賽 AI網路直播_set1,24,648.367,656.767,648.867,656.267
ᴴᴰ114UVL預賽：：清華大學vs嘉義大學：：男一級 大專排球聯賽 AI網路直播_set1,25,676.133,687.667,676.633,687.167
ᴴᴰ114UVL預賽：：清華大學vs嘉義大學：：男一級 大專排球聯賽 AI網路直播_set1,26,704.633,708.933,705.133,708.433
ᴴᴰ114UVL預賽：：清華大學vs嘉義大學：：男一級 大專排球聯賽 AI網路直播_set1,27,739.933,751.133,740.433,750.633
ᴴᴰ114UVL預賽：：清華大學vs嘉義大學：：男一級 大專排球聯賽 AI網路直播_set1,28,770.167,781.933,770.667,781.433
ᴴᴰ114UVL預賽：：清華大學vs嘉義大學：：男一級 大專排球聯賽 AI網路直播_set1,29,797.867,808.867,798.367,808.367
ᴴᴰ114UVL預賽：：清華大學vs嘉義大學：：男一級 大專排球聯賽 AI網路直播_set1,30,846.533,854.567,847.033,854.067
ᴴᴰ114UVL預賽：：清華大學vs嘉義大學：：男一級 大專排球聯賽 AI網路直播_set1,31,869.4,879.367,869.9,878.867
ᴴᴰ114UVL預賽：：清華大學vs嘉義大學：：男一級 大專排球聯賽 AI網路直播_set1,32,897.333,908.967,897.833,908.467
ᴴᴰ114UVL預賽：：清華大學vs嘉義大學：：男一級 大專排球聯賽 AI網路直播_set1,33,926.433,936.067,926.933,935.567
ᴴᴰ114UVL預賽：：清華大學vs嘉義大學：：男一級 大專排球聯賽 AI網路直播_set1,34,960.9,967.333,961.4,966.833
ᴴᴰ114UVL預賽：：清華大學vs嘉義大學：：男一級 大專排球聯賽 AI網路直播_set1,35,982.467,988.667,982.967,988.167
ᴴᴰ114UVL預賽：：清華大學vs嘉義大學：：男一級 大專排球聯賽 AI網路直播_set1,36,1003.2,1011.467,1003.7,1010.967
ᴴᴰ114UVL預賽：：清華大學vs嘉義大學：：男一級 大專排球聯賽 AI網路直播_set1,37,1025.633,1036.833,1026.133,1036.333
ᴴᴰ114UVL預賽：：清華大學vs嘉義大學：：男一級 大專排球聯賽 AI網路直播_set1,38,1088.133,1099.1,1088.633,1098.6
ᴴᴰ114UVL預賽：：清華大學vs嘉義大學：：男一級 大專排球聯賽 AI網路直播_set1,39,1117.733,1124.767,1118.233,1124.267
ᴴᴰ114UVL預賽：：清華大學vs嘉義大學：：男一級 大專排球聯賽 AI網路直播_set1,40,1149.033,1156.433,1149.533,1155.933
ᴴᴰ114UVL預賽：：清華大學vs嘉義大學：：男一級 大專排球聯賽 AI網路直播_set1,41,1169.567,1179.667,1170.067,1179.167
ᴴᴰ114UVL預賽：：臺灣師大vs中山大學：：男一級 大專排球聯賽 AI網路直播_set1,1,2.967,11.0,3.467,10.5
ᴴᴰ114UVL預賽：：臺灣師大vs中山大學：：男一級 大專排球聯賽 AI網路直播_set1,2,25.0,31.933,25.5,31.433
ᴴᴰ114UVL預賽：：臺灣師大vs中山大學：：男一級 大專排球聯賽 AI網路直播_set1,3,49.067,61.9,49.567,60.2
ᴴᴰ114UVL預賽：：臺灣師大vs中山大學：：男一級 大專排球聯賽 AI網路直播_set1,4,81.133,88.867,81.633,88.367
ᴴᴰ114UVL預賽：：臺灣師大vs中山大學：：男一級 大專排球聯賽 AI網路直播_set1,5,105.533,116.667,106.033,116.167
ᴴᴰ114UVL預賽：：臺灣師大vs中山大學：：男一級 大專排球聯賽 AI網路直播_set1,6,136.9,143.867,137.4,143.367
ᴴᴰ114UVL預賽：：臺灣師大vs中山大學：：男一級 大專排球聯賽 AI網路直播_set1,7,159.433,165.967,159.933,165.467
ᴴᴰ114UVL預賽：：臺灣師大vs中山大學：：男一級 大專排球聯賽 AI網路直播_set1,8,182.933,190.433,183.433,189.933
ᴴᴰ114UVL預賽：：臺灣師大vs中山大學：：男一級 大專排球聯賽 AI網路直播_set1,9,207.067,214.7,207.567,214.2
ᴴᴰ114UVL預賽：：臺灣師大vs中山大學：：男一級 大專排球聯賽 AI網路直播_set1,10,227.033,236.833,227.533,236.333
ᴴᴰ114UVL預賽：：臺灣師大vs中山大學：：男一級 大專排球聯賽 AI網路直播_set1,11,257.1,263.9,257.6,263.4
ᴴᴰ114UVL預賽：：臺灣師大vs中山大學：：男一級 大專排球聯賽 AI網路直播_set1,12,276.9,283.9,277.4,283.4
ᴴᴰ114UVL預賽：：臺灣師大vs中山大學：：男一級 大專排球聯賽 AI網路直播_set1,13,299.867,308.733,300.367,308.233
ᴴᴰ114UVL預賽：：臺灣師大vs中山大學：：男一級 大專排球聯賽 AI網路直播_set1,14,323.467,331.167,323.967,330.667
ᴴᴰ114UVL預賽：：臺灣師大vs中山大學：：男一級 大專排球聯賽 AI網路直播_set1,15,353.7,362.467,354.2,361.967
ᴴᴰ114UVL預賽：：臺灣師大vs中山大學：：男一級 大專排球聯賽 AI網路直播_set1,16,376.733,383.5,377.233,383.0
ᴴᴰ114UVL預賽：：臺灣師大vs中山大學：：男一級 大專排球聯賽 AI網路直播_set1,17,397.733,405.133,398.233,404.633
ᴴᴰ114UVL預賽：：臺灣師大vs中山大學：：男一級 大專排球聯賽 AI網路直播_set1,18,426.867,433.433,427.367,432.933
ᴴᴰ114UVL預賽：：臺灣師大vs中山大學：：男一級 大專排球聯賽 AI網路直播_set1,19,450.467,460.5,450.967,460.0
ᴴᴰ114UVL預賽：：臺灣師大vs中山大學：：男一級 大專排球聯賽 AI網路直播_set1,20,477.133,481.333,477.633,480.833
ᴴᴰ114UVL預賽：：臺灣師大vs中山大學：：男一級 大專排球聯賽 AI網路直播_set1,21,499.667,506.7,500.167,506.2
ᴴᴰ114UVL預賽：：臺灣師大vs中山大學：：男一級 大專排球聯賽 AI網路直播_set1,22,522.133,533.6,522.633,533.1
ᴴᴰ114UVL預賽：：臺灣師大vs中山大學：：男一級 大專排球聯賽 AI網路直播_set1,23,553.8,564.0,554.3,562.7
ᴴᴰ114UVL預賽：：臺灣師大vs中山大學：：男一級 大專排球聯賽 AI網路直播_set1,24,579.5,585.833,580.0,585.333
ᴴᴰ114UVL預賽：：臺灣師大vs中山大學：：男一級 大專排球聯賽 AI網路直播_set1,25,599.2,609.733,599.7,609.233
ᴴᴰ114UVL預賽：：臺灣師大vs中山大學：：男一級 大專排球聯賽 AI網路直播_set1,26,631.467,638.5,631.967,638.0
ᴴᴰ114UVL預賽：：臺灣師大vs中山大學：：男一級 大專排球聯賽 AI網路直播_set1,27,662.433,673.533,662.933,673.033
ᴴᴰ114UVL預賽：：臺灣師大vs中山大學：：男一級 大專排球聯賽 AI網路直播_set1,28,695.333,700.367,695.833,699.867
ᴴᴰ114UVL預賽：：臺灣師大vs中山大學：：男一級 大專排球聯賽 AI網路直播_set1,29,724.333,733.167,724.833,732.667
ᴴᴰ114UVL預賽：：臺灣師大vs中山大學：：男一級 大專排球聯賽 AI網路直播_set1,30,754.133,773.833,754.633,773.333
ᴴᴰ114UVL預賽：：臺灣師大vs中山大學：：男一級 大專排球聯賽 AI網路直播_set1,31,789.833,802.0,790.333,801.5
ᴴᴰ114UVL預賽：：臺灣師大vs中山大學：：男一級 大專排球聯賽 AI網路直播_set1,32,828.3,836.267,828.8,835.767
ᴴᴰ114UVL預賽：：臺灣師大vs中山大學：：男一級 大專排球聯賽 AI網路直播_set1,33,854.133,864.967,854.633,864.467
ᴴᴰ114UVL預賽：：臺灣師大vs中山大學：：男一級 大專排球聯賽 AI網路直播_set1,34,934.167,941.5,934.667,941.0
ᴴᴰ114UVL預賽：：臺灣師大vs中山大學：：男一級 大專排球聯賽 AI網路直播_set1,35,955.933,963.1,956.433,962.6
ᴴᴰ114UVL預賽：：臺灣師大vs中山大學：：男一級 大專排球聯賽 AI網路直播_set1,36,984.1,990.4,984.6,989.9
ᴴᴰ114UVL預賽：：臺灣師大vs中山大學：：男一級 大專排球聯賽 AI網路直播_set1,37,1009.233,1018.2,1009.733,1017.7
ᴴᴰ114UVL預賽：：臺灣師大vs中山大學：：男一級 大專排球聯賽 AI網路直播_set1,38,1040.267,1046.333,1040.767,1045.833
ᴴᴰ114UVL預賽：：臺灣師大vs中山大學：：男一級 大專排球聯賽 AI網路直播_set1,39,1067.733,1075.167,1068.233,1074.667
ᴴᴰ114UVL預賽：：臺灣師大vs中山大學：：男一級 大專排球聯賽 AI網路直播_set1,40,1093.6,1101.333,1094.1,1100.833
ᴴᴰ114UVL預賽：：臺灣師大vs中山大學：：男一級 大專排球聯賽 AI網路直播_set1,41,1119.233,1131.267,1119.733,1130.767
ᴴᴰ114UVL預賽：：臺灣師大vs中山大學：：男一級 大專排球聯賽 AI網路直播_set1,42,1194.033,1203.067,1194.533,1202.567
ᴴᴰ114UVL預賽：：臺灣師大vs中山大學：：男一級 大專排球聯賽 AI網路直播_set1,43,1219.167,1225.633,1219.667,1225.133
ᴴᴰ114UVL預賽：：臺灣師大vs中山大學：：男一級 大專排球聯賽 AI網路直播_set1,44,1243.167,1250.233,1243.667,1249.733
ᴴᴰ114UVL預賽：：臺灣師大vs中山大學：：男一級 大專排球聯賽 AI網路直播_set1,45,1265.067,1268.467,1265.567,1267.967
ᴴᴰ114UVL預賽：：陽明交大vs臺灣體大：：男一級 大專排球聯賽 AI網路直播_set1,1,3.5,14.967,4.0,14.467
ᴴᴰ114UVL預賽：：陽明交大vs臺灣體大：：男一級 大專排球聯賽 AI網路直播_set1,2,36.767,53.067,37.267,52.567
ᴴᴰ114UVL預賽：：陽明交大vs臺灣體大：：男一級 大專排球聯賽 AI網路直播_set1,3,78.433,82.7,78.933,82.2
ᴴᴰ114UVL預賽：：陽明交大vs臺灣體大：：男一級 大專排球聯賽 AI網路直播_set1,4,97.3,106.7,97.8,106.2
ᴴᴰ114UVL預賽：：陽明交大vs臺灣體大：：男一級 大專排球聯賽 AI網路直播_set1,5,118.633,124.8,119.133,124.3
ᴴᴰ114UVL預賽：：陽明交大vs臺灣體大：：男一級 大專排球聯賽 AI網路直播_set1,6,137.767,145.033,138.267,144.533
ᴴᴰ114UVL預賽：：陽明交大vs臺灣體大：：男一級 大專排球聯賽 AI網路直播_set1,7,159.2,172.133,159.7,171.633
ᴴᴰ114UVL預賽：：陽明交大vs臺灣體大：：男一級 大專排球聯賽 AI網路直播_set1,8,193.967,197.867,194.467,197.367
ᴴᴰ114UVL預賽：：陽明交大vs臺灣體大：：男一級 大專排球聯賽 AI網路直播_set1,9,212.233,229.067,212.733,228.567
ᴴᴰ114UVL預賽：：陽明交大vs臺灣體大：：男一級 大專排球聯賽 AI網路直播_set1,10,249.7,268.767,250.2,268.267
ᴴᴰ114UVL預賽：：陽明交大vs臺灣體大：：男一級 大專排球聯賽 AI網路直播_set1,11,288.467,295.5,288.967,295.0
ᴴᴰ114UVL預賽：：陽明交大vs臺灣體大：：男一級 大專排球聯賽 AI網路直播_set1,12,309.133,322.467,309.633,321.967
ᴴᴰ114UVL預賽：：陽明交大vs臺灣體大：：男一級 大專排球聯賽 AI網路直播_set1,13,343.467,354.7,343.967,354.2
ᴴᴰ114UVL預賽：：陽明交大vs臺灣體大：：男一級 大專排球聯賽 AI網路直播_set1,14,377.6,385.467,378.1,384.967
ᴴᴰ114UVL預賽：：陽明交大vs臺灣體大：：男一級 大專排球聯賽 AI網路直播_set1,15,404.833,416.3,405.333,415.8
ᴴᴰ114UVL預賽：：陽明交大vs臺灣體大：：男一級 大專排球聯賽 AI網路直播_set1,16,437.0,445.4,437.5,444.9
ᴴᴰ114UVL預賽：：陽明交大vs臺灣體大：：男一級 大專排球聯賽 AI網路直播_set1,17,460.5,467.467,461.0,466.967
ᴴᴰ114UVL預賽：：陽明交大vs臺灣體大：：男一級 大專排球聯賽 AI網路直播_set1,18,487.5,491.767,488.0,491.267
ᴴᴰ114UVL預賽：：陽明交大vs臺灣體大：：男一級 大專排球聯賽 AI網路直播_set1,19,512.6,520.4,513.1,519.9
ᴴᴰ114UVL預賽：：陽明交大vs臺灣體大：：男一級 大專排球聯賽 AI網路直播_set1,20,533.967,541.7,534.467,541.2
ᴴᴰ114UVL預賽：：陽明交大vs臺灣體大：：男一級 大專排球聯賽 AI網路直播_set1,21,554.767,561.933,555.267,561.433
ᴴᴰ114UVL預賽：：陽明交大vs臺灣體大：：男一級 大專排球聯賽 AI網路直播_set1,22,575.433,583.467,575.933,582.967
ᴴᴰ114UVL預賽：：陽明交大vs臺灣體大：：男一級 大專排球聯賽 AI網路直播_set1,23,604.233,610.633,604.733,610.133
ᴴᴰ114UVL預賽：：陽明交大vs臺灣體大：：男一級 大專排球聯賽 AI網路直播_set1,24,631.067,635.233,631.567,634.733
ᴴᴰ114UVL預賽：：陽明交大vs臺灣體大：：男一級 大專排球聯賽 AI網路直播_set1,25,650.4,658.1,650.9,657.6
ᴴᴰ114UVL預賽：：陽明交大vs臺灣體大：：男一級 大專排球聯賽 AI網路直播_set1,26,674.967,697.667,675.467,697.167
ᴴᴰ114UVL預賽：：陽明交大vs臺灣體大：：男一級 大專排球聯賽 AI網路直播_set1,27,712.667,719.433,713.167,718.933
ᴴᴰ114UVL預賽：：陽明交大vs臺灣體大：：男一級 大專排球聯賽 AI網路直播_set1,28,737.3,753.767,737.8,753.267
ᴴᴰ114UVL預賽：：陽明交大vs臺灣體大：：男一級 大專排球聯賽 AI網路直播_set1,29,775.767,788.467,776.267,787.967
ᴴᴰ114UVL預賽：：陽明交大vs臺灣體大：：男一級 大專排球聯賽 AI網路直播_set1,30,815.467,843.867,815.967,843.367
ᴴᴰ114UVL預賽：：陽明交大vs臺灣體大：：男一級 大專排球聯賽 AI網路直播_set1,31,869.667,881.133,870.167,880.633
ᴴᴰ114UVL預賽：：陽明交大vs臺灣體大：：男一級 大專排球聯賽 AI網路直播_set1,32,895.767,910.567,896.267,910.067
ᴴᴰ114UVL預賽：：陽明交大vs臺灣體大：：男一級 大專排球聯賽 AI網路直播_set1,33,923.367,929.733,923.867,929.233
ᴴᴰ114UVL預賽：：陽明交大vs臺灣體大：：男一級 大專排球聯賽 AI網路直播_set1,34,953.3,961.833,953.8,961.333
ᴴᴰ114UVL預賽：：陽明交大vs臺灣體大：：男一級 大專排球聯賽 AI網路直播_set1,35,986.2,990.133,986.7,989.633
ᴴᴰ114UVL預賽：：陽明交大vs臺灣體大：：男一級 大專排球聯賽 AI網路直播_set1,36,1004.8,1012.8,1005.3,1012.3
ᴴᴰ114UVL預賽：：陽明交大vs臺灣體大：：男一級 大專排球聯賽 AI網路直播_set1,37,1100.067,1110.933,1100.567,1110.433
ᴴᴰ114UVL預賽：：陽明交大vs臺灣體大：：男一級 大專排球聯賽 AI網路直播_set1,38,1126.1,1138.2,1126.6,1137.7
ᴴᴰ114UVL預賽：：陽明交大vs臺灣體大：：男一級 大專排球聯賽 AI網路直播_set1,39,1172.233,1184.033,1172.733,1183.533
【LIVE】𝗙𝗨𝗟𝗟 𝗠𝗔𝗧𝗖𝗛｜TPVL  2025-26 例行賽 G21 11⧸9 15_00 桃園雲豹飛將 vs 臺中連莊_set1,1,5.874,16.782,6.374,16.282
【LIVE】𝗙𝗨𝗟𝗟 𝗠𝗔𝗧𝗖𝗛｜TPVL  2025-26 例行賽 G21 11⧸9 15_00 桃園雲豹飛將 vs 臺中連莊_set1,2,46.214,53.102,46.714,52.602
【LIVE】𝗙𝗨𝗟𝗟 𝗠𝗔𝗧𝗖𝗛｜TPVL  2025-26 例行賽 G21 11⧸9 15_00 桃園雲豹飛將 vs 臺中連莊_set1,3,73.809,81.58,74.309,81.08
【LIVE】𝗙𝗨𝗟𝗟 𝗠𝗔𝗧𝗖𝗛｜TPVL  2025-26 例行賽 G21 11⧸9 15_00 桃園雲豹飛將 vs 臺中連莊_set1,4,104.856,112.344,105.356,111.844
【LIVE】𝗙𝗨𝗟𝗟 𝗠𝗔𝗧𝗖𝗛｜TPVL  2025-26 例行賽 G21 11⧸9 15_00 桃園雲豹飛將 vs 臺中連莊_set1,5,129.631,137.569,130.131,137.069
【LIVE】𝗙𝗨𝗟𝗟 𝗠𝗔𝗧𝗖𝗛｜TPVL  2025-26 例行賽 G21 11⧸9 15_00 桃園雲豹飛將 vs 臺中連莊_set1,6,161.429,169.351,161.929,168.851
【LIVE】𝗙𝗨𝗟𝗟 𝗠𝗔𝗧𝗖𝗛｜TPVL  2025-26 例行賽 G21 11⧸9 15_00 桃園雲豹飛將 vs 臺中連莊_set1,7,188.34,192.324,188.84,191.824
【LIVE】𝗙𝗨𝗟𝗟 𝗠𝗔𝗧𝗖𝗛｜TPVL  2025-26 例行賽 G21 11⧸9 15_00 桃園雲豹飛將 vs 臺中連莊_set1,8,214.199,221.086,214.699,220.586
【LIVE】𝗙𝗨𝗟𝗟 𝗠𝗔𝗧𝗖𝗛｜TPVL  2025-26 例行賽 G21 11⧸9 15_00 桃園雲豹飛將 vs 臺中連莊_set1,9,240.025,246.545,240.525,246.045
【LIVE】𝗙𝗨𝗟𝗟 𝗠𝗔𝗧𝗖𝗛｜TPVL  2025-26 例行賽 G21 11⧸9 15_00 桃園雲豹飛將 vs 臺中連莊_set1,10,262.681,269.284,263.181,268.784
【LIVE】𝗙𝗨𝗟𝗟 𝗠𝗔𝗧𝗖𝗛｜TPVL  2025-26 例行賽 G21 11⧸9 15_00 桃園雲豹飛將 vs 臺中連莊_set1,11,285.22,296.728,285.72,296.228
【LIVE】𝗙𝗨𝗟𝗟 𝗠𝗔𝗧𝗖𝗛｜TPVL  2025-26 例行賽 G21 11⧸9 15_00 桃園雲豹飛將 vs 臺中連莊_set1,12,313.815,317.849,314.315,317.349
【LIVE】𝗙𝗨𝗟𝗟 𝗠𝗔𝗧𝗖𝗛｜TPVL  2025-26 例行賽 G21 11⧸9 15_00 桃園雲豹飛將 vs 臺中連莊_set1,13,343.645,350.282,344.145,349.782
【LIVE】𝗙𝗨𝗟𝗟 𝗠𝗔𝗧𝗖𝗛｜TPVL  2025-26 例行賽 G21 11⧸9 15_00 桃園雲豹飛將 vs 臺中連莊_set1,14,368.37,380.679,368.87,380.179
【LIVE】𝗙𝗨𝗟𝗟 𝗠𝗔𝗧𝗖𝗛｜TPVL  2025-26 例行賽 G21 11⧸9 15_00 桃園雲豹飛將 vs 臺中連莊_set1,15,404.973,411.743,405.473,411.243
【LIVE】𝗙𝗨𝗟𝗟 𝗠𝗔𝗧𝗖𝗛｜TPVL  2025-26 例行賽 G21 11⧸9 15_00 桃園雲豹飛將 vs 臺中連莊_set1,16,437.372,444.409,437.872,443.909
【LIVE】𝗙𝗨𝗟𝗟 𝗠𝗔𝗧𝗖𝗛｜TPVL  2025-26 例行賽 G21 11⧸9 15_00 桃園雲豹飛將 vs 臺中連莊_set1,17,478.73,482.514,479.23,482.014
【LIVE】𝗙𝗨𝗟𝗟 𝗠𝗔𝗧𝗖𝗛｜TPVL  2025-26 例行賽 G21 11⧸9 15_00 桃園雲豹飛將 vs 臺中連莊_set1,18,501.619,509.658,502.119,509.158
【LIVE】𝗙𝗨𝗟𝗟 𝗠𝗔𝗧𝗖𝗛｜TPVL  2025-26 例行賽 G21 11⧸9 15_00 桃園雲豹飛將 vs 臺中連莊_set1,19,563.097,574.506,563.597,574.006
【LIVE】𝗙𝗨𝗟𝗟 𝗠𝗔𝗧𝗖𝗛｜TPVL  2025-26 例行賽 G21 11⧸9 15_00 桃園雲豹飛將 vs 臺中連莊_set1,20,599.5,610.358,600.0,609.858
【LIVE】𝗙𝗨𝗟𝗟 𝗠𝗔𝗧𝗖𝗛｜TPVL  2025-26 例行賽 G21 11⧸9 15_00 桃園雲豹飛將 vs 臺中連莊_set1,21,632.3,643.008,632.8,642.508
【LIVE】𝗙𝗨𝗟𝗟 𝗠𝗔𝗧𝗖𝗛｜TPVL  2025-26 例行賽 G21 11⧸9 15_00 桃園雲豹飛將 vs 臺中連莊_set1,22,664.032,670.869,664.532,670.369
【LIVE】𝗙𝗨𝗟𝗟 𝗠𝗔𝗧𝗖𝗛｜TPVL  2025-26 例行賽 G21 11⧸9 15_00 桃園雲豹飛將 vs 臺中連莊_set1,23,695.246,703.485,695.746,702.985
【LIVE】𝗙𝗨𝗟𝗟 𝗠𝗔𝗧𝗖𝗛｜TPVL  2025-26 例行賽 G21 11⧸9 15_00 桃園雲豹飛將 vs 臺中連莊_set1,24,722.59,726.641,723.09,726.141
【LIVE】𝗙𝗨𝗟𝗟 𝗠𝗔𝗧𝗖𝗛｜TPVL  2025-26 例行賽 G21 11⧸9 15_00 桃園雲豹飛將 vs 臺中連莊_set1,25,748.9,756.721,749.4,756.221
【LIVE】𝗙𝗨𝗟𝗟 𝗠𝗔𝗧𝗖𝗛｜TPVL  2025-26 例行賽 G21 11⧸9 15_00 桃園雲豹飛將 vs 臺中連莊_set1,26,775.276,783.414,775.776,782.914
【LIVE】𝗙𝗨𝗟𝗟 𝗠𝗔𝗧𝗖𝗛｜TPVL  2025-26 例行賽 G21 11⧸9 15_00 桃園雲豹飛將 vs 臺中連莊_set1,27,809.41,813.411,809.91,812.911
【LIVE】𝗙𝗨𝗟𝗟 𝗠𝗔𝗧𝗖𝗛｜TPVL  2025-26 例行賽 G21 11⧸9 15_00 桃園雲豹飛將 vs 臺中連莊_set1,28,830.815,835.166,831.315,834.666
【LIVE】𝗙𝗨𝗟𝗟 𝗠𝗔𝗧𝗖𝗛｜TPVL  2025-26 例行賽 G21 11⧸9 15_00 桃園雲豹飛將 vs 臺中連莊_set1,29,859.01,883.097,859.51,882.597
【LIVE】𝗙𝗨𝗟𝗟 𝗠𝗔𝗧𝗖𝗛｜TPVL  2025-26 例行賽 G21 11⧸9 15_00 桃園雲豹飛將 vs 臺中連莊_set1,30,914.498,918.549,914.998,918.049
【LIVE】𝗙𝗨𝗟𝗟 𝗠𝗔𝗧𝗖𝗛｜TPVL  2025-26 例行賽 G21 11⧸9 15_00 桃園雲豹飛將 vs 臺中連莊_set1,31,935.636,943.324,936.136,942.824
【LIVE】𝗙𝗨𝗟𝗟 𝗠𝗔𝗧𝗖𝗛｜TPVL  2025-26 例行賽 G21 11⧸9 15_00 桃園雲豹飛將 vs 臺中連莊_set1,32,964.715,971.869,965.215,971.369
【LIVE】𝗙𝗨𝗟𝗟 𝗠𝗔𝗧𝗖𝗛｜TPVL  2025-26 例行賽 G21 11⧸9 15_00 桃園雲豹飛將 vs 臺中連莊_set1,33,995.196,1003.434,995.696,1002.934
【LIVE】𝗙𝗨𝗟𝗟 𝗠𝗔𝗧𝗖𝗛｜TPVL  2025-26 例行賽 G21 11⧸9 15_00 桃園雲豹飛將 vs 臺中連莊_set1,34,1024.875,1031.462,1025.375,1030.962
【LIVE】𝗙𝗨𝗟𝗟 𝗠𝗔𝗧𝗖𝗛｜TPVL  2025-26 例行賽 G21 11⧸9 15_00 桃園雲豹飛將 vs 臺中連莊_set1,35,1051.252,1058.189,1051.752,1057.689
【LIVE】𝗙𝗨𝗟𝗟 𝗠𝗔𝗧𝗖𝗛｜TPVL  2025-26 例行賽 G21 11⧸9 15_00 桃園雲豹飛將 vs 臺中連莊_set1,36,1082.883,1089.887,1083.383,1089.387
【LIVE】𝗙𝗨𝗟𝗟 𝗠𝗔𝗧𝗖𝗛｜TPVL  2025-26 例行賽 G21 11⧸9 15_00 桃園雲豹飛將 vs 臺中連莊_set1,37,1109.643,1116.347,1110.143,1115.847
【LIVE】𝗙𝗨𝗟𝗟 𝗠𝗔𝗧𝗖𝗛｜TPVL  2025-26 例行賽 G21 11⧸9 15_00 桃園雲豹飛將 vs 臺中連莊_set1,38,1138.422,1145.293,1138.922,1144.793
【LIVE】𝗙𝗨𝗟𝗟 𝗠𝗔𝗧𝗖𝗛｜TPVL  2025-26 例行賽 G21 11⧸9 15_00 桃園雲豹飛將 vs 臺中連莊_set1,39,1165.783,1203.0,1166.283,1201.433
【LIVE】𝗙𝗨𝗟𝗟 𝗠𝗔𝗧𝗖𝗛｜TPVL  2025-26 例行賽 G21 11⧸9 15_00 桃園雲豹飛將 vs 臺中連莊_set1,40,1285.97,1289.82,1286.47,1289.32
【LIVE】𝗙𝗨𝗟𝗟 𝗠𝗔𝗧𝗖𝗛｜TPVL  2025-26 例行賽 G21 11⧸9 15_00 桃園雲豹飛將 vs 臺中連莊_set1,41,1312.046,1325.79,1312.546,1325.29
【LIVE】𝗙𝗨𝗟𝗟 𝗠𝗔𝗧𝗖𝗛｜TPVL  2025-26 例行賽 G21 11⧸9 15_00 桃園雲豹飛將 vs 臺中連莊_set1,42,1358.108,1365.046,1358.608,1364.546
【LIVE】𝗙𝗨𝗟𝗟 𝗠𝗔𝗧𝗖𝗛｜TPVL  2025-26 例行賽 G21 11⧸9 15_00 桃園雲豹飛將 vs 臺中連莊_set1,43,1393.594,1401.499,1394.094,1400.999
【LIVE】𝗙𝗨𝗟𝗟 𝗠𝗔𝗧𝗖𝗛｜TPVL  2025-26 例行賽 G21 11⧸9 15_00 桃園雲豹飛將 vs 臺中連莊_set1,44,1421.738,1425.99,1422.238,1425.49
【LIVE】𝗙𝗨𝗟𝗟 𝗠𝗔𝗧𝗖𝗛｜TPVL  2025-26 例行賽 G21 11⧸9 15_00 桃園雲豹飛將 vs 臺中連莊_set1,45,1495.896,1500.264,1496.396,1499.764
【LIVE】𝗙𝗨𝗟𝗟 𝗠𝗔𝗧𝗖𝗛｜TPVL  2025-26 例行賽 G21 11⧸9 15_00 桃園雲豹飛將 vs 臺中連莊_set1,46,1562.796,1569.416,1563.296,1568.916
【LIVE】𝗙𝗨𝗟𝗟 𝗠𝗔𝗧𝗖𝗛｜TPVL  2025-26 例行賽 G22 11⧸9 18_30 臺北伊斯特 vs 台鋼天鷹_set1,1,35.771,40.005,36.271,39.505
【LIVE】𝗙𝗨𝗟𝗟 𝗠𝗔𝗧𝗖𝗛｜TPVL  2025-26 例行賽 G22 11⧸9 18_30 臺北伊斯特 vs 台鋼天鷹_set1,2,58.827,65.064,59.327,64.564
【LIVE】𝗙𝗨𝗟𝗟 𝗠𝗔𝗧𝗖𝗛｜TPVL  2025-26 例行賽 G22 11⧸9 18_30 臺北伊斯特 vs 台鋼天鷹_set1,3,89.407,106.488,89.907,105.988
【LIVE】𝗙𝗨𝗟𝗟 𝗠𝗔𝗧𝗖𝗛｜TPVL  2025-26 例行賽 G22 11⧸9 18_30 臺北伊斯特 vs 台鋼天鷹_set1,4,130.699,135.634,131.199,135.134
【LIVE】𝗙𝗨𝗟𝗟 𝗠𝗔𝗧𝗖𝗛｜TPVL  2025-26 例行賽 G22 11⧸9 18_30 臺北伊斯特 vs 台鋼天鷹_set1,5,159.327,167.799,159.827,167.299
【LIVE】𝗙𝗨𝗟𝗟 𝗠𝗔𝗧𝗖𝗛｜TPVL  2025-26 例行賽 G22 11⧸9 18_30 臺北伊斯特 vs 台鋼天鷹_set1,6,190.659,197.229,191.159,196.729
【LIVE】𝗙𝗨𝗟𝗟 𝗠𝗔𝗧𝗖𝗛｜TPVL  2025-26 例行賽 G22 11⧸9 18_30 臺北伊斯特 vs 台鋼天鷹_set1,7,214.299,229.127,214.799,228.627
【LIVE】𝗙𝗨𝗟𝗟 𝗠𝗔𝗧𝗖𝗛｜TPVL  2025-26 例行賽 G22 11⧸9 18_30 臺北伊斯特 vs 台鋼天鷹_set1,8,254.372,277.859,254.872,277.359
【LIVE】𝗙𝗨𝗟𝗟 𝗠𝗔𝗧𝗖𝗛｜TPVL  2025-26 例行賽 G22 11⧸9 18_30 臺北伊斯特 vs 台鋼天鷹_set1,9,300.218,307.356,300.718,306.856
【LIVE】𝗙𝗨𝗟𝗟 𝗠𝗔𝗧𝗖𝗛｜TPVL  2025-26 例行賽 G22 11⧸9 18_30 臺北伊斯特 vs 台鋼天鷹_set1,10,328.546,335.834,329.046,335.334
【LIVE】𝗙𝗨𝗟𝗟 𝗠𝗔𝗧𝗖𝗛｜TPVL  2025-26 例行賽 G22 11⧸9 18_30 臺北伊斯特 vs 台鋼天鷹_set1,11,355.14,359.358,355.64,358.858
【LIVE】𝗙𝗨𝗟𝗟 𝗠𝗔𝗧𝗖𝗛｜TPVL  2025-26 例行賽 G22 11⧸9 18_30 臺北伊斯特 vs 台鋼天鷹_set1,12,373.141,380.829,373.641,380.329
【LIVE】𝗙𝗨𝗟𝗟 𝗠𝗔𝗧𝗖𝗛｜TPVL  2025-26 例行賽 G22 11⧸9 18_30 臺北伊斯特 vs 台鋼天鷹_set1,13,398.75,405.32,399.25,404.82
【LIVE】𝗙𝗨𝗟𝗟 𝗠𝗔𝗧𝗖𝗛｜TPVL  2025-26 例行賽 G22 11⧸9 18_30 臺北伊斯特 vs 台鋼天鷹_set1,14,421.489,428.093,421.989,427.593
【LIVE】𝗙𝗨𝗟𝗟 𝗠𝗔𝗧𝗖𝗛｜TPVL  2025-26 例行賽 G22 11⧸9 18_30 臺北伊斯特 vs 台鋼天鷹_set1,15,464.015,470.268,464.515,469.768
【LIVE】𝗙𝗨𝗟𝗟 𝗠𝗔𝗧𝗖𝗛｜TPVL  2025-26 例行賽 G22 11⧸9 18_30 臺北伊斯特 vs 台鋼天鷹_set1,16,490.108,496.661,490.608,496.161
【LIVE】𝗙𝗨𝗟𝗟 𝗠𝗔𝗧𝗖𝗛｜TPVL  2025-26 例行賽 G22 11⧸9 18_30 臺北伊斯特 vs 台鋼天鷹_set1,17,519.304,526.992,519.804,526.492
【LIVE】𝗙𝗨𝗟𝗟 𝗠𝗔𝗧𝗖𝗛｜TPVL  2025-26 例行賽 G22 11⧸9 18_30 臺北伊斯特 vs 台鋼天鷹_set1,18,552.153,559.307,552.653,558.807
【LIVE】𝗙𝗨𝗟𝗟 𝗠𝗔𝗧𝗖𝗛｜TPVL  2025-26 例行賽 G22 11⧸9 18_30 臺北伊斯特 vs 台鋼天鷹_set1,19,642.96,650.448,643.46,649.948
【LIVE】𝗙𝗨𝗟𝗟 𝗠𝗔𝗧𝗖𝗛｜TPVL  2025-26 例行賽 G22 11⧸9 18_30 臺北伊斯特 vs 台鋼天鷹_set1,20,672.106,676.007,672.606,675.507
【LIVE】𝗙𝗨𝗟𝗟 𝗠𝗔𝗧𝗖𝗛｜TPVL  2025-26 例行賽 G22 11⧸9 18_30 臺北伊斯特 vs 台鋼天鷹_set1,21,690.458,701.383,690.958,700.883
【LIVE】𝗙𝗨𝗟𝗟 𝗠𝗔𝗧𝗖𝗛｜TPVL  2025-26 例行賽 G22 11⧸9 18_30 臺北伊斯特 vs 台鋼天鷹_set1,22,721.322,728.626,721.822,728.126
【LIVE】𝗙𝗨𝗟𝗟 𝗠𝗔𝗧𝗖𝗛｜TPVL  2025-26 例行賽 G22 11⧸9 18_30 臺北伊斯特 vs 台鋼天鷹_set1,23,748.065,755.386,748.565,754.886
【LIVE】𝗙𝗨𝗟𝗟 𝗠𝗔𝗧𝗖𝗛｜TPVL  2025-26 例行賽 G22 11⧸9 18_30 臺北伊斯特 vs 台鋼天鷹_set1,24,774.342,782.997,774.842,782.497
【LIVE】𝗙𝗨𝗟𝗟 𝗠𝗔𝗧𝗖𝗛｜TPVL  2025-26 例行賽 G22 11⧸9 18_30 臺北伊斯特 vs 台鋼天鷹_set1,25,804.205,811.376,804.705,810.876
【LIVE】𝗙𝗨𝗟𝗟 𝗠𝗔𝗧𝗖𝗛｜TPVL  2025-26 例行賽 G22 11⧸9 18_30 臺北伊斯特 vs 台鋼天鷹_set1,26,833.634,845.443,834.134,844.943
【LIVE】𝗙𝗨𝗟𝗟 𝗠𝗔𝗧𝗖𝗛｜TPVL  2025-26 例行賽 G22 11⧸9 18_30 臺北伊斯特 vs 台鋼天鷹_set1,27,862.78,870.785,863.28,870.285
【LIVE】𝗙𝗨𝗟𝗟 𝗠𝗔𝗧𝗖𝗛｜TPVL  2025-26 例行賽 G22 11⧸9 18_30 臺北伊斯特 vs 台鋼天鷹_set1,28,890.258,894.359,890.758,893.859
【LIVE】𝗙𝗨𝗟𝗟 𝗠𝗔𝗧𝗖𝗛｜TPVL  2025-26 例行賽 G22 11⧸9 18_30 臺北伊斯特 vs 台鋼天鷹_set1,29,922.923,934.349,923.423,933.849
【LIVE】𝗙𝗨𝗟𝗟 𝗠𝗔𝗧𝗖𝗛｜TPVL  2025-26 例行賽 G22 11⧸9 18_30 臺北伊斯特 vs 台鋼天鷹_set1,30,965.933,975.039,966.433,974.539
【LIVE】𝗙𝗨𝗟𝗟 𝗠𝗔𝗧𝗖𝗛｜TPVL  2025-26 例行賽 G22 11⧸9 18_30 臺北伊斯特 vs 台鋼天鷹_set1,31,1001.285,1020.835,1001.785,1020.335
【LIVE】𝗙𝗨𝗟𝗟 𝗠𝗔𝗧𝗖𝗛｜TPVL  2025-26 例行賽 G22 11⧸9 18_30 臺北伊斯特 vs 台鋼天鷹_set1,32,1132.233,1147.929,1132.733,1147.429
【LIVE】𝗙𝗨𝗟𝗟 𝗠𝗔𝗧𝗖𝗛｜TPVL  2025-26 例行賽 G22 11⧸9 18_30 臺北伊斯特 vs 台鋼天鷹_set1,33,1173.14,1186.801,1173.64,1186.301
【LIVE】𝗙𝗨𝗟𝗟 𝗠𝗔𝗧𝗖𝗛｜TPVL  2025-26 例行賽 G22 11⧸9 18_30 臺北伊斯特 vs 台鋼天鷹_set1,34,1205.256,1211.609,1205.756,1211.109
【LIVE】𝗙𝗨𝗟𝗟 𝗠𝗔𝗧𝗖𝗛｜TPVL  2025-26 例行賽 G22 11⧸9 18_30 臺北伊斯特 vs 台鋼天鷹_set1,35,1229.213,1233.547,1229.713,1233.047
【LIVE】𝗙𝗨𝗟𝗟 𝗠𝗔𝗧𝗖𝗛｜TPVL  2025-26 例行賽 G22 11⧸9 18_30 臺北伊斯特 vs 台鋼天鷹_set1,36,1255.789,1260.007,1256.289,1259.507
【LIVE】𝗙𝗨𝗟𝗟 𝗠𝗔𝗧𝗖𝗛｜TPVL  2025-26 例行賽 G22 11⧸9 18_30 臺北伊斯特 vs 台鋼天鷹_set1,37,1289.223,1296.927,1289.723,1296.427
【LIVE】𝗙𝗨𝗟𝗟 𝗠𝗔𝗧𝗖𝗛｜TPVL  2025-26 例行賽 G22 11⧸9 18_30 臺北伊斯特 vs 台鋼天鷹_set1,38,1317.351,1334.882,1317.851,1334.382
【LIVE】𝗙𝗨𝗟𝗟 𝗠𝗔𝗧𝗖𝗛｜TPVL  2025-26 例行賽 G22 11⧸9 18_30 臺北伊斯特 vs 台鋼天鷹_set1,39,1356.99,1365.162,1357.49,1364.662
【LIVE】𝗙𝗨𝗟𝗟 𝗠𝗔𝗧𝗖𝗛｜TPVL  2025-26 例行賽 G22 11⧸9 18_30 臺北伊斯特 vs 台鋼天鷹_set1,40,1382.199,1392.823,1382.699,1392.323
【LIVE】𝗙𝗨𝗟𝗟 𝗠𝗔𝗧𝗖𝗛｜TPVL  2025-26 例行賽 G22 11⧸9 18_30 臺北伊斯特 vs 台鋼天鷹_set1,41,1420.687,1426.991,1421.187,1426.491
【LIVE】𝗙𝗨𝗟𝗟 𝗠𝗔𝗧𝗖𝗛｜TPVL  2025-26 例行賽 G22 11⧸9 18_30 臺北伊斯特 vs 台鋼天鷹_set1,42,1445.162,1459.173,1445.662,1458.673
【LIVE】𝗙𝗨𝗟𝗟 𝗠𝗔𝗧𝗖𝗛｜TPVL  2025-26 例行賽 G22 11⧸9 18_30 臺北伊斯特 vs 台鋼天鷹_set1,43,1522.472,1535.366,1522.972,1534.866
【LIVE】𝗙𝗨𝗟𝗟 𝗠𝗔𝗧𝗖𝗛｜TPVL  2025-26 例行賽 G22 11⧸9 18_30 臺北伊斯特 vs 台鋼天鷹_set1,44,1571.872,1579.76,1572.372,1579.26
【LIVE】𝗙𝗨𝗟𝗟 𝗠𝗔𝗧𝗖𝗛｜TPVL  2025-26 例行賽 G23 11⧸15 15_00 臺中連莊 vs 台鋼天鷹_set1,1,25.677,29.545,26.177,29.045
【LIVE】𝗙𝗨𝗟𝗟 𝗠𝗔𝗧𝗖𝗛｜TPVL  2025-26 例行賽 G23 11⧸15 15_00 臺中連莊 vs 台鋼天鷹_set1,2,47.616,54.303,48.116,53.803
【LIVE】𝗙𝗨𝗟𝗟 𝗠𝗔𝗧𝗖𝗛｜TPVL  2025-26 例行賽 G23 11⧸15 15_00 臺中連莊 vs 台鋼天鷹_set1,3,73.325,80.696,73.825,80.196
【LIVE】𝗙𝗨𝗟𝗟 𝗠𝗔𝗧𝗖𝗛｜TPVL  2025-26 例行賽 G23 11⧸15 15_00 臺中連莊 vs 台鋼天鷹_set1,4,100.719,111.577,101.219,111.077
【LIVE】𝗙𝗨𝗟𝗟 𝗠𝗔𝗧𝗖𝗛｜TPVL  2025-26 例行賽 G23 11⧸15 15_00 臺中連莊 vs 台鋼天鷹_set1,5,134.019,141.023,134.519,140.523
【LIVE】𝗙𝗨𝗟𝗟 𝗠𝗔𝗧𝗖𝗛｜TPVL  2025-26 例行賽 G23 11⧸15 15_00 臺中連莊 vs 台鋼天鷹_set1,6,162.464,174.857,162.964,174.357
【LIVE】𝗙𝗨𝗟𝗟 𝗠𝗔𝗧𝗖𝗛｜TPVL  2025-26 例行賽 G23 11⧸15 15_00 臺中連莊 vs 台鋼天鷹_set1,7,196.314,207.89,196.814,207.39
【LIVE】𝗙𝗨𝗟𝗟 𝗠𝗔𝗧𝗖𝗛｜TPVL  2025-26 例行賽 G23 11⧸15 15_00 臺中連莊 vs 台鋼天鷹_set1,8,228.446,235.751,228.946,235.251
【LIVE】𝗙𝗨𝗟𝗟 𝗠𝗔𝗧𝗖𝗛｜TPVL  2025-26 例行賽 G23 11⧸15 15_00 臺中連莊 vs 台鋼天鷹_set1,9,254.956,266.114,255.456,265.614
【LIVE】𝗙𝗨𝗟𝗟 𝗠𝗔𝗧𝗖𝗛｜TPVL  2025-26 例行賽 G23 11⧸15 15_00 臺中連莊 vs 台鋼天鷹_set1,10,288.123,295.01,288.623,294.51
【LIVE】𝗙𝗨𝗟𝗟 𝗠𝗔𝗧𝗖𝗛｜TPVL  2025-26 例行賽 G23 11⧸15 15_00 臺中連莊 vs 台鋼天鷹_set1,11,312.23,316.031,312.73,315.531
【LIVE】𝗙𝗨𝗟𝗟 𝗠𝗔𝗧𝗖𝗛｜TPVL  2025-26 例行賽 G23 11⧸15 15_00 臺中連莊 vs 台鋼天鷹_set1,12,336.237,343.041,336.737,342.541
【LIVE】𝗙𝗨𝗟𝗟 𝗠𝗔𝗧𝗖𝗛｜TPVL  2025-26 例行賽 G23 11⧸15 15_00 臺中連莊 vs 台鋼天鷹_set1,13,363.498,371.069,363.998,370.569
【LIVE】𝗙𝗨𝗟𝗟 𝗠𝗔𝗧𝗖𝗛｜TPVL  2025-26 例行賽 G23 11⧸15 15_00 臺中連莊 vs 台鋼天鷹_set1,14,391.743,400.031,392.243,399.531
【LIVE】𝗙𝗨𝗟𝗟 𝗠𝗔𝗧𝗖𝗛｜TPVL  2025-26 例行賽 G23 11⧸15 15_00 臺中連莊 vs 台鋼天鷹_set1,15,417.035,423.388,417.535,422.888
【LIVE】𝗙𝗨𝗟𝗟 𝗠𝗔𝗧𝗖𝗛｜TPVL  2025-26 例行賽 G23 11⧸15 15_00 臺中連莊 vs 台鋼天鷹_set1,16,446.014,453.452,446.514,452.952
【LIVE】𝗙𝗨𝗟𝗟 𝗠𝗔𝗧𝗖𝗛｜TPVL  2025-26 例行賽 G23 11⧸15 15_00 臺中連莊 vs 台鋼天鷹_set1,17,472.707,484.132,473.207,483.632
【LIVE】𝗙𝗨𝗟𝗟 𝗠𝗔𝗧𝗖𝗛｜TPVL  2025-26 例行賽 G23 11⧸15 15_00 臺中連莊 vs 台鋼天鷹_set1,18,507.275,511.243,507.775,510.743
【LIVE】𝗙𝗨𝗟𝗟 𝗠𝗔𝗧𝗖𝗛｜TPVL  2025-26 例行賽 G23 11⧸15 15_00 臺中連莊 vs 台鋼天鷹_set1,19,530.932,536.902,531.432,536.402
【LIVE】𝗙𝗨𝗟𝗟 𝗠𝗔𝗧𝗖𝗛｜TPVL  2025-26 例行賽 G23 11⧸15 15_00 臺中連莊 vs 台鋼天鷹_set1,20,562.23,566.064,562.73,565.564
【LIVE】𝗙𝗨𝗟𝗟 𝗠𝗔𝗧𝗖𝗛｜TPVL  2025-26 例行賽 G23 11⧸15 15_00 臺中連莊 vs 台鋼天鷹_set1,21,585.553,596.194,586.053,595.694
【LIVE】𝗙𝗨𝗟𝗟 𝗠𝗔𝗧𝗖𝗛｜TPVL  2025-26 例行賽 G23 11⧸15 15_00 臺中連莊 vs 台鋼天鷹_set1,22,618.569,626.741,619.069,626.241
【LIVE】𝗙𝗨𝗟𝗟 𝗠𝗔𝗧𝗖𝗛｜TPVL  2025-26 例行賽 G23 11⧸15 15_00 臺中連莊 vs 台鋼天鷹_set1,23,646.848,653.835,647.348,653.335
【LIVE】𝗙𝗨𝗟𝗟 𝗠𝗔𝗧𝗖𝗛｜TPVL  2025-26 例行賽 G23 11⧸15 15_00 臺中連莊 vs 台鋼天鷹_set1,24,672.106,689.0,672.606,687.419
【LIVE】𝗙𝗨𝗟𝗟 𝗠𝗔𝗧𝗖𝗛｜TPVL  2025-26 例行賽 G23 11⧸15 15_00 臺中連莊 vs 台鋼天鷹_set1,25,786.32,794.442,786.82,793.942
【LIVE】𝗙𝗨𝗟𝗟 𝗠𝗔𝗧𝗖𝗛｜TPVL  2025-26 例行賽 G23 11⧸15 15_00 臺中連莊 vs 台鋼天鷹_set1,26,815.416,824.789,815.916,824.289
【LIVE】𝗙𝗨𝗟𝗟 𝗠𝗔𝗧𝗖𝗛｜TPVL  2025-26 例行賽 G23 11⧸15 15_00 臺中連莊 vs 台鋼天鷹_set1,27,897.982,905.019,898.482,904.519
【LIVE】𝗙𝗨𝗟𝗟 𝗠𝗔𝗧𝗖𝗛｜TPVL  2025-26 例行賽 G23 11⧸15 15_00 臺中連莊 vs 台鋼天鷹_set1,28,927.561,950.365,928.061,949.865
【LIVE】𝗙𝗨𝗟𝗟 𝗠𝗔𝗧𝗖𝗛｜TPVL  2025-26 例行賽 G23 11⧸15 15_00 臺中連莊 vs 台鋼天鷹_set1,29,984.085,988.119,984.585,987.619
【LIVE】𝗙𝗨𝗟𝗟 𝗠𝗔𝗧𝗖𝗛｜TPVL  2025-26 例行賽 G23 11⧸15 15_00 臺中連莊 vs 台鋼天鷹_set1,30,1012.363,1021.669,1012.863,1021.169
【LIVE】𝗙𝗨𝗟𝗟 𝗠𝗔𝗧𝗖𝗛｜TPVL  2025-26 例行賽 G23 11⧸15 15_00 臺中連莊 vs 台鋼天鷹_set1,31,1044.512,1061.659,1045.012,1061.159
【LIVE】𝗙𝗨𝗟𝗟 𝗠𝗔𝗧𝗖𝗛｜TPVL  2025-26 例行賽 G23 11⧸15 15_00 臺中連莊 vs 台鋼天鷹_set1,32,1090.791,1099.697,1091.291,1099.197
【LIVE】𝗙𝗨𝗟𝗟 𝗠𝗔𝗧𝗖𝗛｜TPVL  2025-26 例行賽 G23 11⧸15 15_00 臺中連莊 vs 台鋼天鷹_set1,33,1121.872,1134.782,1122.372,1134.282
【LIVE】𝗙𝗨𝗟𝗟 𝗠𝗔𝗧𝗖𝗛｜TPVL  2025-26 例行賽 G23 11⧸15 15_00 臺中連莊 vs 台鋼天鷹_set1,34,1157.408,1168.583,1157.908,1168.083
【LIVE】𝗙𝗨𝗟𝗟 𝗠𝗔𝗧𝗖𝗛｜TPVL  2025-26 例行賽 G23 11⧸15 15_00 臺中連莊 vs 台鋼天鷹_set1,35,1251.201,1258.122,1251.701,1257.622
【LIVE】𝗙𝗨𝗟𝗟 𝗠𝗔𝗧𝗖𝗛｜TPVL  2025-26 例行賽 G23 11⧸15 15_00 臺中連莊 vs 台鋼天鷹_set1,36,1276.66,1307.855,1277.16,1307.355
【LIVE】𝗙𝗨𝗟𝗟 𝗠𝗔𝗧𝗖𝗛｜TPVL  2025-26 例行賽 G23 11⧸15 15_00 臺中連莊 vs 台鋼天鷹_set1,37,1377.261,1390.004,1377.761,1389.504
【LIVE】𝗙𝗨𝗟𝗟 𝗠𝗔𝗧𝗖𝗛｜TPVL  2025-26 例行賽 G23 11⧸15 15_00 臺中連莊 vs 台鋼天鷹_set1,38,1415.199,1421.569,1415.699,1421.069
【LIVE】𝗙𝗨𝗟𝗟 𝗠𝗔𝗧𝗖𝗛｜TPVL  2025-26 例行賽 G23 11⧸15 15_00 臺中連莊 vs 台鋼天鷹_set1,39,1439.439,1450.648,1439.939,1450.148
【LIVE】𝗙𝗨𝗟𝗟 𝗠𝗔𝗧𝗖𝗛｜TPVL  2025-26 例行賽 G23 11⧸15 15_00 臺中連莊 vs 台鋼天鷹_set1,40,1512.462,1525.756,1512.962,1525.256
【LIVE】𝗙𝗨𝗟𝗟 𝗠𝗔𝗧𝗖𝗛｜TPVL  2025-26 例行賽 G23 11⧸15 15_00 臺中連莊 vs 台鋼天鷹_set1,41,1546.163,1553.551,1546.663,1553.051
【LIVE】𝗙𝗨𝗟𝗟 𝗠𝗔𝗧𝗖𝗛｜TPVL  2025-26 例行賽 G23 11⧸15 15_00 臺中連莊 vs 台鋼天鷹_set1,42,1575.575,1582.146,1576.075,1581.646
【LIVE】𝗙𝗨𝗟𝗟 𝗠𝗔𝗧𝗖𝗛｜TPVL  2025-26 例行賽 G23 11⧸15 15_00 臺中連莊 vs 台鋼天鷹_set1,43,1610.243,1614.094,1610.743,1613.594
【LIVE】𝗙𝗨𝗟𝗟 𝗠𝗔𝗧𝗖𝗛｜TPVL  2025-26 例行賽 G23 11⧸15 15_00 臺中連莊 vs 台鋼天鷹_set1,44,1633.817,1641.388,1634.317,1640.888
【LIVE】𝗙𝗨𝗟𝗟 𝗠𝗔𝗧𝗖𝗛｜TPVL  2025-26 例行賽 G23 11⧸15 15_00 臺中連莊 vs 台鋼天鷹_set1,45,1702.602,1714.712,1703.102,1714.212
【LIVE】𝗙𝗨𝗟𝗟 𝗠𝗔𝗧𝗖𝗛｜TPVL  2025-26 例行賽 G23 11⧸15 15_00 臺中連莊 vs 台鋼天鷹_set1,46,1732.282,1739.47,1732.782,1738.97
【LIVE】𝗙𝗨𝗟𝗟 𝗠𝗔𝗧𝗖𝗛｜TPVL  2025-26 例行賽 G23 11⧸15 15_00 臺中連莊 vs 台鋼天鷹_set1,47,1761.928,1768.515,1762.428,1768.015
【LIVE】𝗙𝗨𝗟𝗟 𝗠𝗔𝗧𝗖𝗛｜TPVL  2025-26 例行賽 G24 11⧸15 18_30 桃園雲豹飛將 vs 臺北伊斯特_set1,1,-1.05,12.244,0.0,11.744
【LIVE】𝗙𝗨𝗟𝗟 𝗠𝗔𝗧𝗖𝗛｜TPVL  2025-26 例行賽 G24 11⧸15 18_30 桃園雲豹飛將 vs 臺北伊斯特_set1,2,31.767,50.532,32.267,50.032
【LIVE】𝗙𝗨𝗟𝗟 𝗠𝗔𝗧𝗖𝗛｜TPVL  2025-26 例行賽 G24 11⧸15 18_30 桃園雲豹飛將 vs 臺北伊斯特_set1,3,72.741,88.67,73.241,88.17
【LIVE】𝗙𝗨𝗟𝗟 𝗠𝗔𝗧𝗖𝗛｜TPVL  2025-26 例行賽 G24 11⧸15 18_30 桃園雲豹飛將 vs 臺北伊斯特_set1,4,113.849,121.753,114.349,121.253
【LIVE】𝗙𝗨𝗟𝗟 𝗠𝗔𝗧𝗖𝗛｜TPVL  2025-26 例行賽 G24 11⧸15 18_30 桃園雲豹飛將 vs 臺北伊斯特_set1,5,142.21,149.715,142.71,149.215
【LIVE】𝗙𝗨𝗟𝗟 𝗠𝗔𝗧𝗖𝗛｜TPVL  2025-26 例行賽 G24 11⧸15 18_30 桃園雲豹飛將 vs 臺北伊斯特_set1,6,173.742,181.496,174.242,180.996
【LIVE】𝗙𝗨𝗟𝗟 𝗠𝗔𝗧𝗖𝗛｜TPVL  2025-26 例行賽 G24 11⧸15 18_30 桃園雲豹飛將 vs 臺北伊斯特_set1,7,199.768,207.506,200.268,207.006
【LIVE】𝗙𝗨𝗟𝗟 𝗠𝗔𝗧𝗖𝗛｜TPVL  2025-26 例行賽 G24 11⧸15 18_30 桃園雲豹飛將 vs 臺北伊斯特_set1,8,233.735,241.006,234.235,240.506
【LIVE】𝗙𝗨𝗟𝗟 𝗠𝗔𝗧𝗖𝗛｜TPVL  2025-26 例行賽 G24 11⧸15 18_30 桃園雲豹飛將 vs 臺北伊斯特_set1,9,259.828,266.0,260.328,266.132
【LIVE】𝗙𝗨𝗟𝗟 𝗠𝗔𝗧𝗖𝗛｜TPVL  2025-26 例行賽 G24 11⧸15 18_30 桃園雲豹飛將 vs 臺北伊斯特_set1,10,287.656,292.491,288.156,291.991
【LIVE】𝗙𝗨𝗟𝗟 𝗠𝗔𝗧𝗖𝗛｜TPVL  2025-26 例行賽 G24 11⧸15 18_30 桃園雲豹飛將 vs 臺北伊斯特_set1,11,309.244,315.981,309.744,315.481
【LIVE】𝗙𝗨𝗟𝗟 𝗠𝗔𝗧𝗖𝗛｜TPVL  2025-26 例行賽 G24 11⧸15 18_30 桃園雲豹飛將 vs 臺北伊斯特_set1,12,337.505,344.893,338.005,344.393
【LIVE】𝗙𝗨𝗟𝗟 𝗠𝗔𝗧𝗖𝗛｜TPVL  2025-26 例行賽 G24 11⧸15 18_30 桃園雲豹飛將 vs 臺北伊斯特_set1,13,363.965,367.999,364.465,367.499
【LIVE】𝗙𝗨𝗟𝗟 𝗠𝗔𝗧𝗖𝗛｜TPVL  2025-26 例行賽 G24 11⧸15 18_30 桃園雲豹飛將 vs 臺北伊斯特_set1,14,383.952,394.226,384.452,393.726
【LIVE】𝗙𝗨𝗟𝗟 𝗠𝗔𝗧𝗖𝗛｜TPVL  2025-26 例行賽 G24 11⧸15 18_30 桃園雲豹飛將 vs 臺北伊斯特_set1,15,428.797,432.914,429.297,432.414
【LIVE】𝗙𝗨𝗟𝗟 𝗠𝗔𝗧𝗖𝗛｜TPVL  2025-26 例行賽 G24 11⧸15 18_30 桃園雲豹飛將 vs 臺北伊斯特_set1,16,448.783,452.784,449.283,452.284
【LIVE】𝗙𝗨𝗟𝗟 𝗠𝗔𝗧𝗖𝗛｜TPVL  2025-26 例行賽 G24 11⧸15 18_30 桃園雲豹飛將 vs 臺北伊斯特_set1,17,470.205,474.489,470.705,473.989
【LIVE】𝗙𝗨𝗟𝗟 𝗠𝗔𝗧𝗖𝗛｜TPVL  2025-26 例行賽 G24 11⧸15 18_30 桃園雲豹飛將 vs 臺北伊斯特_set1,18,491.226,498.33,491.726,497.83
【LIVE】𝗙𝗨𝗟𝗟 𝗠𝗔𝗧𝗖𝗛｜TPVL  2025-26 例行賽 G24 11⧸15 18_30 桃園雲豹飛將 vs 臺北伊斯特_set1,19,514.148,526.491,514.648,525.991
【LIVE】𝗙𝗨𝗟𝗟 𝗠𝗔𝗧𝗖𝗛｜TPVL  2025-26 例行賽 G24 11⧸15 18_30 桃園雲豹飛將 vs 臺北伊斯特_set1,20,547.215,553.251,547.715,552.751
【LIVE】𝗙𝗨𝗟𝗟 𝗠𝗔𝗧𝗖𝗛｜TPVL  2025-26 例行賽 G24 11⧸15 18_30 桃園雲豹飛將 vs 臺北伊斯特_set1,21,577.528,585.05,578.028,584.55
【LIVE】𝗙𝗨𝗟𝗟 𝗠𝗔𝗧𝗖𝗛｜TPVL  2025-26 例行賽 G24 11⧸15 18_30 桃園雲豹飛將 vs 臺北伊斯特_set1,22,605.873,612.944,606.373,612.444
【LIVE】𝗙𝗨𝗟𝗟 𝗠𝗔𝗧𝗖𝗛｜TPVL  2025-26 例行賽 G24 11⧸15 18_30 桃園雲豹飛將 vs 臺北伊斯特_set1,23,632.784,641.039,633.284,640.539
【LIVE】𝗙𝗨𝗟𝗟 𝗠𝗔𝗧𝗖𝗛｜TPVL  2025-26 例行賽 G24 11⧸15 18_30 桃園雲豹飛將 vs 臺北伊斯特_set1,24,661.045,668.767,661.545,669.701
【LIVE】𝗙𝗨𝗟𝗟 𝗠𝗔𝗧𝗖𝗛｜TPVL  2025-26 例行賽 G24 11⧸15 18_30 桃園雲豹飛將 vs 臺北伊斯特_set1,25,700.735,711.8,701.235,709.741
【LIVE】𝗙𝗨𝗟𝗟 𝗠𝗔𝗧𝗖𝗛｜TPVL  2025-26 例行賽 G24 11⧸15 18_30 桃園雲豹飛將 vs 臺北伊斯特_set1,26,735.57,742.524,736.07,742.024
【LIVE】𝗙𝗨𝗟𝗟 𝗠𝗔𝗧𝗖𝗛｜TPVL  2025-26 例行賽 G24 11⧸15 18_30 桃園雲豹飛將 vs 臺北伊斯特_set1,27,763.798,770.018,764.298,769.518
【LIVE】𝗙𝗨𝗟𝗟 𝗠𝗔𝗧𝗖𝗛｜TPVL  2025-26 例行賽 G24 11⧸15 18_30 桃園雲豹飛將 vs 臺北伊斯特_set1,28,789.157,796.027,789.657,795.527
【LIVE】𝗙𝗨𝗟𝗟 𝗠𝗔𝗧𝗖𝗛｜TPVL  2025-26 例行賽 G24 11⧸15 18_30 桃園雲豹飛將 vs 臺北伊斯特_set1,29,822.29,838.753,822.79,838.253
【LIVE】𝗙𝗨𝗟𝗟 𝗠𝗔𝗧𝗖𝗛｜TPVL  2025-26 例行賽 G24 11⧸15 18_30 桃園雲豹飛將 vs 臺北伊斯特_set1,30,858.025,862.393,858.525,861.893
【LIVE】𝗙𝗨𝗟𝗟 𝗠𝗔𝗧𝗖𝗛｜TPVL  2025-26 例行賽 G24 11⧸15 18_30 桃園雲豹飛將 vs 臺北伊斯特_set1,31,882.483,893.558,882.983,893.058
【LIVE】𝗙𝗨𝗟𝗟 𝗠𝗔𝗧𝗖𝗛｜TPVL  2025-26 例行賽 G24 11⧸15 18_30 桃園雲豹飛將 vs 臺北伊斯特_set1,32,918.619,925.723,919.119,925.223
【LIVE】𝗙𝗨𝗟𝗟 𝗠𝗔𝗧𝗖𝗛｜TPVL  2025-26 例行賽 G24 11⧸15 18_30 桃園雲豹飛將 vs 臺北伊斯特_set1,33,942.043,952.967,942.543,952.467
【LIVE】𝗙𝗨𝗟𝗟 𝗠𝗔𝗧𝗖𝗛｜TPVL  2025-26 例行賽 G24 11⧸15 18_30 桃園雲豹飛將 vs 臺北伊斯特_set1,34,972.84,986.918,973.34,986.418
【LIVE】𝗙𝗨𝗟𝗟 𝗠𝗔𝗧𝗖𝗛｜TPVL  2025-26 例行賽 G24 11⧸15 18_30 桃園雲豹飛將 vs 臺北伊斯特_set1,35,1103.32,1111.509,1103.82,1111.009
【LIVE】𝗙𝗨𝗟𝗟 𝗠𝗔𝗧𝗖𝗛｜TPVL  2025-26 例行賽 G24 11⧸15 18_30 桃園雲豹飛將 vs 臺北伊斯特_set1,36,1129.997,1137.385,1130.497,1136.885
【LIVE】𝗙𝗨𝗟𝗟 𝗠𝗔𝗧𝗖𝗛｜TPVL  2025-26 例行賽 G24 11⧸15 18_30 桃園雲豹飛將 vs 臺北伊斯特_set1,37,1157.825,1177.642,1158.325,1177.142
【LIVE】𝗙𝗨𝗟𝗟 𝗠𝗔𝗧𝗖𝗛｜TPVL  2025-26 例行賽 G24 11⧸15 18_30 桃園雲豹飛將 vs 臺北伊斯特_set1,38,1198.065,1212.51,1198.565,1212.01
【LIVE】𝗙𝗨𝗟𝗟 𝗠𝗔𝗧𝗖𝗛｜TPVL  2025-26 例行賽 G24 11⧸15 18_30 桃園雲豹飛將 vs 臺北伊斯特_set1,39,1230.564,1234.498,1231.064,1233.998
【LIVE】𝗙𝗨𝗟𝗟 𝗠𝗔𝗧𝗖𝗛｜TPVL  2025-26 例行賽 G24 11⧸15 18_30 桃園雲豹飛將 vs 臺北伊斯特_set1,40,1256.957,1264.895,1257.457,1264.395
【LIVE】𝗙𝗨𝗟𝗟 𝗠𝗔𝗧𝗖𝗛｜TPVL  2025-26 例行賽 G24 11⧸15 18_30 桃園雲豹飛將 vs 臺北伊斯特_set1,41,1288.322,1295.159,1288.822,1294.659
【LIVE】𝗙𝗨𝗟𝗟 𝗠𝗔𝗧𝗖𝗛｜TPVL  2025-26 例行賽 G24 11⧸15 18_30 桃園雲豹飛將 vs 臺北伊斯特_set1,42,1316.383,1321.452,1316.883,1320.952
【LIVE】𝗙𝗨𝗟𝗟 𝗠𝗔𝗧𝗖𝗛｜TPVL  2025-26 例行賽 G24 11⧸15 18_30 桃園雲豹飛將 vs 臺北伊斯特_set1,43,1385.185,1395.092,1385.685,1394.592
【LIVE】𝗙𝗨𝗟𝗟 𝗠𝗔𝗧𝗖𝗛｜TPVL  2025-26 例行賽 G24 11⧸15 18_30 桃園雲豹飛將 vs 臺北伊斯特_set1,44,1416.784,1426.957,1417.284,1426.457
【LIVE】𝗙𝗨𝗟𝗟 𝗠𝗔𝗧𝗖𝗛｜TPVL  2025-26 例行賽 G24 11⧸15 18_30 桃園雲豹飛將 vs 臺北伊斯特_set1,45,1453.687,1471.0,1454.187,1470.001
【LIVE】𝗙𝗨𝗟𝗟 𝗠𝗔𝗧𝗖𝗛｜TPVL  2025-26 例行賽 G24 11⧸15 18_30 桃園雲豹飛將 vs 臺北伊斯特_set1,46,1545.412,1553.884,1545.912,1553.384
【LIVE】𝗙𝗨𝗟𝗟 𝗠𝗔𝗧𝗖𝗛｜TPVL  2025-26 例行賽 G25 11⧸16 15_00 桃園雲豹飛將 vs 台鋼天鷹_set1,1,8.226,14.246,8.726,13.746
【LIVE】𝗙𝗨𝗟𝗟 𝗠𝗔𝗧𝗖𝗛｜TPVL  2025-26 例行賽 G25 11⧸16 15_00 桃園雲豹飛將 vs 台鋼天鷹_set1,2,32.701,36.702,33.201,36.202
【LIVE】𝗙𝗨𝗟𝗟 𝗠𝗔𝗧𝗖𝗛｜TPVL  2025-26 例行賽 G25 11⧸16 15_00 桃園雲豹飛將 vs 台鋼天鷹_set1,3,59.161,66.498,59.661,65.998
【LIVE】𝗙𝗨𝗟𝗟 𝗠𝗔𝗧𝗖𝗛｜TPVL  2025-26 例行賽 G25 11⧸16 15_00 桃園雲豹飛將 vs 台鋼天鷹_set1,4,87.489,98.08,87.989,97.58
【LIVE】𝗙𝗨𝗟𝗟 𝗠𝗔𝗧𝗖𝗛｜TPVL  2025-26 例行賽 G25 11⧸16 15_00 桃園雲豹飛將 vs 台鋼天鷹_set1,5,120.388,127.192,120.888,126.692
【LIVE】𝗙𝗨𝗟𝗟 𝗠𝗔𝗧𝗖𝗛｜TPVL  2025-26 例行賽 G25 11⧸16 15_00 桃園雲豹飛將 vs 台鋼天鷹_set1,6,145.514,162.11,146.014,161.61
【LIVE】𝗙𝗨𝗟𝗟 𝗠𝗔𝗧𝗖𝗛｜TPVL  2025-26 例行賽 G25 11⧸16 15_00 桃園雲豹飛將 vs 台鋼天鷹_set1,7,185.887,192.307,186.387,191.807
【LIVE】𝗙𝗨𝗟𝗟 𝗠𝗔𝗧𝗖𝗛｜TPVL  2025-26 例行賽 G25 11⧸16 15_00 桃園雲豹飛將 vs 台鋼天鷹_set1,8,217.986,224.823,218.486,224.323
【LIVE】𝗙𝗨𝗟𝗟 𝗠𝗔𝗧𝗖𝗛｜TPVL  2025-26 例行賽 G25 11⧸16 15_00 桃園雲豹飛將 vs 台鋼天鷹_set1,9,251.586,258.907,252.086,258.407
【LIVE】𝗙𝗨𝗟𝗟 𝗠𝗔𝗧𝗖𝗛｜TPVL  2025-26 例行賽 G25 11⧸16 15_00 桃園雲豹飛將 vs 台鋼天鷹_set1,10,283.718,290.622,284.218,290.122
【LIVE】𝗙𝗨𝗟𝗟 𝗠𝗔𝗧𝗖𝗛｜TPVL  2025-26 例行賽 G25 11⧸16 15_00 桃園雲豹飛將 vs 台鋼天鷹_set1,11,312.347,318.984,312.847,318.484
【LIVE】𝗙𝗨𝗟𝗟 𝗠𝗔𝗧𝗖𝗛｜TPVL  2025-26 例行賽 G25 11⧸16 15_00 桃園雲豹飛將 vs 台鋼天鷹_set1,12,342.711,352.584,343.211,352.084
【LIVE】𝗙𝗨𝗟𝗟 𝗠𝗔𝗧𝗖𝗛｜TPVL  2025-26 例行賽 G25 11⧸16 15_00 桃園雲豹飛將 vs 台鋼天鷹_set1,13,374.893,390.188,375.393,389.688
【LIVE】𝗙𝗨𝗟𝗟 𝗠𝗔𝗧𝗖𝗛｜TPVL  2025-26 例行賽 G25 11⧸16 15_00 桃園雲豹飛將 vs 台鋼天鷹_set1,14,413.898,417.966,414.398,417.466
【LIVE】𝗙𝗨𝗟𝗟 𝗠𝗔𝗧𝗖𝗛｜TPVL  2025-26 例行賽 G25 11⧸16 15_00 桃園雲豹飛將 vs 台鋼天鷹_set1,15,437.772,442.073,438.272,441.573
【LIVE】𝗙𝗨𝗟𝗟 𝗠𝗔𝗧𝗖𝗛｜TPVL  2025-26 例行賽 G25 11⧸16 15_00 桃園雲豹飛將 vs 台鋼天鷹_set1,16,456.257,471.269,456.757,470.769
【LIVE】𝗙𝗨𝗟𝗟 𝗠𝗔𝗧𝗖𝗛｜TPVL  2025-26 例行賽 G25 11⧸16 15_00 桃園雲豹飛將 vs 台鋼天鷹_set1,17,489.8,498.98,489.8,498.48
【LIVE】𝗙𝗨𝗟𝗟 𝗠𝗔𝗧𝗖𝗛｜TPVL  2025-26 例行賽 G25 11⧸16 15_00 桃園雲豹飛將 vs 台鋼天鷹_set1,18,562.697,568.266,563.197,567.766
【LIVE】𝗙𝗨𝗟𝗟 𝗠𝗔𝗧𝗖𝗛｜TPVL  2025-26 例行賽 G25 11⧸16 15_00 桃園雲豹飛將 vs 台鋼天鷹_set1,19,585.386,597.629,585.886,597.129
【LIVE】𝗙𝗨𝗟𝗟 𝗠𝗔𝗧𝗖𝗛｜TPVL  2025-26 例行賽 G25 11⧸16 15_00 桃園雲豹飛將 vs 台鋼天鷹_set1,20,615.049,622.637,615.549,622.137
【LIVE】𝗙𝗨𝗟𝗟 𝗠𝗔𝗧𝗖𝗛｜TPVL  2025-26 例行賽 G25 11⧸16 15_00 桃園雲豹飛將 vs 台鋼天鷹_set1,21,643.711,650.615,644.211,650.115
【LIVE】𝗙𝗨𝗟𝗟 𝗠𝗔𝗧𝗖𝗛｜TPVL  2025-26 例行賽 G25 11⧸16 15_00 桃園雲豹飛將 vs 台鋼天鷹_set1,22,672.006,686.017,672.506,685.517
【LIVE】𝗙𝗨𝗟𝗟 𝗠𝗔𝗧𝗖𝗛｜TPVL  2025-26 例行賽 G25 11⧸16 15_00 桃園雲豹飛將 vs 台鋼天鷹_set1,23,704.138,715.58,704.638,715.08
【LIVE】𝗙𝗨𝗟𝗟 𝗠𝗔𝗧𝗖𝗛｜TPVL  2025-26 例行賽 G25 11⧸16 15_00 桃園雲豹飛將 vs 台鋼天鷹_set1,24,733.601,741.84,734.101,741.34
【LIVE】𝗙𝗨𝗟𝗟 𝗠𝗔𝗧𝗖𝗛｜TPVL  2025-26 例行賽 G25 11⧸16 15_00 桃園雲豹飛將 vs 台鋼天鷹_set1,25,762.13,766.164,762.63,765.664
【LIVE】𝗙𝗨𝗟𝗟 𝗠𝗔𝗧𝗖𝗛｜TPVL  2025-26 例行賽 G25 11⧸16 15_00 桃園雲豹飛將 vs 台鋼天鷹_set1,26,783.851,790.138,784.351,789.638
【LIVE】𝗙𝗨𝗟𝗟 𝗠𝗔𝗧𝗖𝗛｜TPVL  2025-26 例行賽 G25 11⧸16 15_00 桃園雲豹飛將 vs 台鋼天鷹_set1,27,818.119,826.908,818.619,826.408
【LIVE】𝗙𝗨𝗟𝗟 𝗠𝗔𝗧𝗖𝗛｜TPVL  2025-26 例行賽 G25 11⧸16 15_00 桃園雲豹飛將 vs 台鋼天鷹_set1,28,851.786,859.424,852.286,858.924
【LIVE】𝗙𝗨𝗟𝗟 𝗠𝗔𝗧𝗖𝗛｜TPVL  2025-26 例行賽 G25 11⧸16 15_00 桃園雲豹飛將 vs 台鋼天鷹_set1,29,894.395,906.904,894.895,906.404
【LIVE】𝗙𝗨𝗟𝗟 𝗠𝗔𝗧𝗖𝗛｜TPVL  2025-26 例行賽 G25 11⧸16 15_00 桃園雲豹飛將 vs 台鋼天鷹_set1,30,930.765,937.969,931.265,937.469
【LIVE】𝗙𝗨𝗟𝗟 𝗠𝗔𝗧𝗖𝗛｜TPVL  2025-26 例行賽 G25 11⧸16 15_00 桃園雲豹飛將 vs 台鋼天鷹_set1,31,965.366,969.734,965.866,969.234
【LIVE】𝗙𝗨𝗟𝗟 𝗠𝗔𝗧𝗖𝗛｜TPVL  2025-26 例行賽 G25 11⧸16 15_00 桃園雲豹飛將 vs 台鋼天鷹_set1,32,991.559,1002.5,992.059,1002.0
【LIVE】𝗙𝗨𝗟𝗟 𝗠𝗔𝗧𝗖𝗛｜TPVL  2025-26 例行賽 G25 11⧸16 15_00 桃園雲豹飛將 vs 台鋼天鷹_set1,33,1030.965,1034.982,1031.465,1034.482
【LIVE】𝗙𝗨𝗟𝗟 𝗠𝗔𝗧𝗖𝗛｜TPVL  2025-26 例行賽 G25 11⧸16 15_00 桃園雲豹飛將 vs 台鋼天鷹_set1,34,1099.1,1106.671,1099.6,1106.171
【LIVE】𝗙𝗨𝗟𝗟 𝗠𝗔𝗧𝗖𝗛｜TPVL  2025-26 例行賽 G25 11⧸16 15_00 桃園雲豹飛將 vs 台鋼天鷹_set1,35,1130.564,1137.702,1131.064,1137.202
【LIVE】𝗙𝗨𝗟𝗟 𝗠𝗔𝗧𝗖𝗛｜TPVL  2025-26 例行賽 G25 11⧸16 15_00 桃園雲豹飛將 vs 台鋼天鷹_set1,36,1157.958,1168.533,1158.458,1168.033
【LIVE】𝗙𝗨𝗟𝗟 𝗠𝗔𝗧𝗖𝗛｜TPVL  2025-26 例行賽 G25 11⧸16 15_00 桃園雲豹飛將 vs 台鋼天鷹_set1,37,1243.544,1247.428,1244.044,1246.928
【LIVE】𝗙𝗨𝗟𝗟 𝗠𝗔𝗧𝗖𝗛｜TPVL  2025-26 例行賽 G25 11⧸16 15_00 桃園雲豹飛將 vs 台鋼天鷹_set1,38,1267.635,1284.415,1268.135,1283.915
【LIVE】𝗙𝗨𝗟𝗟 𝗠𝗔𝗧𝗖𝗛｜TPVL  2025-26 例行賽 G25 11⧸16 15_00 桃園雲豹飛將 vs 台鋼天鷹_set1,39,1308.993,1316.03,1309.493,1315.53
【LIVE】𝗙𝗨𝗟𝗟 𝗠𝗔𝗧𝗖𝗛｜TPVL  2025-26 例行賽 G25 11⧸16 15_00 桃園雲豹飛將 vs 台鋼天鷹_set1,40,1355.456,1359.757,1355.956,1359.257
【LIVE】𝗙𝗨𝗟𝗟 𝗠𝗔𝗧𝗖𝗛｜TPVL  2025-26 例行賽 G25 11⧸16 15_00 桃園雲豹飛將 vs 台鋼天鷹_set1,41,1431.031,1443.107,1431.531,1442.607
【LIVE】𝗙𝗨𝗟𝗟 𝗠𝗔𝗧𝗖𝗛｜TPVL  2025-26 例行賽 G25 11⧸16 15_00 桃園雲豹飛將 vs 台鋼天鷹_set1,42,1475.709,1484.181,1476.209,1483.681
【LIVE】𝗙𝗨𝗟𝗟 𝗠𝗔𝗧𝗖𝗛｜TPVL  2025-26 例行賽 G25 11⧸16 15_00 桃園雲豹飛將 vs 台鋼天鷹_set1,43,1505.739,1523.587,1506.239,1523.087
【LIVE】𝗙𝗨𝗟𝗟 𝗠𝗔𝗧𝗖𝗛｜TPVL  2025-26 例行賽 G25 11⧸16 15_00 桃園雲豹飛將 vs 台鋼天鷹_set1,44,1812.312,1819.299,1812.812,1818.799
【LIVE】𝗙𝗨𝗟𝗟 𝗠𝗔𝗧𝗖𝗛｜TPVL  2025-26 例行賽 G25 11⧸16 15_00 桃園雲豹飛將 vs 台鋼天鷹_set1,45,1836.937,1843.74,1837.437,1843.24
【LIVE】𝗙𝗨𝗟𝗟 𝗠𝗔𝗧𝗖𝗛｜TPVL  2025-26 例行賽 G26 11⧸16 18_30 臺中連莊 vs 臺北伊斯特_set1,1,3.138,15.914,3.638,15.414
【LIVE】𝗙𝗨𝗟𝗟 𝗠𝗔𝗧𝗖𝗛｜TPVL  2025-26 例行賽 G26 11⧸16 18_30 臺中連莊 vs 臺北伊斯特_set1,2,34.82,46.178,35.32,45.678
【LIVE】𝗙𝗨𝗟𝗟 𝗠𝗔𝗧𝗖𝗛｜TPVL  2025-26 例行賽 G26 11⧸16 18_30 臺中連莊 vs 臺北伊斯特_set1,3,67.252,74.923,67.752,74.423
【LIVE】𝗙𝗨𝗟𝗟 𝗠𝗔𝗧𝗖𝗛｜TPVL  2025-26 例行賽 G26 11⧸16 18_30 臺中連莊 vs 臺北伊斯特_set1,4,98.366,104.953,98.866,104.453
【LIVE】𝗙𝗨𝗟𝗟 𝗠𝗔𝗧𝗖𝗛｜TPVL  2025-26 例行賽 G26 11⧸16 18_30 臺中連莊 vs 臺北伊斯特_set1,5,123.291,148.797,123.791,148.297
【LIVE】𝗙𝗨𝗟𝗟 𝗠𝗔𝗧𝗖𝗛｜TPVL  2025-26 例行賽 G26 11⧸16 18_30 臺中連莊 vs 臺北伊斯特_set1,6,254.906,261.426,255.406,260.926
【LIVE】𝗙𝗨𝗟𝗟 𝗠𝗔𝗧𝗖𝗛｜TPVL  2025-26 例行賽 G26 11⧸16 18_30 臺中連莊 vs 臺北伊斯特_set1,7,278.53,284.616,279.03,284.116
【LIVE】𝗙𝗨𝗟𝗟 𝗠𝗔𝗧𝗖𝗛｜TPVL  2025-26 例行賽 G26 11⧸16 18_30 臺中連莊 vs 臺北伊斯特_set1,8,304.923,311.843,305.423,311.343
【LIVE】𝗙𝗨𝗟𝗟 𝗠𝗔𝗧𝗖𝗛｜TPVL  2025-26 例行賽 G26 11⧸16 18_30 臺中連莊 vs 臺北伊斯特_set1,9,335.737,344.493,336.237,343.993
【LIVE】𝗙𝗨𝗟𝗟 𝗠𝗔𝗧𝗖𝗛｜TPVL  2025-26 例行賽 G26 11⧸16 18_30 臺中連莊 vs 臺北伊斯特_set1,10,362.931,370.485,363.431,369.985
【LIVE】𝗙𝗨𝗟𝗟 𝗠𝗔𝗧𝗖𝗛｜TPVL  2025-26 例行賽 G26 11⧸16 18_30 臺中連莊 vs 臺北伊斯特_set1,11,398.9,403.201,399.4,402.701
【LIVE】𝗙𝗨𝗟𝗟 𝗠𝗔𝗧𝗖𝗛｜TPVL  2025-26 例行賽 G26 11⧸16 18_30 臺中連莊 vs 臺北伊斯特_set1,12,420.688,427.909,421.188,427.409
【LIVE】𝗙𝗨𝗟𝗟 𝗠𝗔𝗧𝗖𝗛｜TPVL  2025-26 例行賽 G26 11⧸16 18_30 臺中連莊 vs 臺北伊斯特_set1,13,448.817,457.189,449.317,456.689
【LIVE】𝗙𝗨𝗟𝗟 𝗠𝗔𝗧𝗖𝗛｜TPVL  2025-26 例行賽 G26 11⧸16 18_30 臺中連莊 vs 臺北伊斯特_set1,14,478.48,485.483,478.98,484.983
【LIVE】𝗙𝗨𝗟𝗟 𝗠𝗔𝗧𝗖𝗛｜TPVL  2025-26 例行賽 G26 11⧸16 18_30 臺中連莊 vs 臺北伊斯特_set1,15,508.626,515.73,509.126,515.23
【LIVE】𝗙𝗨𝗟𝗟 𝗠𝗔𝗧𝗖𝗛｜TPVL  2025-26 例行賽 G26 11⧸16 18_30 臺中連莊 vs 臺北伊斯特_set1,16,536.237,543.825,536.737,543.325
【LIVE】𝗙𝗨𝗟𝗟 𝗠𝗔𝗧𝗖𝗛｜TPVL  2025-26 例行賽 G26 11⧸16 18_30 臺中連莊 vs 臺北伊斯特_set1,17,560.728,569.0,561.228,567.266
【LIVE】𝗙𝗨𝗟𝗟 𝗠𝗔𝗧𝗖𝗛｜TPVL  2025-26 例行賽 G26 11⧸16 18_30 臺中連莊 vs 臺北伊斯特_set1,18,590.858,597.762,591.358,597.262
【LIVE】𝗙𝗨𝗟𝗟 𝗠𝗔𝗧𝗖𝗛｜TPVL  2025-26 例行賽 G26 11⧸16 18_30 臺中連莊 vs 臺北伊斯特_set1,19,616.784,629.21,617.284,628.71
【LIVE】𝗙𝗨𝗟𝗟 𝗠𝗔𝗧𝗖𝗛｜TPVL  2025-26 例行賽 G26 11⧸16 18_30 臺中連莊 vs 臺北伊斯特_set1,20,650.902,668.083,651.402,667.583
【LIVE】𝗙𝗨𝗟𝗟 𝗠𝗔𝗧𝗖𝗛｜TPVL  2025-26 例行賽 G26 11⧸16 18_30 臺中連莊 vs 臺北伊斯特_set1,21,691.192,702.283,691.692,701.783
【LIVE】𝗙𝗨𝗟𝗟 𝗠𝗔𝗧𝗖𝗛｜TPVL  2025-26 例行賽 G26 11⧸16 18_30 臺中連莊 vs 臺北伊斯特_set1,22,723.224,730.178,723.724,729.678
【LIVE】𝗙𝗨𝗟𝗟 𝗠𝗔𝗧𝗖𝗛｜TPVL  2025-26 例行賽 G26 11⧸16 18_30 臺中連莊 vs 臺北伊斯特_set1,23,753.688,761.726,754.188,761.226
【LIVE】𝗙𝗨𝗟𝗟 𝗠𝗔𝗧𝗖𝗛｜TPVL  2025-26 例行賽 G26 11⧸16 18_30 臺中連莊 vs 臺北伊斯特_set1,24,784.585,791.222,785.085,790.722
【LIVE】𝗙𝗨𝗟𝗟 𝗠𝗔𝗧𝗖𝗛｜TPVL  2025-26 例行賽 G26 11⧸16 18_30 臺中連莊 vs 臺北伊斯特_set1,25,810.578,814.312,811.078,813.812
【LIVE】𝗙𝗨𝗟𝗟 𝗠𝗔𝗧𝗖𝗛｜TPVL  2025-26 例行賽 G26 11⧸16 18_30 臺中連莊 vs 臺北伊斯特_set1,26,898.065,909.474,898.565,908.974
【LIVE】𝗙𝗨𝗟𝗟 𝗠𝗔𝗧𝗖𝗛｜TPVL  2025-26 例行賽 G26 11⧸16 18_30 臺中連莊 vs 臺北伊斯特_set1,27,942.476,948.029,942.976,947.529
【LIVE】𝗙𝗨𝗟𝗟 𝗠𝗔𝗧𝗖𝗛｜TPVL  2025-26 例行賽 G26 11⧸16 18_30 臺中連莊 vs 臺北伊斯特_set1,28,969.72,973.488,970.22,972.988
【LIVE】𝗙𝗨𝗟𝗟 𝗠𝗔𝗧𝗖𝗛｜TPVL  2025-26 例行賽 G26 11⧸16 18_30 臺中連莊 vs 臺北伊斯特_set1,29,993.894,1004.268,994.394,1003.768
【LIVE】𝗙𝗨𝗟𝗟 𝗠𝗔𝗧𝗖𝗛｜TPVL  2025-26 例行賽 G26 11⧸16 18_30 臺中連莊 vs 臺北伊斯特_set1,30,1027.661,1031.429,1028.161,1030.929
【LIVE】𝗙𝗨𝗟𝗟 𝗠𝗔𝗧𝗖𝗛｜TPVL  2025-26 例行賽 G26 11⧸16 18_30 臺中連莊 vs 臺北伊斯特_set1,31,1050.017,1054.152,1050.517,1053.652
【LIVE】𝗙𝗨𝗟𝗟 𝗠𝗔𝗧𝗖𝗛｜TPVL  2025-26 例行賽 G26 11⧸16 18_30 臺中連莊 vs 臺北伊斯特_set1,32,1073.407,1080.461,1073.924,1079.961
【LIVE】𝗙𝗨𝗟𝗟 𝗠𝗔𝗧𝗖𝗛｜TPVL  2025-26 例行賽 G26 11⧸16 18_30 臺中連莊 vs 臺北伊斯特_set1,33,1102.987,1114.278,1103.487,1113.778
【LIVE】𝗙𝗨𝗟𝗟 𝗠𝗔𝗧𝗖𝗛｜TPVL  2025-26 例行賽 G26 11⧸16 18_30 臺中連莊 vs 臺北伊斯特_set1,34,1135.886,1156.554,1136.386,1156.054
【LIVE】𝗙𝗨𝗟𝗟 𝗠𝗔𝗧𝗖𝗛｜TPVL  2025-26 例行賽 G26 11⧸16 18_30 臺中連莊 vs 臺北伊斯特_set1,35,1234.818,1242.006,1235.318,1241.506
【LIVE】𝗙𝗨𝗟𝗟 𝗠𝗔𝗧𝗖𝗛｜TPVL  2025-26 例行賽 G26 11⧸16 18_30 臺中連莊 vs 臺北伊斯特_set1,36,1267.134,1273.671,1267.634,1273.171
【LIVE】𝗙𝗨𝗟𝗟 𝗠𝗔𝗧𝗖𝗛｜TPVL  2025-26 例行賽 G26 11⧸16 18_30 臺中連莊 vs 臺北伊斯特_set1,37,1294.061,1304.769,1294.561,1304.269
【LIVE】𝗙𝗨𝗟𝗟 𝗠𝗔𝗧𝗖𝗛｜TPVL  2025-26 例行賽 G26 11⧸16 18_30 臺中連莊 vs 臺北伊斯特_set1,38,1393.66,1402.049,1394.16,1401.549
【LIVE】𝗙𝗨𝗟𝗟 𝗠𝗔𝗧𝗖𝗛｜TPVL  2025-26 例行賽 G26 11⧸16 18_30 臺中連莊 vs 臺北伊斯特_set1,39,1422.489,1430.244,1422.989,1429.744
【LIVE】𝗙𝗨𝗟𝗟 𝗠𝗔𝗧𝗖𝗛｜TPVL  2025-26 例行賽 G26 11⧸16 18_30 臺中連莊 vs 臺北伊斯特_set1,40,1446.447,1461.392,1446.947,1460.892
【LIVE】𝗙𝗨𝗟𝗟 𝗠𝗔𝗧𝗖𝗛｜TPVL  2025-26 例行賽 G26 11⧸16 18_30 臺中連莊 vs 臺北伊斯特_set1,41,1484.318,1491.772,1484.818,1491.272
【LIVE】𝗙𝗨𝗟𝗟 𝗠𝗔𝗧𝗖𝗛｜TPVL  2025-26 例行賽 G26 11⧸16 18_30 臺中連莊 vs 臺北伊斯特_set1,42,1511.411,1518.215,1511.911,1517.715
【LIVE】𝗙𝗨𝗟𝗟 𝗠𝗔𝗧𝗖𝗛｜TPVL  2025-26 例行賽 G26 11⧸16 18_30 臺中連莊 vs 臺北伊斯特_set1,43,1537.688,1545.359,1538.171,1544.859
【LIVE】𝗙𝗨𝗟𝗟 𝗠𝗔𝗧𝗖𝗛｜TPVL  2025-26 例行賽 G26 11⧸16 18_30 臺中連莊 vs 臺北伊斯特_set1,44,1565.549,1573.487,1566.049,1572.987
【LIVE】𝗙𝗨𝗟𝗟 𝗠𝗔𝗧𝗖𝗛｜TPVL  2025-26 例行賽 G26 11⧸16 18_30 臺中連莊 vs 臺北伊斯特_set1,45,1594.761,1602.283,1595.261,1601.783
【LIVE】𝗙𝗨𝗟𝗟 𝗠𝗔𝗧𝗖𝗛｜TPVL  2025-26 例行賽 G26 11⧸16 18_30 臺中連莊 vs 臺北伊斯特_set1,46,1632.632,1645.642,1633.132,1645.142
【LIVE】𝗙𝗨𝗟𝗟 𝗠𝗔𝗧𝗖𝗛｜TPVL  2025-26 例行賽 G26 11⧸16 18_30 臺中連莊 vs 臺北伊斯特_set1,47,1667.034,1679.209,1667.534,1678.709
【LIVE】𝗙𝗨𝗟𝗟 𝗠𝗔𝗧𝗖𝗛｜TPVL  2025-26 例行賽 G26 11⧸16 18_30 臺中連莊 vs 臺北伊斯特_set1,48,1812.262,1818.882,1812.762,1818.382
【LIVE】𝗙𝗨𝗟𝗟 𝗠𝗔𝗧𝗖𝗛｜TPVL  2025-26 例行賽 G26 11⧸16 18_30 臺中連莊 vs 臺北伊斯特_set1,49,1847.047,1854.051,1847.547,1853.551
【LIVE】𝗙𝗨𝗟𝗟 𝗠𝗔𝗧𝗖𝗛｜TPVL  2025-26 例行賽 G26 11⧸16 18_30 臺中連莊 vs 臺北伊斯特_set1,50,1881.114,1884.915,1881.614,1884.415
【LIVE】𝗙𝗨𝗟𝗟 𝗠𝗔𝗧𝗖𝗛｜TPVL  2025-26 例行賽 G26 11⧸16 18_30 臺中連莊 vs 臺北伊斯特_set1,51,1908.842,1919.499,1909.342,1918.999
【LIVE】𝗙𝗨𝗟𝗟 𝗠𝗔𝗧𝗖𝗛｜TPVL  2025-26 例行賽 G26 11⧸16 18_30 臺中連莊 vs 臺北伊斯特_set1,52,1943.944,1951.164,1944.444,1950.664
【LIVE】𝗙𝗨𝗟𝗟 𝗠𝗔𝗧𝗖𝗛｜TPVL  2025-26 例行賽 G26 11⧸16 18_30 臺中連莊 vs 臺北伊斯特_set1,53,1988.571,2002.833,1989.071,2002.333
【LIVE】𝗙𝗨𝗟𝗟 𝗠𝗔𝗧𝗖𝗛｜TPVL  2025-26 例行賽 G26 11⧸16 18_30 臺中連莊 vs 臺北伊斯特_set1,54,2030.38,2037.434,2030.88,2036.934
【LIVE】𝗙𝗨𝗟𝗟 𝗠𝗔𝗧𝗖𝗛｜TPVL  2025-26 例行賽 G26 11⧸16 18_30 臺中連莊 vs 臺北伊斯特_set1,55,2065.832,2077.023,2066.332,2076.523
【LIVE】𝗙𝗨𝗟𝗟 𝗠𝗔𝗧𝗖𝗛｜TPVL  2025-26 例行賽 G26 11⧸16 18_30 臺中連莊 vs 臺北伊斯特_set1,56,2099.099,2105.769,2099.599,2105.269
【LIVE】𝗙𝗨𝗟𝗟 𝗠𝗔𝗧𝗖𝗛｜TPVL  2025-26 例行賽 G26 11⧸16 18_30 臺中連莊 vs 臺北伊斯特_set1,57,2129.863,2139.836,2130.363,2139.336
【LIVE】𝗙𝗨𝗟𝗟 𝗠𝗔𝗧𝗖𝗛｜TPVL  2025-26 例行賽 G26 11⧸16 18_30 臺中連莊 vs 臺北伊斯特_set1,58,2171.504,2178.225,2172.004,2178.876
【LIVE】𝗙𝗨𝗟𝗟 𝗠𝗔𝗧𝗖𝗛｜TPVL  2025-26 例行賽 G26 11⧸16 18_30 臺中連莊 vs 臺北伊斯特_set1,59,2195.662,2221.651,2196.162,2221.151
【LIVE】𝗙𝗨𝗟𝗟 𝗠𝗔𝗧𝗖𝗛｜TPVL  2025-26 例行賽 G26 11⧸16 18_30 臺中連莊 vs 臺北伊斯特_set1,60,2245.979,2250.347,2246.479,2249.847
【LIVE】𝗙𝗨𝗟𝗟 𝗠𝗔𝗧𝗖𝗛｜TPVL  2025-26 例行賽 G26 11⧸16 18_30 臺中連莊 vs 臺北伊斯特_set1,61,2323.456,2330.61,2323.956,2330.11
【LIVE】𝗙𝗨𝗟𝗟 𝗠𝗔𝗧𝗖𝗛｜TPVL  2025-26 例行賽 G26 11⧸16 18_30 臺中連莊 vs 臺北伊斯特_set1,62,2353.419,2360.256,2353.919,2359.756
【LIVE】𝗙𝗨𝗟𝗟 𝗠𝗔𝗧𝗖𝗛｜TPVL  2025-26 例行賽 G26 11⧸16 18_30 臺中連莊 vs 臺北伊斯特_set1,63,2380.113,2387.25,2380.629,2386.75
【LIVE】𝗙𝗨𝗟𝗟 𝗠𝗔𝗧𝗖𝗛｜TPVL  2025-26 例行賽 G26 11⧸16 18_30 臺中連莊 vs 臺北伊斯特_set1,64,2414.797,2431.661,2415.297,2431.161
【LIVE】𝗙𝗨𝗟𝗟 𝗠𝗔𝗧𝗖𝗛｜TPVL  2025-26 例行賽 G26 11⧸16 18_30 臺中連莊 vs 臺北伊斯特_set1,65,2458.541,2465.778,2459.041,2465.278
【LIVE】𝗙𝗨𝗟𝗟 𝗠𝗔𝗧𝗖𝗛｜TPVL  2025-26 例行賽 G26 11⧸16 18_30 臺中連莊 vs 臺北伊斯特_set1,66,2490.089,2504.05,2490.589,2503.55
【LIVE】𝗙𝗨𝗟𝗟 𝗠𝗔𝗧𝗖𝗛｜TPVL  2025-26 例行賽 G26 11⧸16 18_30 臺中連莊 vs 臺北伊斯特_set1,67,2634.817,2641.888,2635.317,2641.388
【LIVE】𝗙𝗨𝗟𝗟 𝗠𝗔𝗧𝗖𝗛｜TPVL  2025-26 例行賽 G26 11⧸16 18_30 臺中連莊 vs 臺北伊斯特_set1,68,2669.101,2676.906,2669.601,2676.406
【LIVE】𝗙𝗨𝗟𝗟 𝗠𝗔𝗧𝗖𝗛｜TPVL  2025-26 例行賽 G26 11⧸16 18_30 臺中連莊 vs 臺北伊斯特_set1,69,2705.905,2713.076,2706.405,2712.576
【LIVE】𝗙𝗨𝗟𝗟 𝗠𝗔𝗧𝗖𝗛｜TPVL  2025-26 例行賽 G26 11⧸16 18_30 臺中連莊 vs 臺北伊斯特_set1,70,2737.153,2744.273,2737.653,2743.773
【LIVE】𝗙𝗨𝗟𝗟 𝗠𝗔𝗧𝗖𝗛｜TPVL  2025-26 例行賽 G26 11⧸16 18_30 臺中連莊 vs 臺北伊斯特_set1,71,2769.368,2778.791,2769.851,2778.291
【LIVE】𝗙𝗨𝗟𝗟 𝗠𝗔𝗧𝗖𝗛｜TPVL  2025-26 例行賽 G26 11⧸16 18_30 臺中連莊 vs 臺北伊斯特_set1,72,2802.902,2809.555,2803.402,2809.055
【LIVE】𝗙𝗨𝗟𝗟 𝗠𝗔𝗧𝗖𝗛｜TPVL  2025-26 例行賽 G27 11⧸22 15_00 桃園雲豹飛將 vs 台中連莊_set1,1,0.902,5.387,1.402,4.887
【LIVE】𝗙𝗨𝗟𝗟 𝗠𝗔𝗧𝗖𝗛｜TPVL  2025-26 例行賽 G27 11⧸22 15_00 桃園雲豹飛將 vs 台中連莊_set1,2,22.424,31.03,22.924,30.53
【LIVE】𝗙𝗨𝗟𝗟 𝗠𝗔𝗧𝗖𝗛｜TPVL  2025-26 例行賽 G27 11⧸22 15_00 桃園雲豹飛將 vs 台中連莊_set1,3,50.952,60.225,51.452,59.725
【LIVE】𝗙𝗨𝗟𝗟 𝗠𝗔𝗧𝗖𝗛｜TPVL  2025-26 例行賽 G27 11⧸22 15_00 桃園雲豹飛將 vs 台中連莊_set1,4,75.393,81.28,75.893,80.78
【LIVE】𝗙𝗨𝗟𝗟 𝗠𝗔𝗧𝗖𝗛｜TPVL  2025-26 例行賽 G27 11⧸22 15_00 桃園雲豹飛將 vs 台中連莊_set1,5,99.601,107.406,100.101,106.906
【LIVE】𝗙𝗨𝗟𝗟 𝗠𝗔𝗧𝗖𝗛｜TPVL  2025-26 例行賽 G27 11⧸22 15_00 桃園雲豹飛將 vs 台中連莊_set1,6,123.575,129.878,124.075,129.378
【LIVE】𝗙𝗨𝗟𝗟 𝗠𝗔𝗧𝗖𝗛｜TPVL  2025-26 例行賽 G27 11⧸22 15_00 桃園雲豹飛將 vs 台中連莊_set1,7,188.323,197.796,188.823,197.296
【LIVE】𝗙𝗨𝗟𝗟 𝗠𝗔𝗧𝗖𝗛｜TPVL  2025-26 例行賽 G27 11⧸22 15_00 桃園雲豹飛將 vs 台中連莊_set1,8,219.421,226.225,219.921,225.725
【LIVE】𝗙𝗨𝗟𝗟 𝗠𝗔𝗧𝗖𝗛｜TPVL  2025-26 例行賽 G27 11⧸22 15_00 桃園雲豹飛將 vs 台中連莊_set1,9,242.177,252.134,242.677,251.634
【LIVE】𝗙𝗨𝗟𝗟 𝗠𝗔𝗧𝗖𝗛｜TPVL  2025-26 例行賽 G27 11⧸22 15_00 桃園雲豹飛將 vs 台中連莊_set1,10,269.771,280.846,270.271,280.346
【LIVE】𝗙𝗨𝗟𝗟 𝗠𝗔𝗧𝗖𝗛｜TPVL  2025-26 例行賽 G27 11⧸22 15_00 桃園雲豹飛將 vs 台中連莊_set1,11,298.249,310.742,298.749,310.242
【LIVE】𝗙𝗨𝗟𝗟 𝗠𝗔𝗧𝗖𝗛｜TPVL  2025-26 例行賽 G27 11⧸22 15_00 桃園雲豹飛將 vs 台中連莊_set1,12,332.0,355.02,332.5,354.52
【LIVE】𝗙𝗨𝗟𝗟 𝗠𝗔𝗧𝗖𝗛｜TPVL  2025-26 例行賽 G27 11⧸22 15_00 桃園雲豹飛將 vs 台中連莊_set1,13,373.975,402.567,374.475,402.067
【LIVE】𝗙𝗨𝗟𝗟 𝗠𝗔𝗧𝗖𝗛｜TPVL  2025-26 例行賽 G27 11⧸22 15_00 桃園雲豹飛將 vs 台中連莊_set1,14,431.616,435.484,432.116,434.984
【LIVE】𝗙𝗨𝗟𝗟 𝗠𝗔𝗧𝗖𝗛｜TPVL  2025-26 例行賽 G27 11⧸22 15_00 桃園雲豹飛將 vs 台中連莊_set1,15,453.988,460.992,454.488,460.492
【LIVE】𝗙𝗨𝗟𝗟 𝗠𝗔𝗧𝗖𝗛｜TPVL  2025-26 例行賽 G27 11⧸22 15_00 桃園雲豹飛將 vs 台中連莊_set1,16,478.546,506.304,479.046,505.804
【LIVE】𝗙𝗨𝗟𝗟 𝗠𝗔𝗧𝗖𝗛｜TPVL  2025-26 例行賽 G27 11⧸22 15_00 桃園雲豹飛將 vs 台中連莊_set1,17,523.091,529.377,523.591,528.877
【LIVE】𝗙𝗨𝗟𝗟 𝗠𝗔𝗧𝗖𝗛｜TPVL  2025-26 例行賽 G27 11⧸22 15_00 桃園雲豹飛將 vs 台中連莊_set1,18,549.284,554.686,549.784,554.186
【LIVE】𝗙𝗨𝗟𝗟 𝗠𝗔𝗧𝗖𝗛｜TPVL  2025-26 例行賽 G27 11⧸22 15_00 桃園雲豹飛將 vs 台中連莊_set1,19,573.441,577.459,573.941,576.959
【LIVE】𝗙𝗨𝗟𝗟 𝗠𝗔𝗧𝗖𝗛｜TPVL  2025-26 例行賽 G27 11⧸22 15_00 桃園雲豹飛將 vs 台中連莊_set1,20,592.36,599.731,592.843,599.231
【LIVE】𝗙𝗨𝗟𝗟 𝗠𝗔𝗧𝗖𝗛｜TPVL  2025-26 例行賽 G27 11⧸22 15_00 桃園雲豹飛將 vs 台中連莊_set1,21,621.389,628.893,621.889,628.393
【LIVE】𝗙𝗨𝗟𝗟 𝗠𝗔𝗧𝗖𝗛｜TPVL  2025-26 例行賽 G27 11⧸22 15_00 桃園雲豹飛將 vs 台中連莊_set1,22,647.598,654.302,648.098,653.802
【LIVE】𝗙𝗨𝗟𝗟 𝗠𝗔𝗧𝗖𝗛｜TPVL  2025-26 例行賽 G27 11⧸22 15_00 桃園雲豹飛將 vs 台中連莊_set1,23,673.174,681.079,673.674,680.579
【LIVE】𝗙𝗨𝗟𝗟 𝗠𝗔𝗧𝗖𝗛｜TPVL  2025-26 例行賽 G27 11⧸22 15_00 桃園雲豹飛將 vs 台中連莊_set1,24,700.702,707.505,701.202,707.005
【LIVE】𝗙𝗨𝗟𝗟 𝗠𝗔𝗧𝗖𝗛｜TPVL  2025-26 例行賽 G27 11⧸22 15_00 桃園雲豹飛將 vs 台中連莊_set1,25,726.127,733.331,726.627,732.831
【LIVE】𝗙𝗨𝗟𝗟 𝗠𝗔𝗧𝗖𝗛｜TPVL  2025-26 例行賽 G27 11⧸22 15_00 桃園雲豹飛將 vs 台中連莊_set1,26,752.253,758.273,752.753,757.773
【LIVE】𝗙𝗨𝗟𝗟 𝗠𝗔𝗧𝗖𝗛｜TPVL  2025-26 例行賽 G27 11⧸22 15_00 桃園雲豹飛將 vs 台中連莊_set1,27,775.877,783.047,776.377,782.547
【LIVE】𝗙𝗨𝗟𝗟 𝗠𝗔𝗧𝗖𝗛｜TPVL  2025-26 例行賽 G27 11⧸22 15_00 桃園雲豹飛將 vs 台中連莊_set1,28,801.068,807.272,801.568,806.772
【LIVE】𝗙𝗨𝗟𝗟 𝗠𝗔𝗧𝗖𝗛｜TPVL  2025-26 例行賽 G27 11⧸22 15_00 桃園雲豹飛將 vs 台中連莊_set1,29,826.327,833.781,826.827,833.281
【LIVE】𝗙𝗨𝗟𝗟 𝗠𝗔𝗧𝗖𝗛｜TPVL  2025-26 例行賽 G27 11⧸22 15_00 桃園雲豹飛將 vs 台中連莊_set1,30,852.687,856.421,853.187,855.921
【LIVE】𝗙𝗨𝗟𝗟 𝗠𝗔𝗧𝗖𝗛｜TPVL  2025-26 例行賽 G27 11⧸22 15_00 桃園雲豹飛將 vs 台中連莊_set1,31,882.383,886.301,882.883,885.801
【LIVE】𝗙𝗨𝗟𝗟 𝗠𝗔𝗧𝗖𝗛｜TPVL  2025-26 例行賽 G27 11⧸22 15_00 桃園雲豹飛將 vs 台中連莊_set1,32,905.556,912.46,906.056,911.96
【LIVE】𝗙𝗨𝗟𝗟 𝗠𝗔𝗧𝗖𝗛｜TPVL  2025-26 例行賽 G27 11⧸22 15_00 桃園雲豹飛將 vs 台中連莊_set1,33,1033.934,1042.623,1034.434,1042.123
【LIVE】𝗙𝗨𝗟𝗟 𝗠𝗔𝗧𝗖𝗛｜TPVL  2025-26 例行賽 G27 11⧸22 15_00 桃園雲豹飛將 vs 台中連莊_set1,34,1061.162,1068.683,1061.662,1068.183
【LIVE】𝗙𝗨𝗟𝗟 𝗠𝗔𝗧𝗖𝗛｜TPVL  2025-26 例行賽 G27 11⧸22 15_00 桃園雲豹飛將 vs 台中連莊_set1,35,1086.387,1091.489,1086.887,1090.989
【LIVE】𝗙𝗨𝗟𝗟 𝗠𝗔𝗧𝗖𝗛｜TPVL  2025-26 例行賽 G27 11⧸22 15_00 桃園雲豹飛將 vs 台中連莊_set1,36,1153.187,1165.096,1153.687,1164.596
【LIVE】𝗙𝗨𝗟𝗟 𝗠𝗔𝗧𝗖𝗛｜TPVL  2025-26 例行賽 G27 11⧸22 15_00 桃園雲豹飛將 vs 台中連莊_set1,37,1183.05,1189.337,1183.55,1188.837
【LIVE】𝗙𝗨𝗟𝗟 𝗠𝗔𝗧𝗖𝗛｜TPVL  2025-26 例行賽 G27 11⧸22 15_00 桃園雲豹飛將 vs 台中連莊_set1,38,1213.681,1229.794,1214.181,1229.294
【LIVE】𝗙𝗨𝗟𝗟 𝗠𝗔𝗧𝗖𝗛｜TPVL  2025-26 例行賽 G27 11⧸22 15_00 桃園雲豹飛將 vs 台中連莊_set1,39,1251.318,1258.439,1251.818,1257.939
【LIVE】𝗙𝗨𝗟𝗟 𝗠𝗔𝗧𝗖𝗛｜TPVL  2025-26 例行賽 G27 11⧸22 15_00 桃園雲豹飛將 vs 台中連莊_set1,40,1275.693,1286.017,1276.193,1285.517
【LIVE】𝗙𝗨𝗟𝗟 𝗠𝗔𝗧𝗖𝗛｜TPVL  2025-26 例行賽 G28 11⧸22 18_30 臺北伊斯特 vs 台鋼天鷹_set1,1,9.361,20.018,9.861,19.518
【LIVE】𝗙𝗨𝗟𝗟 𝗠𝗔𝗧𝗖𝗛｜TPVL  2025-26 例行賽 G28 11⧸22 18_30 臺北伊斯特 vs 台鋼天鷹_set1,2,40.008,47.346,40.508,46.846
【LIVE】𝗙𝗨𝗟𝗟 𝗠𝗔𝗧𝗖𝗛｜TPVL  2025-26 例行賽 G28 11⧸22 18_30 臺北伊斯特 vs 台鋼天鷹_set1,3,66.968,75.407,67.468,74.907
【LIVE】𝗙𝗨𝗟𝗟 𝗠𝗔𝗧𝗖𝗛｜TPVL  2025-26 例行賽 G28 11⧸22 18_30 臺北伊斯特 vs 台鋼天鷹_set1,4,92.711,96.578,93.211,96.078
【LIVE】𝗙𝗨𝗟𝗟 𝗠𝗔𝗧𝗖𝗛｜TPVL  2025-26 例行賽 G28 11⧸22 18_30 臺北伊斯特 vs 台鋼天鷹_set1,5,115.467,119.368,115.967,118.868
【LIVE】𝗙𝗨𝗟𝗟 𝗠𝗔𝗧𝗖𝗛｜TPVL  2025-26 例行賽 G28 11⧸22 18_30 臺北伊斯特 vs 台鋼天鷹_set1,6,142.26,150.048,142.76,149.548
【LIVE】𝗙𝗨𝗟𝗟 𝗠𝗔𝗧𝗖𝗛｜TPVL  2025-26 例行賽 G28 11⧸22 18_30 臺北伊斯特 vs 台鋼天鷹_set1,7,169.821,176.608,170.321,176.108
【LIVE】𝗙𝗨𝗟𝗟 𝗠𝗔𝗧𝗖𝗛｜TPVL  2025-26 例行賽 G28 11⧸22 18_30 臺北伊斯特 vs 台鋼天鷹_set1,8,195.747,202.868,196.247,202.368
【LIVE】𝗙𝗨𝗟𝗟 𝗠𝗔𝗧𝗖𝗛｜TPVL  2025-26 例行賽 G28 11⧸22 18_30 臺北伊斯特 vs 台鋼天鷹_set1,9,223.942,233.015,224.442,232.515
【LIVE】𝗙𝗨𝗟𝗟 𝗠𝗔𝗧𝗖𝗛｜TPVL  2025-26 例行賽 G28 11⧸22 18_30 臺北伊斯特 vs 台鋼天鷹_set1,10,256.224,271.703,256.724,271.203
【LIVE】𝗙𝗨𝗟𝗟 𝗠𝗔𝗧𝗖𝗛｜TPVL  2025-26 例行賽 G28 11⧸22 18_30 臺北伊斯特 vs 台鋼天鷹_set1,11,291.643,297.796,292.143,297.296
【LIVE】𝗙𝗨𝗟𝗟 𝗠𝗔𝗧𝗖𝗛｜TPVL  2025-26 例行賽 G28 11⧸22 18_30 臺北伊斯特 vs 台鋼天鷹_set1,12,315.867,321.269,316.367,320.769
【LIVE】𝗙𝗨𝗟𝗟 𝗠𝗔𝗧𝗖𝗛｜TPVL  2025-26 例行賽 G28 11⧸22 18_30 臺北伊斯特 vs 台鋼天鷹_set1,13,337.655,341.49,338.155,340.99
【LIVE】𝗙𝗨𝗟𝗟 𝗠𝗔𝗧𝗖𝗛｜TPVL  2025-26 例行賽 G28 11⧸22 18_30 臺北伊斯特 vs 台鋼天鷹_set1,14,357.792,365.38,358.292,364.88
【LIVE】𝗙𝗨𝗟𝗟 𝗠𝗔𝗧𝗖𝗛｜TPVL  2025-26 例行賽 G28 11⧸22 18_30 臺北伊斯特 vs 台鋼天鷹_set1,15,381.149,395.043,381.649,394.543
【LIVE】𝗙𝗨𝗟𝗟 𝗠𝗔𝗧𝗖𝗛｜TPVL  2025-26 例行賽 G28 11⧸22 18_30 臺北伊斯特 vs 台鋼天鷹_set1,16,415.4,422.587,415.9,422.087
【LIVE】𝗙𝗨𝗟𝗟 𝗠𝗔𝗧𝗖𝗛｜TPVL  2025-26 例行賽 G28 11⧸22 18_30 臺北伊斯特 vs 台鋼天鷹_set1,17,440.575,451.983,441.075,451.483
【LIVE】𝗙𝗨𝗟𝗟 𝗠𝗔𝗧𝗖𝗛｜TPVL  2025-26 例行賽 G28 11⧸22 18_30 臺北伊斯特 vs 台鋼天鷹_set1,18,509.277,514.079,509.777,513.579
【LIVE】𝗙𝗨𝗟𝗟 𝗠𝗔𝗧𝗖𝗛｜TPVL  2025-26 例行賽 G28 11⧸22 18_30 臺北伊斯特 vs 台鋼天鷹_set1,19,531.449,539.571,531.949,539.071
【LIVE】𝗙𝗨𝗟𝗟 𝗠𝗔𝗧𝗖𝗛｜TPVL  2025-26 例行賽 G28 11⧸22 18_30 臺北伊斯特 vs 台鋼天鷹_set1,20,556.608,560.909,557.108,560.409
【LIVE】𝗙𝗨𝗟𝗟 𝗠𝗔𝗧𝗖𝗛｜TPVL  2025-26 例行賽 G28 11⧸22 18_30 臺北伊斯特 vs 台鋼天鷹_set1,21,577.345,581.263,577.845,580.763
【LIVE】𝗙𝗨𝗟𝗟 𝗠𝗔𝗧𝗖𝗛｜TPVL  2025-26 例行賽 G28 11⧸22 18_30 臺北伊斯特 vs 台鋼天鷹_set1,22,597.315,604.402,597.815,603.902
【LIVE】𝗙𝗨𝗟𝗟 𝗠𝗔𝗧𝗖𝗛｜TPVL  2025-26 例行賽 G28 11⧸22 18_30 臺北伊斯特 vs 台鋼天鷹_set1,23,760.211,764.596,760.711,764.096
【LIVE】𝗙𝗨𝗟𝗟 𝗠𝗔𝗧𝗖𝗛｜TPVL  2025-26 例行賽 G28 11⧸22 18_30 臺北伊斯特 vs 台鋼天鷹_set1,24,784.852,796.177,785.352,795.677
【LIVE】𝗙𝗨𝗟𝗟 𝗠𝗔𝗧𝗖𝗛｜TPVL  2025-26 例行賽 G28 11⧸22 18_30 臺北伊斯特 vs 台鋼天鷹_set1,25,817.985,823.822,818.485,823.322
【LIVE】𝗙𝗨𝗟𝗟 𝗠𝗔𝗧𝗖𝗛｜TPVL  2025-26 例行賽 G28 11⧸22 18_30 臺北伊斯特 vs 台鋼天鷹_set1,26,840.558,854.536,841.058,854.036
【LIVE】𝗙𝗨𝗟𝗟 𝗠𝗔𝗧𝗖𝗛｜TPVL  2025-26 例行賽 G28 11⧸22 18_30 臺北伊斯特 vs 台鋼天鷹_set1,27,870.938,881.679,871.438,881.179
【LIVE】𝗙𝗨𝗟𝗟 𝗠𝗔𝗧𝗖𝗛｜TPVL  2025-26 例行賽 G28 11⧸22 18_30 臺北伊斯特 vs 台鋼天鷹_set1,28,947.415,955.003,947.915,954.503
【LIVE】𝗙𝗨𝗟𝗟 𝗠𝗔𝗧𝗖𝗛｜TPVL  2025-26 例行賽 G28 11⧸22 18_30 臺北伊斯特 vs 台鋼天鷹_set1,29,978.112,984.015,978.612,983.515
【LIVE】𝗙𝗨𝗟𝗟 𝗠𝗔𝗧𝗖𝗛｜TPVL  2025-26 例行賽 G28 11⧸22 18_30 臺北伊斯特 vs 台鋼天鷹_set1,30,1000.868,1018.216,1001.368,1017.716
【LIVE】𝗙𝗨𝗟𝗟 𝗠𝗔𝗧𝗖𝗛｜TPVL  2025-26 例行賽 G28 11⧸22 18_30 臺北伊斯特 vs 台鋼天鷹_set1,31,1036.971,1043.541,1037.471,1043.041
【LIVE】𝗙𝗨𝗟𝗟 𝗠𝗔𝗧𝗖𝗛｜TPVL  2025-26 例行賽 G28 11⧸22 18_30 臺北伊斯特 vs 台鋼天鷹_set1,32,1065.85,1073.788,1066.35,1073.288
【LIVE】𝗙𝗨𝗟𝗟 𝗠𝗔𝗧𝗖𝗛｜TPVL  2025-26 例行賽 G28 11⧸22 18_30 臺北伊斯特 vs 台鋼天鷹_set1,33,1092.293,1096.244,1092.793,1095.744
【LIVE】𝗙𝗨𝗟𝗟 𝗠𝗔𝗧𝗖𝗛｜TPVL  2025-26 例行賽 G28 11⧸22 18_30 臺北伊斯特 vs 台鋼天鷹_set1,34,1114.248,1124.105,1114.748,1123.605
【LIVE】𝗙𝗨𝗟𝗟 𝗠𝗔𝗧𝗖𝗛｜TPVL  2025-26 例行賽 G28 11⧸22 18_30 臺北伊斯特 vs 台鋼天鷹_set1,35,1145.546,1152.817,1146.046,1152.317
【LIVE】𝗙𝗨𝗟𝗟 𝗠𝗔𝗧𝗖𝗛｜TPVL  2025-26 例行賽 G28 11⧸22 18_30 臺北伊斯特 vs 台鋼天鷹_set1,36,1172.339,1185.066,1172.839,1184.566
【LIVE】𝗙𝗨𝗟𝗟 𝗠𝗔𝗧𝗖𝗛｜TPVL  2025-26 例行賽 G28 11⧸22 18_30 臺北伊斯特 vs 台鋼天鷹_set1,37,1205.372,1209.74,1205.872,1209.24
【LIVE】𝗙𝗨𝗟𝗟 𝗠𝗔𝗧𝗖𝗛｜TPVL  2025-26 例行賽 G28 11⧸22 18_30 臺北伊斯特 vs 台鋼天鷹_set1,38,1226.477,1233.481,1226.977,1232.981
【LIVE】𝗙𝗨𝗟𝗟 𝗠𝗔𝗧𝗖𝗛｜TPVL  2025-26 例行賽 G28 11⧸22 18_30 臺北伊斯特 vs 台鋼天鷹_set1,39,1254.705,1258.773,1255.205,1258.273
【LIVE】𝗙𝗨𝗟𝗟 𝗠𝗔𝗧𝗖𝗛｜TPVL  2025-26 例行賽 G28 11⧸22 18_30 臺北伊斯特 vs 台鋼天鷹_set1,40,1279.163,1283.731,1279.663,1283.231
【LIVE】𝗙𝗨𝗟𝗟 𝗠𝗔𝗧𝗖𝗛｜TPVL  2025-26 例行賽 G28 11⧸22 18_30 臺北伊斯特 vs 台鋼天鷹_set1,41,1299.7,1307.004,1300.2,1306.504
【LIVE】𝗙𝗨𝗟𝗟 𝗠𝗔𝗧𝗖𝗛｜TPVL  2025-26 例行賽 G28 11⧸22 18_30 臺北伊斯特 vs 台鋼天鷹_set1,42,1323.791,1331.262,1324.291,1330.762
【LIVE】𝗙𝗨𝗟𝗟 𝗠𝗔𝗧𝗖𝗛｜TPVL  2025-26 例行賽 G28 11⧸22 18_30 臺北伊斯特 vs 台鋼天鷹_set1,43,1360.127,1369.166,1360.627,1368.666
【LIVE】𝗙𝗨𝗟𝗟 𝗠𝗔𝗧𝗖𝗛｜TPVL  2025-26 例行賽 G28 11⧸22 18_30 臺北伊斯特 vs 台鋼天鷹_set1,44,1398.832,1414.545,1399.332,1414.062
【LIVE】𝗙𝗨𝗟𝗟 𝗠𝗔𝗧𝗖𝗛｜TPVL  2025-26 例行賽 G28 11⧸22 18_30 臺北伊斯特 vs 台鋼天鷹_set1,45,1435.335,1442.339,1435.835,1441.839
【LIVE】𝗙𝗨𝗟𝗟 𝗠𝗔𝗧𝗖𝗛｜TPVL  2025-26 例行賽 G28 11⧸22 18_30 臺北伊斯特 vs 台鋼天鷹_set1,46,1508.892,1516.096,1509.392,1515.596
【LIVE】𝗙𝗨𝗟𝗟 𝗠𝗔𝗧𝗖𝗛｜TPVL  2025-26 例行賽 G28 11⧸22 18_30 臺北伊斯特 vs 台鋼天鷹_set1,47,1551.184,1564.745,1551.684,1564.245
【LIVE】𝗙𝗨𝗟𝗟 𝗠𝗔𝗧𝗖𝗛｜TPVL  2025-26 例行賽 G29 11⧸23 15_00 臺北伊斯特 vs 台中連莊_set1,1,72.274,84.249,72.774,83.749
【LIVE】𝗙𝗨𝗟𝗟 𝗠𝗔𝗧𝗖𝗛｜TPVL  2025-26 例行賽 G29 11⧸23 15_00 臺北伊斯特 vs 台中連莊_set1,2,103.321,117.566,103.821,117.066
【LIVE】𝗙𝗨𝗟𝗟 𝗠𝗔𝗧𝗖𝗛｜TPVL  2025-26 例行賽 G29 11⧸23 15_00 臺北伊斯特 vs 台中連莊_set1,3,138.24,145.31,138.74,144.81
【LIVE】𝗙𝗨𝗟𝗟 𝗠𝗔𝗧𝗖𝗛｜TPVL  2025-26 例行賽 G29 11⧸23 15_00 臺北伊斯特 vs 台中連莊_set1,4,180.265,184.366,180.765,183.866
【LIVE】𝗙𝗨𝗟𝗟 𝗠𝗔𝗧𝗖𝗛｜TPVL  2025-26 例行賽 G29 11⧸23 15_00 臺北伊斯特 vs 台中連莊_set1,5,200.402,207.956,200.902,207.456
【LIVE】𝗙𝗨𝗟𝗟 𝗠𝗔𝗧𝗖𝗛｜TPVL  2025-26 例行賽 G29 11⧸23 15_00 臺北伊斯特 vs 台中連莊_set1,6,249.884,259.324,250.384,258.824
【LIVE】𝗙𝗨𝗟𝗟 𝗠𝗔𝗧𝗖𝗛｜TPVL  2025-26 例行賽 G29 11⧸23 15_00 臺北伊斯特 vs 台中連莊_set1,7,278.029,284.766,278.529,284.266
【LIVE】𝗙𝗨𝗟𝗟 𝗠𝗔𝗧𝗖𝗛｜TPVL  2025-26 例行賽 G29 11⧸23 15_00 臺北伊斯特 vs 台中連莊_set1,8,303.638,309.875,304.138,309.375
【LIVE】𝗙𝗨𝗟𝗟 𝗠𝗔𝗧𝗖𝗛｜TPVL  2025-26 例行賽 G29 11⧸23 15_00 臺北伊斯特 vs 台中連莊_set1,9,330.732,343.658,331.232,343.158
【LIVE】𝗙𝗨𝗟𝗟 𝗠𝗔𝗧𝗖𝗛｜TPVL  2025-26 例行賽 G29 11⧸23 15_00 臺北伊斯特 vs 台中連莊_set1,10,367.719,376.942,368.219,376.442
【LIVE】𝗙𝗨𝗟𝗟 𝗠𝗔𝗧𝗖𝗛｜TPVL  2025-26 例行賽 G29 11⧸23 15_00 臺北伊斯特 vs 台中連莊_set1,11,399.05,412.577,399.55,412.077
【LIVE】𝗙𝗨𝗟𝗟 𝗠𝗔𝗧𝗖𝗛｜TPVL  2025-26 例行賽 G29 11⧸23 15_00 臺北伊斯特 vs 台中連莊_set1,12,430.982,437.652,431.482,437.152
【LIVE】𝗙𝗨𝗟𝗟 𝗠𝗔𝗧𝗖𝗛｜TPVL  2025-26 例行賽 G29 11⧸23 15_00 臺北伊斯特 vs 台中連莊_set1,13,457.942,465.397,458.442,464.897
【LIVE】𝗙𝗨𝗟𝗟 𝗠𝗔𝗧𝗖𝗛｜TPVL  2025-26 例行賽 G29 11⧸23 15_00 臺北伊斯特 vs 台中連莊_set1,14,484.385,496.495,484.885,495.995
【LIVE】𝗙𝗨𝗟𝗟 𝗠𝗔𝗧𝗖𝗛｜TPVL  2025-26 例行賽 G29 11⧸23 15_00 臺北伊斯特 vs 台中連莊_set1,15,516.868,523.822,517.368,523.322
【LIVE】𝗙𝗨𝗟𝗟 𝗠𝗔𝗧𝗖𝗛｜TPVL  2025-26 例行賽 G29 11⧸23 15_00 臺北伊斯特 vs 台中連莊_set1,16,545.563,550.215,546.063,549.715
【LIVE】𝗙𝗨𝗟𝗟 𝗠𝗔𝗧𝗖𝗛｜TPVL  2025-26 例行賽 G29 11⧸23 15_00 臺北伊斯特 vs 台中連莊_set1,17,566.968,573.071,567.468,572.571
【LIVE】𝗙𝗨𝗟𝗟 𝗠𝗔𝗧𝗖𝗛｜TPVL  2025-26 例行賽 G29 11⧸23 15_00 臺北伊斯特 vs 台中連莊_set1,18,591.276,599.0,591.776,597.746
【LIVE】𝗙𝗨𝗟𝗟 𝗠𝗔𝗧𝗖𝗛｜TPVL  2025-26 例行賽 G29 11⧸23 15_00 臺北伊斯特 vs 台中連莊_set1,19,618.119,626.041,618.619,625.541
【LIVE】𝗙𝗨𝗟𝗟 𝗠𝗔𝗧𝗖𝗛｜TPVL  2025-26 例行賽 G29 11⧸23 15_00 臺北伊斯特 vs 台中連莊_set1,20,647.265,651.466,647.765,650.966
【LIVE】𝗙𝗨𝗟𝗟 𝗠𝗔𝗧𝗖𝗛｜TPVL  2025-26 例行賽 G29 11⧸23 15_00 臺北伊斯特 vs 台中連莊_set1,21,670.271,677.509,670.771,677.009
【LIVE】𝗙𝗨𝗟𝗟 𝗠𝗔𝗧𝗖𝗛｜TPVL  2025-26 例行賽 G29 11⧸23 15_00 臺北伊斯特 vs 台中連莊_set1,22,697.632,707.439,698.132,706.939
【LIVE】𝗙𝗨𝗟𝗟 𝗠𝗔𝗧𝗖𝗛｜TPVL  2025-26 例行賽 G29 11⧸23 15_00 臺北伊斯特 vs 台中連莊_set1,23,733.317,737.185,733.817,736.685
【LIVE】𝗙𝗨𝗟𝗟 𝗠𝗔𝗧𝗖𝗛｜TPVL  2025-26 例行賽 G29 11⧸23 15_00 臺北伊斯特 vs 台中連莊_set1,24,758.042,762.16,758.542,761.66
【LIVE】𝗙𝗨𝗟𝗟 𝗠𝗔𝗧𝗖𝗛｜TPVL  2025-26 例行賽 G29 11⧸23 15_00 臺北伊斯特 vs 台中連莊_set1,25,786.354,790.939,786.854,790.439
【LIVE】𝗙𝗨𝗟𝗟 𝗠𝗔𝗧𝗖𝗛｜TPVL  2025-26 例行賽 G29 11⧸23 15_00 臺北伊斯特 vs 台中連莊_set1,26,807.808,815.547,808.308,815.047
【LIVE】𝗙𝗨𝗟𝗟 𝗠𝗔𝗧𝗖𝗛｜TPVL  2025-26 例行賽 G29 11⧸23 15_00 臺北伊斯特 vs 台中連莊_set1,27,837.989,841.873,838.489,841.373
【LIVE】𝗙𝗨𝗟𝗟 𝗠𝗔𝗧𝗖𝗛｜TPVL  2025-26 例行賽 G29 11⧸23 15_00 臺北伊斯特 vs 台中連莊_set1,28,859.293,866.397,859.793,865.897
【LIVE】𝗙𝗨𝗟𝗟 𝗠𝗔𝗧𝗖𝗛｜TPVL  2025-26 例行賽 G29 11⧸23 15_00 臺北伊斯特 vs 台中連莊_set1,29,886.037,893.241,886.537,892.741
【LIVE】𝗙𝗨𝗟𝗟 𝗠𝗔𝗧𝗖𝗛｜TPVL  2025-26 例行賽 G29 11⧸23 15_00 臺北伊斯特 vs 台中連莊_set1,30,916.1,936.434,916.6,935.934
【LIVE】𝗙𝗨𝗟𝗟 𝗠𝗔𝗧𝗖𝗛｜TPVL  2025-26 例行賽 G29 11⧸23 15_00 臺北伊斯特 vs 台中連莊_set1,31,963.981,969.984,964.481,969.484
【LIVE】𝗙𝗨𝗟𝗟 𝗠𝗔𝗧𝗖𝗛｜TPVL  2025-26 例行賽 G29 11⧸23 15_00 臺北伊斯特 vs 台中連莊_set1,32,988.072,994.625,988.572,994.125
【LIVE】𝗙𝗨𝗟𝗟 𝗠𝗔𝗧𝗖𝗛｜TPVL  2025-26 例行賽 G29 11⧸23 15_00 臺北伊斯特 vs 台中連莊_set1,33,1014.982,1038.136,1015.482,1037.636
【LIVE】𝗙𝗨𝗟𝗟 𝗠𝗔𝗧𝗖𝗛｜TPVL  2025-26 例行賽 G29 11⧸23 15_00 臺北伊斯特 vs 台中連莊_set1,34,1061.145,1069.233,1061.645,1068.733
【LIVE】𝗙𝗨𝗟𝗟 𝗠𝗔𝗧𝗖𝗛｜TPVL  2025-26 例行賽 G29 11⧸23 15_00 臺北伊斯特 vs 台中連莊_set1,35,1089.44,1097.895,1089.94,1097.395
【LIVE】𝗙𝗨𝗟𝗟 𝗠𝗔𝗧𝗖𝗛｜TPVL  2025-26 例行賽 G29 11⧸23 15_00 臺北伊斯特 vs 台中連莊_set1,36,1119.887,1126.891,1120.387,1126.391
【LIVE】𝗙𝗨𝗟𝗟 𝗠𝗔𝗧𝗖𝗛｜TPVL  2025-26 例行賽 G29 11⧸23 15_00 臺北伊斯特 vs 台中連莊_set1,37,1147.398,1154.435,1147.898,1153.935
【LIVE】𝗙𝗨𝗟𝗟 𝗠𝗔𝗧𝗖𝗛｜TPVL  2025-26 例行賽 G29 11⧸23 15_00 臺北伊斯特 vs 台中連莊_set1,38,1176.911,1183.831,1177.411,1183.331
【LIVE】𝗙𝗨𝗟𝗟 𝗠𝗔𝗧𝗖𝗛｜TPVL  2025-26 例行賽 G29 11⧸23 15_00 臺北伊斯特 vs 台中連莊_set1,39,1207.174,1214.845,1207.674,1214.345
【LIVE】𝗙𝗨𝗟𝗟 𝗠𝗔𝗧𝗖𝗛｜TPVL  2025-26 例行賽 G29 11⧸23 15_00 臺北伊斯特 vs 台中連莊_set1,40,1239.74,1248.913,1240.24,1248.413
【LIVE】𝗙𝗨𝗟𝗟 𝗠𝗔𝗧𝗖𝗛｜TPVL  2025-26 例行賽 G29 11⧸23 15_00 臺北伊斯特 vs 台中連莊_set1,41,1634.468,1645.626,1634.968,1645.126
【LIVE】𝗙𝗨𝗟𝗟 𝗠𝗔𝗧𝗖𝗛｜TPVL  2025-26 例行賽 G29 11⧸23 15_00 臺北伊斯特 vs 台中連莊_set1,42,1751.118,1762.576,1751.618,1762.076
【LIVE】𝗙𝗨𝗟𝗟 𝗠𝗔𝗧𝗖𝗛｜TPVL  2025-26 例行賽 G29 11⧸23 15_00 臺北伊斯特 vs 台中連莊_set1,43,1782.449,1790.12,1782.949,1789.62
【LIVE】𝗙𝗨𝗟𝗟 𝗠𝗔𝗧𝗖𝗛｜TPVL  2025-26 例行賽 G29 11⧸23 15_00 臺北伊斯特 vs 台中連莊_set1,44,1814.948,1819.149,1815.448,1818.649
【LIVE】𝗙𝗨𝗟𝗟 𝗠𝗔𝗧𝗖𝗛｜TPVL  2025-26 例行賽 G29 11⧸23 15_00 臺北伊斯特 vs 台中連莊_set1,45,1837.187,1851.064,1837.687,1850.564
【LIVE】𝗙𝗨𝗟𝗟 𝗠𝗔𝗧𝗖𝗛｜TPVL  2025-26 例行賽 G29 11⧸23 15_00 臺北伊斯特 vs 台中連莊_set1,46,1917.884,1925.606,1918.384,1925.106
【LIVE】𝗙𝗨𝗟𝗟 𝗠𝗔𝗧𝗖𝗛｜TPVL  2025-26 例行賽 G30 11⧸23 18_30 桃園雲豹飛將 vs 台鋼天鷹_set1,1,0.502,6.989,1.002,6.489
【LIVE】𝗙𝗨𝗟𝗟 𝗠𝗔𝗧𝗖𝗛｜TPVL  2025-26 例行賽 G30 11⧸23 18_30 桃園雲豹飛將 vs 台鋼天鷹_set1,2,25.227,41.44,25.727,40.94
【LIVE】𝗙𝗨𝗟𝗟 𝗠𝗔𝗧𝗖𝗛｜TPVL  2025-26 例行賽 G30 11⧸23 18_30 桃園雲豹飛將 vs 台鋼天鷹_set1,3,58.76,62.728,59.26,62.228
【LIVE】𝗙𝗨𝗟𝗟 𝗠𝗔𝗧𝗖𝗛｜TPVL  2025-26 例行賽 G30 11⧸23 18_30 桃園雲豹飛將 vs 台鋼天鷹_set1,4,176.745,187.786,177.245,187.286
【LIVE】𝗙𝗨𝗟𝗟 𝗠𝗔𝗧𝗖𝗛｜TPVL  2025-26 例行賽 G30 11⧸23 18_30 桃園雲豹飛將 vs 台鋼天鷹_set1,5,204.89,209.141,205.39,208.641
【LIVE】𝗙𝗨𝗟𝗟 𝗠𝗔𝗧𝗖𝗛｜TPVL  2025-26 例行賽 G30 11⧸23 18_30 桃園雲豹飛將 vs 台鋼天鷹_set1,6,225.961,237.319,226.461,236.819
【LIVE】𝗙𝗨𝗟𝗟 𝗠𝗔𝗧𝗖𝗛｜TPVL  2025-26 例行賽 G30 11⧸23 18_30 桃園雲豹飛將 vs 台鋼天鷹_set1,7,264.232,278.043,264.732,277.543
【LIVE】𝗙𝗨𝗟𝗟 𝗠𝗔𝗧𝗖𝗛｜TPVL  2025-26 例行賽 G30 11⧸23 18_30 桃園雲豹飛將 vs 台鋼天鷹_set1,8,295.83,303.035,296.33,302.535
【LIVE】𝗙𝗨𝗟𝗟 𝗠𝗔𝗧𝗖𝗛｜TPVL  2025-26 例行賽 G30 11⧸23 18_30 桃園雲豹飛將 vs 台鋼天鷹_set1,9,328.963,342.407,329.463,341.907
【LIVE】𝗙𝗨𝗟𝗟 𝗠𝗔𝗧𝗖𝗛｜TPVL  2025-26 例行賽 G30 11⧸23 18_30 桃園雲豹飛將 vs 台鋼天鷹_set1,10,453.688,457.973,454.188,457.473
【LIVE】𝗙𝗨𝗟𝗟 𝗠𝗔𝗧𝗖𝗛｜TPVL  2025-26 例行賽 G30 11⧸23 18_30 桃園雲豹飛將 vs 台鋼天鷹_set1,11,474.375,498.83,474.875,498.33
【LIVE】𝗙𝗨𝗟𝗟 𝗠𝗔𝗧𝗖𝗛｜TPVL  2025-26 例行賽 G30 11⧸23 18_30 桃園雲豹飛將 vs 台鋼天鷹_set1,12,517.685,531.496,518.135,530.996
【LIVE】𝗙𝗨𝗟𝗟 𝗠𝗔𝗧𝗖𝗛｜TPVL  2025-26 例行賽 G30 11⧸23 18_30 桃園雲豹飛將 vs 台鋼天鷹_set1,13,551.019,559.241,551.502,558.741
【LIVE】𝗙𝗨𝗟𝗟 𝗠𝗔𝗧𝗖𝗛｜TPVL  2025-26 例行賽 G30 11⧸23 18_30 桃園雲豹飛將 vs 台鋼天鷹_set1,14,628.212,635.7,628.712,635.2
【LIVE】𝗙𝗨𝗟𝗟 𝗠𝗔𝗧𝗖𝗛｜TPVL  2025-26 例行賽 G30 11⧸23 18_30 桃園雲豹飛將 vs 台鋼天鷹_set1,15,655.123,667.799,655.623,667.299
【LIVE】𝗙𝗨𝗟𝗟 𝗠𝗔𝗧𝗖𝗛｜TPVL  2025-26 例行賽 G30 11⧸23 18_30 桃園雲豹飛將 vs 台鋼天鷹_set1,16,687.955,695.727,688.455,695.227
【LIVE】𝗙𝗨𝗟𝗟 𝗠𝗔𝗧𝗖𝗛｜TPVL  2025-26 例行賽 G30 11⧸23 18_30 桃園雲豹飛將 vs 台鋼天鷹_set1,17,719.187,723.054,719.687,722.554
【LIVE】𝗙𝗨𝗟𝗟 𝗠𝗔𝗧𝗖𝗛｜TPVL  2025-26 例行賽 G30 11⧸23 18_30 桃園雲豹飛將 vs 台鋼天鷹_set1,18,748.149,754.419,748.649,753.919
【LIVE】𝗙𝗨𝗟𝗟 𝗠𝗔𝗧𝗖𝗛｜TPVL  2025-26 例行賽 G30 11⧸23 18_30 桃園雲豹飛將 vs 台鋼天鷹_set1,19,772.573,776.458,773.073,775.958
【LIVE】𝗙𝗨𝗟𝗟 𝗠𝗔𝗧𝗖𝗛｜TPVL  2025-26 例行賽 G30 11⧸23 18_30 桃園雲豹飛將 vs 台鋼天鷹_set1,20,794.762,809.591,795.262,809.091
【LIVE】𝗙𝗨𝗟𝗟 𝗠𝗔𝗧𝗖𝗛｜TPVL  2025-26 例行賽 G30 11⧸23 18_30 桃園雲豹飛將 vs 台鋼天鷹_set1,21,826.894,834.566,827.394,834.066
【LIVE】𝗙𝗨𝗟𝗟 𝗠𝗔𝗧𝗖𝗛｜TPVL  2025-26 例行賽 G30 11⧸23 18_30 桃園雲豹飛將 vs 台鋼天鷹_set1,22,857.491,877.809,857.991,877.309
【LIVE】𝗙𝗨𝗟𝗟 𝗠𝗔𝗧𝗖𝗛｜TPVL  2025-26 例行賽 G30 11⧸23 18_30 桃園雲豹飛將 vs 台鋼天鷹_set1,23,904.972,908.506,905.472,908.006
【LIVE】𝗙𝗨𝗟𝗟 𝗠𝗔𝗧𝗖𝗛｜TPVL  2025-26 例行賽 G30 11⧸23 18_30 桃園雲豹飛將 vs 台鋼天鷹_set1,24,924.959,936.484,925.459,935.984
【LIVE】𝗙𝗨𝗟𝗟 𝗠𝗔𝗧𝗖𝗛｜TPVL  2025-26 例行賽 G30 11⧸23 18_30 桃園雲豹飛將 vs 台鋼天鷹_set1,25,959.927,963.895,960.427,963.395
【LIVE】𝗙𝗨𝗟𝗟 𝗠𝗔𝗧𝗖𝗛｜TPVL  2025-26 例行賽 G30 11⧸23 18_30 桃園雲豹飛將 vs 台鋼天鷹_set1,26,981.682,999.397,982.182,998.897
【LIVE】𝗙𝗨𝗟𝗟 𝗠𝗔𝗧𝗖𝗛｜TPVL  2025-26 例行賽 G30 11⧸23 18_30 桃園雲豹飛將 vs 台鋼天鷹_set1,27,1029.497,1033.598,1029.997,1033.098
【LIVE】𝗙𝗨𝗟𝗟 𝗠𝗔𝗧𝗖𝗛｜TPVL  2025-26 例行賽 G30 11⧸23 18_30 桃園雲豹飛將 vs 台鋼天鷹_set1,28,1051.268,1069.667,1051.768,1069.167
【LIVE】𝗙𝗨𝗟𝗟 𝗠𝗔𝗧𝗖𝗛｜TPVL  2025-26 例行賽 G30 11⧸23 18_30 桃園雲豹飛將 vs 台鋼天鷹_set1,29,1089.89,1096.911,1090.39,1096.411
【LIVE】𝗙𝗨𝗟𝗟 𝗠𝗔𝗧𝗖𝗛｜TPVL  2025-26 例行賽 G30 11⧸23 18_30 桃園雲豹飛將 vs 台鋼天鷹_set1,30,1122.156,1130.194,1122.656,1129.694
【LIVE】𝗙𝗨𝗟𝗟 𝗠𝗔𝗧𝗖𝗛｜TPVL  2025-26 例行賽 G30 11⧸23 18_30 桃園雲豹飛將 vs 台鋼天鷹_set1,31,1155.156,1159.524,1155.656,1159.024
【LIVE】𝗙𝗨𝗟𝗟 𝗠𝗔𝗧𝗖𝗛｜TPVL  2025-26 例行賽 G30 11⧸23 18_30 桃園雲豹飛將 vs 台鋼天鷹_set1,32,1231.565,1238.736,1232.065,1238.236
【LIVE】𝗙𝗨𝗟𝗟 𝗠𝗔𝗧𝗖𝗛｜TPVL  2025-26 例行賽 G30 11⧸23 18_30 桃園雲豹飛將 vs 台鋼天鷹_set1,33,1258.826,1263.227,1259.326,1262.727
【LIVE】𝗙𝗨𝗟𝗟 𝗠𝗔𝗧𝗖𝗛｜TPVL  2025-26 例行賽 G30 11⧸23 18_30 桃園雲豹飛將 vs 台鋼天鷹_set1,34,1285.285,1293.324,1285.785,1292.824
【LIVE】𝗙𝗨𝗟𝗟 𝗠𝗔𝗧𝗖𝗛｜TPVL  2025-26 例行賽 G30 11⧸23 18_30 桃園雲豹飛將 vs 台鋼天鷹_set1,35,1314.148,1320.384,1314.648,1319.884
【LIVE】𝗙𝗨𝗟𝗟 𝗠𝗔𝗧𝗖𝗛｜TPVL  2025-26 例行賽 G30 11⧸23 18_30 桃園雲豹飛將 vs 台鋼天鷹_set1,36,1488.622,1496.494,1489.122,1495.994
【LIVE】𝗙𝗨𝗟𝗟 𝗠𝗔𝗧𝗖𝗛｜TPVL  2025-26 例行賽 G30 11⧸23 18_30 桃園雲豹飛將 vs 台鋼天鷹_set1,37,1517.05,1524.188,1517.55,1523.688
【LIVE】𝗙𝗨𝗟𝗟 𝗠𝗔𝗧𝗖𝗛｜TPVL  2025-26 例行賽 G30 11⧸23 18_30 桃園雲豹飛將 vs 台鋼天鷹_set1,38,1552.085,1566.38,1552.585,1565.88
【LIVE】𝗙𝗨𝗟𝗟 𝗠𝗔𝗧𝗖𝗛｜TPVL  2025-26 例行賽 G30 11⧸23 18_30 桃園雲豹飛將 vs 台鋼天鷹_set1,39,1613.113,1627.791,1613.613,1627.291
【LIVE】𝗙𝗨𝗟𝗟 𝗠𝗔𝗧𝗖𝗛｜TPVL  2025-26 例行賽 G30 11⧸23 18_30 桃園雲豹飛將 vs 台鋼天鷹_set1,40,1647.914,1654.935,1648.414,1654.435
【LIVE】𝗙𝗨𝗟𝗟 𝗠𝗔𝗧𝗖𝗛｜TPVL  2025-26 例行賽 G30 11⧸23 18_30 桃園雲豹飛將 vs 台鋼天鷹_set1,41,1677.11,1684.198,1677.61,1683.698
【LIVE】𝗙𝗨𝗟𝗟 𝗠𝗔𝗧𝗖𝗛｜TPVL  2025-26 例行賽 G30 11⧸23 18_30 桃園雲豹飛將 vs 台鋼天鷹_set1,42,1706.039,1714.094,1706.522,1713.594
【LIVE】𝗙𝗨𝗟𝗟 𝗠𝗔𝗧𝗖𝗛｜TPVL  2025-26 例行賽 G30 11⧸23 18_30 桃園雲豹飛將 vs 台鋼天鷹_set1,43,1824.441,1831.778,1824.941,1831.278
【LIVE】𝗙𝗨𝗟𝗟 𝗠𝗔𝗧𝗖𝗛｜TPVL  2025-26 例行賽 G30 11⧸23 18_30 桃園雲豹飛將 vs 台鋼天鷹_set1,44,1857.057,1862.426,1857.557,1863.027
【LIVE】𝗙𝗨𝗟𝗟 𝗠𝗔𝗧𝗖𝗛｜TPVL  2025-26 例行賽 G30 11⧸23 18_30 桃園雲豹飛將 vs 台鋼天鷹_set1,45,1884.684,1902.549,1885.184,1902.049
【LIVE】𝗙𝗨𝗟𝗟 𝗠𝗔𝗧𝗖𝗛｜TPVL  2025-26 例行賽 G30 11⧸23 18_30 桃園雲豹飛將 vs 台鋼天鷹_set1,46,1975.875,1981.611,1976.375,1981.111
【LIVE】𝗙𝗨𝗟𝗟 𝗠𝗔𝗧𝗖𝗛｜TPVL  2025-26 例行賽 G30 11⧸23 18_30 桃園雲豹飛將 vs 台鋼天鷹_set1,47,2081.581,2097.41,2082.081,2096.91
【LIVE】𝗙𝗨𝗟𝗟 𝗠𝗔𝗧𝗖𝗛｜TPVL  2025-26 例行賽 G30 11⧸23 18_30 桃園雲豹飛將 vs 台鋼天鷹_set1,48,2140.406,2168.932,2140.906,2168.432
【LIVE】𝗙𝗨𝗟𝗟 𝗠𝗔𝗧𝗖𝗛｜TPVL  2025-26 例行賽 G6 10⧸5 18_30 臺中連莊 vs 台鋼天鷹_set1,1,32.15,38.57,32.65,38.07
【LIVE】𝗙𝗨𝗟𝗟 𝗠𝗔𝗧𝗖𝗛｜TPVL  2025-26 例行賽 G6 10⧸5 18_30 臺中連莊 vs 台鋼天鷹_set1,2,60.996,67.449,61.496,66.949
【LIVE】𝗙𝗨𝗟𝗟 𝗠𝗔𝗧𝗖𝗛｜TPVL  2025-26 例行賽 G6 10⧸5 18_30 臺中連莊 vs 台鋼天鷹_set1,3,86.688,90.522,87.188,90.022
【LIVE】𝗙𝗨𝗟𝗟 𝗠𝗔𝗧𝗖𝗛｜TPVL  2025-26 例行賽 G6 10⧸5 18_30 臺中連莊 vs 台鋼天鷹_set1,4,107.058,117.749,107.558,117.249
【LIVE】𝗙𝗨𝗟𝗟 𝗠𝗔𝗧𝗖𝗛｜TPVL  2025-26 例行賽 G6 10⧸5 18_30 臺中連莊 vs 台鋼天鷹_set1,5,142.41,148.68,142.91,148.18
【LIVE】𝗙𝗨𝗟𝗟 𝗠𝗔𝗧𝗖𝗛｜TPVL  2025-26 例行賽 G6 10⧸5 18_30 臺中連莊 vs 台鋼天鷹_set1,6,171.99,183.465,172.49,183.465
【LIVE】𝗙𝗨𝗟𝗟 𝗠𝗔𝗧𝗖𝗛｜TPVL  2025-26 例行賽 G6 10⧸5 18_30 臺中連莊 vs 台鋼天鷹_set1,7,209.144,219.401,209.644,218.901
【LIVE】𝗙𝗨𝗟𝗟 𝗠𝗔𝗧𝗖𝗛｜TPVL  2025-26 例行賽 G6 10⧸5 18_30 臺中連莊 vs 台鋼天鷹_set1,8,241.276,248.33,241.776,247.83
【LIVE】𝗙𝗨𝗟𝗟 𝗠𝗔𝗧𝗖𝗛｜TPVL  2025-26 例行賽 G6 10⧸5 18_30 臺中連莊 vs 台鋼天鷹_set1,9,268.47,280.912,268.97,280.412
【LIVE】𝗙𝗨𝗟𝗟 𝗠𝗔𝗧𝗖𝗛｜TPVL  2025-26 例行賽 G6 10⧸5 18_30 臺中連莊 vs 台鋼天鷹_set1,10,302.237,312.277,302.737,311.777
【LIVE】𝗙𝗨𝗟𝗟 𝗠𝗔𝗧𝗖𝗛｜TPVL  2025-26 例行賽 G6 10⧸5 18_30 臺中連莊 vs 台鋼天鷹_set1,11,334.369,341.74,334.869,341.24
【LIVE】𝗙𝗨𝗟𝗟 𝗠𝗔𝗧𝗖𝗛｜TPVL  2025-26 例行賽 G6 10⧸5 18_30 臺中連莊 vs 台鋼天鷹_set1,12,361.946,370.385,362.446,369.885
【LIVE】𝗙𝗨𝗟𝗟 𝗠𝗔𝗧𝗖𝗛｜TPVL  2025-26 例行賽 G6 10⧸5 18_30 臺中連莊 vs 台鋼天鷹_set1,13,389.524,397.562,390.024,397.062
【LIVE】𝗙𝗨𝗟𝗟 𝗠𝗔𝗧𝗖𝗛｜TPVL  2025-26 例行賽 G6 10⧸5 18_30 臺中連莊 vs 台鋼天鷹_set1,14,416.818,425.24,417.318,424.74
【LIVE】𝗙𝗨𝗟𝗟 𝗠𝗔𝗧𝗖𝗛｜TPVL  2025-26 例行賽 G6 10⧸5 18_30 臺中連莊 vs 台鋼天鷹_set1,15,442.177,448.914,442.693,448.414
【LIVE】𝗙𝗨𝗟𝗟 𝗠𝗔𝗧𝗖𝗛｜TPVL  2025-26 例行賽 G6 10⧸5 18_30 臺中連莊 vs 台鋼天鷹_set1,16,473.208,477.042,473.708,476.542
【LIVE】𝗙𝗨𝗟𝗟 𝗠𝗔𝗧𝗖𝗛｜TPVL  2025-26 例行賽 G6 10⧸5 18_30 臺中連莊 vs 台鋼天鷹_set1,17,499.267,503.301,499.767,502.801
【LIVE】𝗙𝗨𝗟𝗟 𝗠𝗔𝗧𝗖𝗛｜TPVL  2025-26 例行賽 G6 10⧸5 18_30 臺中連莊 vs 台鋼天鷹_set1,18,520.989,527.943,521.489,527.443
【LIVE】𝗙𝗨𝗟𝗟 𝗠𝗔𝗧𝗖𝗛｜TPVL  2025-26 例行賽 G6 10⧸5 18_30 臺中連莊 vs 台鋼天鷹_set1,19,547.966,554.135,548.466,553.635
【LIVE】𝗙𝗨𝗟𝗟 𝗠𝗔𝗧𝗖𝗛｜TPVL  2025-26 例行賽 G6 10⧸5 18_30 臺中連莊 vs 台鋼天鷹_set1,20,574.642,581.346,575.142,580.846
【LIVE】𝗙𝗨𝗟𝗟 𝗠𝗔𝗧𝗖𝗛｜TPVL  2025-26 例行賽 G6 10⧸5 18_30 臺中連莊 vs 台鋼天鷹_set1,21,602.92,606.921,603.42,606.421
【LIVE】𝗙𝗨𝗟𝗟 𝗠𝗔𝗧𝗖𝗛｜TPVL  2025-26 例行賽 G6 10⧸5 18_30 臺中連莊 vs 台鋼天鷹_set1,22,628.296,642.774,628.796,642.274
【LIVE】𝗙𝗨𝗟𝗟 𝗠𝗔𝗧𝗖𝗛｜TPVL  2025-26 例行賽 G6 10⧸5 18_30 臺中連莊 vs 台鋼天鷹_set1,23,681.449,685.283,681.949,684.783
【LIVE】𝗙𝗨𝗟𝗟 𝗠𝗔𝗧𝗖𝗛｜TPVL  2025-26 例行賽 G6 10⧸5 18_30 臺中連莊 vs 台鋼天鷹_set1,24,704.856,711.693,705.356,711.193
【LIVE】𝗙𝗨𝗟𝗟 𝗠𝗔𝗧𝗖𝗛｜TPVL  2025-26 例行賽 G6 10⧸5 18_30 臺中連莊 vs 台鋼天鷹_set1,25,732.483,739.0,732.983,737.619
【LIVE】𝗙𝗨𝗟𝗟 𝗠𝗔𝗧𝗖𝗛｜TPVL  2025-26 例行賽 G6 10⧸5 18_30 臺中連莊 vs 台鋼天鷹_set1,26,761.229,767.449,761.729,766.949
【LIVE】𝗙𝗨𝗟𝗟 𝗠𝗔𝗧𝗖𝗛｜TPVL  2025-26 例行賽 G6 10⧸5 18_30 臺中連莊 vs 台鋼天鷹_set1,27,787.155,798.096,787.655,797.346
【LIVE】𝗙𝗨𝗟𝗟 𝗠𝗔𝗧𝗖𝗛｜TPVL  2025-26 例行賽 G6 10⧸5 18_30 臺中連莊 vs 台鋼天鷹_set1,28,868.302,879.794,868.802,879.294
【LIVE】𝗙𝗨𝗟𝗟 𝗠𝗔𝗧𝗖𝗛｜TPVL  2025-26 例行賽 G6 10⧸5 18_30 臺中連莊 vs 台鋼天鷹_set1,29,904.672,916.631,905.172,916.131
【LIVE】𝗙𝗨𝗟𝗟 𝗠𝗔𝗧𝗖𝗛｜TPVL  2025-26 例行賽 G6 10⧸5 18_30 臺中連莊 vs 台鋼天鷹_set1,30,941.309,953.368,941.809,952.868
【LIVE】𝗙𝗨𝗟𝗟 𝗠𝗔𝗧𝗖𝗛｜TPVL  2025-26 例行賽 G6 10⧸5 18_30 臺中連莊 vs 台鋼天鷹_set1,31,980.431,987.735,980.931,987.235
【LIVE】𝗙𝗨𝗟𝗟 𝗠𝗔𝗧𝗖𝗛｜TPVL  2025-26 例行賽 G6 10⧸5 18_30 臺中連莊 vs 台鋼天鷹_set1,32,1011.178,1022.203,1011.678,1021.703
【LIVE】𝗙𝗨𝗟𝗟 𝗠𝗔𝗧𝗖𝗛｜TPVL  2025-26 例行賽 G6 10⧸5 18_30 臺中連莊 vs 台鋼天鷹_set1,33,1045.629,1049.797,1046.129,1049.297
【LIVE】𝗙𝗨𝗟𝗟 𝗠𝗔𝗧𝗖𝗛｜TPVL  2025-26 例行賽 G6 10⧸5 18_30 臺中連莊 vs 台鋼天鷹_set1,34,1069.186,1073.271,1069.686,1072.771
【LIVE】𝗙𝗨𝗟𝗟 𝗠𝗔𝗧𝗖𝗛｜TPVL  2025-26 例行賽 G6 10⧸5 18_30 臺中連莊 vs 台鋼天鷹_set1,35,1110.861,1117.899,1111.361,1117.399
【LIVE】𝗙𝗨𝗟𝗟 𝗠𝗔𝗧𝗖𝗛｜TPVL  2025-26 例行賽 G6 10⧸5 18_30 臺中連莊 vs 台鋼天鷹_set1,36,1136.704,1143.274,1137.204,1142.774
【LIVE】𝗙𝗨𝗟𝗟 𝗠𝗔𝗧𝗖𝗛｜TPVL  2025-26 例行賽 G6 10⧸5 18_30 臺中連莊 vs 台鋼天鷹_set1,37,1160.01,1168.516,1160.51,1168.016
【LIVE】𝗙𝗨𝗟𝗟 𝗠𝗔𝗧𝗖𝗛｜TPVL  2025-26 例行賽 G6 10⧸5 18_30 臺中連莊 vs 台鋼天鷹_set1,38,1190.774,1198.296,1191.274,1197.796
【LIVE】𝗙𝗨𝗟𝗟 𝗠𝗔𝗧𝗖𝗛｜TPVL  2025-26 例行賽 G6 10⧸5 18_30 臺中連莊 vs 台鋼天鷹_set1,39,1221.589,1225.389,1222.089,1224.889
【LIVE】𝗙𝗨𝗟𝗟 𝗠𝗔𝗧𝗖𝗛｜TPVL  2025-26 例行賽 G6 10⧸5 18_30 臺中連莊 vs 台鋼天鷹_set1,40,1245.579,1254.368,1246.079,1253.868
【LIVE】𝗙𝗨𝗟𝗟 𝗠𝗔𝗧𝗖𝗛｜TPVL  2025-26 例行賽 G6 10⧸5 18_30 臺中連莊 vs 台鋼天鷹_set1,41,1281.515,1305.353,1282.015,1304.853
【LIVE】𝗙𝗨𝗟𝗟 𝗠𝗔𝗧𝗖𝗛｜TPVL  2025-26 例行賽 G6 10⧸5 18_30 臺中連莊 vs 台鋼天鷹_set1,42,1328.379,1348.079,1328.879,1347.579
【LIVE】𝗙𝗨𝗟𝗟 𝗠𝗔𝗧𝗖𝗛｜TPVL  2025-26 例行賽 G6 10⧸5 18_30 臺中連莊 vs 台鋼天鷹_set1,43,1410.511,1451.048,1411.011,1450.548
【LIVE】𝗙𝗨𝗟𝗟 𝗠𝗔𝗧𝗖𝗛｜TPVL  2025-26 例行賽 G6 10⧸5 18_30 臺中連莊 vs 台鋼天鷹_set1,44,1487.321,1494.492,1487.821,1493.992
【LIVE】𝗙𝗨𝗟𝗟 𝗠𝗔𝗧𝗖𝗛｜TPVL  2025-26 例行賽 G6 10⧸5 18_30 臺中連莊 vs 台鋼天鷹_set1,45,1517.234,1531.996,1517.734,1531.496
【LIVE】𝗙𝗨𝗟𝗟 𝗠𝗔𝗧𝗖𝗛｜TPVL  2025-26 例行賽 G6 10⧸5 18_30 臺中連莊 vs 台鋼天鷹_set1,46,1616.333,1629.994,1616.833,1629.494
【LIVE】𝗙𝗨𝗟𝗟 𝗠𝗔𝗧𝗖𝗛｜TPVL  2025-26 例行賽 G6 10⧸5 18_30 臺中連莊 vs 台鋼天鷹_set1,47,1705.839,1710.174,1706.339,1709.674
【LIVE】𝗙𝗨𝗟𝗟 𝗠𝗔𝗧𝗖𝗛｜TPVL  2025-26 例行賽 G6 10⧸5 18_30 臺中連莊 vs 台鋼天鷹_set1,48,1730.397,1737.151,1730.897,1736.651
【LIVE】𝗙𝗨𝗟𝗟 𝗠𝗔𝗧𝗖𝗛｜TPVL  2025-26 例行賽 G6 10⧸5 18_30 臺中連莊 vs 台鋼天鷹_set1,49,1761.678,1768.165,1762.178,1767.665
【LIVE】𝗙𝗨𝗟𝗟 𝗠𝗔𝗧𝗖𝗛｜TPVL  2025-26 例行賽 G6 10⧸5 18_30 臺中連莊 vs 台鋼天鷹_set1,50,1878.845,1885.515,1879.345,1885.015
【LIVE】𝗙𝗨𝗟𝗟 𝗠𝗔𝗧𝗖𝗛｜TPVL  2025-26 例行賽 G6 10⧸5 18_30 臺中連莊 vs 台鋼天鷹_set1,51,1923.373,1927.858,1923.873,1927.358
【LIVE】𝗙𝗨𝗟𝗟 𝗠𝗔𝗧𝗖𝗛｜TPVL  2025-26 例行賽 G6 10⧸5 18_30 臺中連莊 vs 台鋼天鷹_set1,52,1949.282,1957.938,1949.782,1957.438
